ra;dec;mag;label
101.2872;-16.7161;-1.44;Sirius
95.988;-52.6957;-0.62;Canopus
213.9153;19.1824;-0.05;Arcturus
219.9021;-60.834;-0.01;Rigil Kentaurus
279.2347;38.7837;0.03;Vega
79.1723;45.998;0.08;Capella
78.6345;-8.2016;0.18;Rigel
114.8255;5.225;0.4;Procyon
24.4285;-57.2368;0.45;Achernar
88.7929;7.4071;0.45;Betelgeuse
210.9559;-60.373;0.61;Hadar
297.6958;8.8683;0.76;Altair
186.6496;-63.0991;0.77;Acrux
68.9802;16.5093;0.87;Aldebaran
201.2982;-11.1613;0.98;Spica
247.3519;-26.432;1.06;Antares
116.329;28.0262;1.16;Pollux
344.4127;-29.6222;1.17;Fomalhaut
191.9303;-59.6888;1.25;Mimosa
310.358;45.2803;1.25;Deneb
219.8962;-60.8372;1.35;Toliman
152.093;11.9672;1.36;Regulus
104.6565;-28.9721;1.5;Adhara
113.6494;31.8883;1.58;Castor
187.7915;-57.1132;1.59;Gacrux
263.4022;-37.1038;1.62;Shaula
81.2828;6.3497;1.64;Bellatrix
81.573;28.6075;1.65;Elnath
138.2999;-69.7172;1.67;Miaplacidus
84.0534;-1.2019;1.69;Alnilam
332.0583;-46.961;1.73;Alnair
85.1897;-1.9426;1.74;Alnitak
122.3831;-47.3366;1.75;Regor
193.5073;55.9598;1.76;Alioth
51.0807;49.8612;1.79;Mirfak
276.043;-34.3846;1.79;Kaus Australis
165.932;61.751;1.81;Dubhe
107.0979;-26.3932;1.83;Wezen
206.8852;49.3133;1.85;Alkaid
125.6285;-59.5095;1.86;Avior
264.3297;-42.9978;1.86;Sargas
89.8822;44.9474;1.9;Menkalinan
252.1662;-69.0277;1.91;Atria
99.4279;16.3993;1.93;Alhena
131.1759;-54.7088;1.93;Alsephina
306.4119;-56.7351;1.94;Peacock
37.9545;89.2641;1.97;Polaris
95.6749;-17.9559;1.98;Mirzam
141.8968;-8.6586;1.99;Alphard
31.7934;23.4624;2.01;Hamal
154.9931;19.8415;2.01;Algieba
10.8974;-17.9866;2.04;Diphda
283.8164;-26.2967;2.05;Nunki
211.6706;-36.37;2.06;Menkent
2.0969;29.0904;2.07;Alpheratz
17.433;35.6206;2.07;Mirach
86.9391;-9.6696;2.07;Saiph
222.6764;74.1555;2.07;Kochab
340.6669;-46.8846;2.07;Tiaki
263.7336;12.56;2.08;Rasalhague
47.0422;40.9556;2.09;Algol
30.9748;42.3297;2.1;Almach
177.2649;14.5721;2.14;Denebola
14.1772;60.7167;2.15;Navi
190.3793;-48.9599;2.2;Muhlifain
120.896;-40.0031;2.21;Naos
139.2725;-59.2752;2.21;Aspidiske
233.672;26.7147;2.22;Alphecca
136.999;-43.4326;2.23;Suhail
200.9814;54.9254;2.23;Mizar
305.5571;40.2567;2.23;Sadr
10.1268;56.5373;2.24;Shedar
269.1515;51.4889;2.24;Eltanin
83.0017;-0.2991;2.25;Mintaka
2.2945;59.1498;2.28;Caph
204.9719;-53.4664;2.29;ε Cen
240.0834;-22.6217;2.29;Dschubba
252.5409;-34.2932;2.29;Larawag
220.4823;-47.3882;2.3;Men
218.8768;-42.1578;2.33;η Cen
165.4603;56.3824;2.34;Merak
221.2467;27.0742;2.35;Izar
326.0465;9.875;2.38;Enif
265.622;-39.03;2.39;Mula
6.571;-42.306;2.4;Ankaa
178.4577;53.6948;2.41;Phecda
257.5945;-15.7249;2.43;Sabik
345.9436;28.0828;2.44;Scheat
111.0238;-29.3031;2.45;Aludra
319.6449;62.5856;2.45;Alderamin
140.5284;-55.0107;2.47;Markeb
311.5528;33.9703;2.48;Aljanah
346.1902;15.2053;2.49;Markab
45.5699;4.0897;2.54;Menkar
249.2897;-10.5671;2.54;Saik
208.8849;-47.2884;2.55;Alnair
168.5271;20.5237;2.56;Zosma
241.3593;-19.8055;2.56;Acrab
83.1826;-17.8223;2.58;Arneb
182.0896;-50.7224;2.58;δ Cen
183.9515;-17.5419;2.58;Gienah
285.653;-29.8801;2.6;Ascella
229.2517;-9.3829;2.61;Zubeneschamali
236.067;6.4256;2.63;Unukalhai
28.66;20.808;2.64;Sheratan
84.9122;-34.0741;2.65;Phact
89.9303;37.2126;2.65;Mahasim
188.5968;-23.3968;2.65;Kraz
21.454;60.2353;2.66;Ruchbah
208.6712;18.3977;2.68;Muphrid
224.633;-43.134;2.68;KeKouan
74.2484;33.1661;2.69;Hassaleh
161.6924;-49.4203;2.69;μ Vel
189.2959;-69.1356;2.69;α Mus
262.691;-37.2958;2.7;Lesath
109.2857;-37.0975;2.71;π Pup
275.2485;-29.8281;2.72;Kaus Media
296.5649;10.6133;2.72;Tarazed
243.5864;-3.6943;2.73;Yed Prior
245.9979;61.5142;2.73;Athebyne
160.7392;-64.3945;2.74;θ Car
190.4152;-1.4494;2.74;Porrima
83.8583;-5.9099;2.75;Hatysa
200.1492;-36.7123;2.75;ι Cen
222.7196;-16.0418;2.75;Zubenelgenubi
265.8681;4.5673;2.76;Cebalrai
76.9624;-5.0864;2.78;Cursa
247.555;21.4896;2.78;Kornephoros
258.6619;14.3903;2.78;Rasalgethi
183.7863;-58.7489;2.79;Imai
262.6082;52.3014;2.79;Rastaban
233.7852;-41.1668;2.8;γ Lup
82.0613;-20.7594;2.81;Nihal
250.3215;31.6027;2.81;Rutilicus
6.4378;-77.2542;2.82;β Hyi
248.9706;-28.216;2.82;Paikauhale
276.9927;-25.4217;2.82;Kaus Borealis
3.309;15.1836;2.83;Algenib
121.886;-24.3043;2.83;Tureis
238.7857;-63.4307;2.83;β TrA
58.533;31.8836;2.84;Atik
261.325;-55.5299;2.84;β Ara
262.9604;-49.8761;2.84;Choo
56.8712;24.1051;2.85;Alcyone
195.5442;10.9592;2.85;Vindemiatrix
326.7602;-16.1273;2.85;Deneb Algedi
29.6925;-61.5699;2.86;α Hyi
296.2437;45.1308;2.86;Fawaris
95.7401;22.5136;2.87;Tejat
229.7274;-68.6795;2.87;γ TrA
334.6254;-60.2596;2.87;α Tuc
44.5653;-40.3047;2.88;Acamar
287.441;-21.0236;2.88;Albaldah
111.7877;8.2893;2.89;Gomeisa
194.0069;38.3184;2.89;Cor Caroli
239.713;-26.1141;2.89;Fang
59.4635;40.0102;2.9;ε Per
245.2972;-25.5928;2.9;Alniyat
322.8897;-5.5712;2.9;Sadalsuud
46.1991;53.5064;2.91;γ Per
146.7755;-65.072;2.92;υ Car
340.7506;30.2212;2.93;Matar
102.484;-50.6146;2.94;τ Pup
187.4661;-16.5154;2.94;Algorab
331.446;-0.3199;2.95;Sadalmelik
59.5074;-13.5085;2.97;Zaurak
84.4112;21.1425;2.97;Tianguan
146.4628;23.7743;2.97;Algenubi
271.452;-30.4241;2.98;Alnasl
199.7304;-23.1715;2.99;γ Hya
266.8962;-40.127;2.99;Girtab
286.3525;13.8635;2.99;Okab
32.3859;34.9873;3;Mizan
167.4159;44.4985;3;ψ UMa
230.1821;71.834;3;Pherkad
252.9676;-38.0474;3;Xamidimura
328.4822;-37.3649;3;Aldhanab
55.7313;47.7876;3.01;δ Per
95.0783;-30.0634;3.02;Furud
105.7561;-23.8333;3.02;Al Zara
182.5312;-22.6198;3.02;Minkar
75.4922;43.8233;3.03;Almaaz
191.57;-68.1081;3.04;β Mus
218.0195;38.3083;3.04;Seginus
292.6803;27.9597;3.05;Albireo
305.2528;-14.7814;3.05;Dabih
100.983;25.1311;3.06;Mebsuta
155.5823;41.4995;3.06;Tania Australis
288.1388;67.6615;3.07;Altais
274.4068;-36.7617;3.1;Hamalwarid
133.8484;5.9456;3.11;ζ Hya
162.4062;-16.1936;3.11;ν Hya
173.9454;-63.0198;3.11;λ Cen
309.3918;-47.2915;3.11;Persian
87.74;-35.7683;3.12;Wazn
134.8019;48.0418;3.12;Talitha
254.655;-55.9901;3.12;ζ Ara
258.758;24.8392;3.12;Sarin
224.7904;-42.1042;3.13;Ke Kwan
140.2638;34.3926;3.14;α Lyn
142.8055;-57.0344;3.16;N Vel
258.7618;36.8092;3.16;π Her
99.4403;-43.1959;3.17;ν Pup
143.2143;51.6773;3.17;θ UMa
257.1966;65.7147;3.17;Aldhibah
281.4141;-26.9908;3.17;Namalsadirah
76.6287;41.2345;3.18;Haedus
220.6267;-64.9751;3.18;α Cir
72.46;6.9613;3.19;Tabit
76.3653;-22.371;3.19;ε Lep
254.4171;9.375;3.19;κ Oph
267.4645;-37.0433;3.19;Fuyue
318.2341;30.2269;3.21;ζ Cyg
354.8369;77.6323;3.21;Errai
230.343;-40.6475;3.22;δ Lup
244.5804;-4.6925;3.23;Yed Posterior
275.3275;-2.8988;3.23;η Ser
322.165;70.5607;3.23;Alfirk
102.0477;-61.9414;3.24;α Pic
302.8262;-0.8215;3.24;θ Aql
112.3076;-43.3014;3.25;σ Pup
211.5929;-26.6824;3.25;π Hya
226.0176;-25.282;3.25;Brachium
284.7359;32.6896;3.25;Sulafat
56.8098;-74.239;3.26;γ Hyi
9.832;30.861;3.27;δ And
260.5024;-24.9995;3.27;Garafsa
343.6626;-15.8208;3.27;Skat
78.2329;-16.2055;3.29;μ Lep
153.4342;-70.0379;3.29;ω Car
231.2324;58.9661;3.29;Edasich
68.4991;-55.045;3.3;α Dor
158.0061;-61.6853;3.3;p Car
93.7194;22.5068;3.31;Propus
261.3486;-56.3777;3.31;γ Ara
16.521;-46.7184;3.32;β Phe
46.2941;38.8403;3.32;Gorgonea Tertia
183.8565;57.0326;3.32;Megrez
258.0383;-43.2392;3.32;η Sco
269.7566;-9.7736;3.32;Sinistra
286.735;-27.6704;3.32;τ Sgr
63.6062;-62.4739;3.33;α Ret
168.56;15.4296;3.33;Chertan
117.3236;-24.8598;3.34;Azmidi
28.5989;63.6701;3.35;Segin
81.1192;-2.3971;3.35;Saif al Jabbar
101.3224;12.8956;3.35;Alzirr
127.5661;60.7182;3.35;Muscida
291.3746;3.1148;3.36;Almizan
230.6703;-44.6896;3.37;ε Lup
131.6938;6.4188;3.38;Ashlesha
203.6733;-0.5958;3.38;Heze
83.7845;9.9342;3.39;Meissa
154.2707;-61.3323;3.39;q Car
193.9009;3.3975;3.39;Minelauva
332.7137;58.2013;3.39;ζ Cep
67.1656;15.8709;3.4;Chamukuy
22.0914;-43.3182;3.41;γ Phe
60.1701;12.4903;3.41;λ Tau
207.3762;-41.6877;3.41;ν Cen
228.0712;-52.0992;3.41;ζ Lup
311.3224;61.8388;3.41;Kabalfird
340.3655;10.8314;3.41;Homam
28.2704;29.5788;3.42;Mothallah
240.0305;-38.3967;3.42;η Lup
266.6147;27.7207;3.42;μ Her
311.2396;-66.2032;3.42;β Pav
137.742;-58.9669;3.43;a Car
154.1726;23.4173;3.43;Adhafera
286.5622;-4.8826;3.43;Al Thalimain Prior
154.2741;42.9144;3.45;Tania Borealis
12.2762;57.8152;3.46;Achird
17.1475;-10.1823;3.46;Dheneb
119.1946;-52.9824;3.46;χ Car
228.8757;33.3148;3.46;Thiba
40.8252;3.2358;3.47;Kaffaljidhma
207.4041;-42.4737;3.47;μ Cen
151.8331;16.7627;3.48;Al Jabhah
250.724;38.9223;3.48;η Her
26.017;-15.9375;3.49;τ Cet
105.4298;-27.9348;3.49;Unurgunite
169.6197;33.0943;3.49;Alula Borealis
225.4865;40.3906;3.49;Nekkar
276.7434;-45.9685;3.49;α Tel
342.1387;-51.3169;3.49;ε Gru
102.4602;-32.5085;3.5;κ CMa
110.0307;21.9823;3.5;Wasat
342.4201;66.2004;3.5;ι Cep
299.6893;19.4921;3.51;γ Sge
342.5008;24.6016;3.51;Sadalbari
55.8121;-9.7634;3.52;Rana
145.2876;9.8923;3.52;Subra
149.2156;-54.5678;3.52;φ Vel
282.52;33.3627;3.52;Sheliak
284.4325;-21.1067;3.52;ξ2 Sgr
332.5499;6.1979;3.52;Biham
67.1542;19.1804;3.53;Ain
124.1288;9.1855;3.53;Tarf
173.2505;-31.8576;3.54;ξ Hya
237.405;-3.4302;3.54;μ Ser
264.3967;-15.3986;3.54;ξ Ser
64.4736;-33.7983;3.55;Beemim
86.7389;-14.822;3.55;ζ Lep
214.8509;-46.0581;3.55;ι Lup
275.2641;72.7328;3.55;Alahakan
302.1817;-66.1821;3.55;δ Pav
4.857;-8.8239;3.56;Deneb Kaitos Shemali
34.1274;-51.5122;3.56;φ Eri
169.8352;-14.7785;3.56;Labr
253.0839;-38.0175;3.56;Pipirima
116.1119;24.398;3.57;κ Gem
135.9064;47.1565;3.57;Alkaphrah
217.9575;30.3714;3.57;ρ Boo
230.4515;-36.2614;3.57;φ1 Lup
109.5232;16.5404;3.58;λ Gem
304.5136;-12.5449;3.58;Algedi
24.4982;48.6282;3.59;Nembus
79.4016;-6.8444;3.59;τ Ori
86.1158;-22.4484;3.59;Kursi al Jabbar
177.6738;1.7647;3.59;Zavijava
185.34;-60.4011;3.59;Ginan
21.0059;-8.1833;3.6;Al Naymat
103.1972;33.9613;3.6;θ Gem
130.0733;-52.9219;3.6;ο Vel
142.675;-40.4668;3.6;ψ Vel
234.256;-28.1351;3.6;υ Lib
262.7746;-60.6838;3.6;δ Ara
42.496;27.2605;3.61;Bharani
51.2033;9.0289;3.61;ο Tau
152.647;-12.3541;3.61;λ Hya
195.5678;-71.5489;3.61;δ Mus
266.4333;-64.7239;3.61;η Pav
22.8709;15.3458;3.62;Alpherg
57.2906;24.0534;3.62;Atlas
116.3137;-37.9686;3.62;c Pup
253.6459;-42.3613;3.62;Grafias
345.4803;42.326;3.62;ο And
176.4017;-66.7288;3.63;λ Mus
309.3873;14.5951;3.64;Rotanev
64.9483;15.6276;3.65;Prima Hyadum
142.8821;63.0619;3.65;h UMa
236.5469;15.4218;3.65;Nasak Shamiya
271.6578;-50.0915;3.65;θ Ara
337.208;-0.02;3.65;Sadaltager
231.9572;29.1057;3.66;Nusakan
234.664;-29.7778;3.66;τ Lib
211.0973;64.3759;3.67;Thuban
313.7025;-58.4542;3.67;β Ind
72.8015;5.6051;3.68;π4 Ori
130.8981;-33.1864;3.68;α Pyx
296.8469;18.5343;3.68;δ Sge
347.3617;-21.1724;3.68;c2 Aqr
9.2429;53.8969;3.69;Fulu
28.9895;-51.6089;3.69;χ Eri
75.6195;41.0758;3.69;Saclateni
146.3117;-62.5079;3.69;l Car
176.5126;47.7794;3.69;Taiyangshou
325.0227;-16.6623;3.69;Nashira
49.8792;-21.7579;3.7;Angetenar
269.4412;29.2479;3.7;ξ Her
349.2914;3.2823;3.7;γ Psc
73.5629;2.4407;3.71;π5 Ori
89.1012;-14.1677;3.71;η Lep
118.0543;-40.5758;3.71;a Pup
237.704;4.4777;3.71;ε Ser
271.8374;9.5638;3.71;
298.8283;6.4068;3.71;Alshain
53.2327;-9.4583;3.72;Ran
56.2189;24.1133;3.72;Electra
89.8818;54.2847;3.72;δ Aur
316.2328;43.9279;3.72;ξ Cyg
51.7923;9.7327;3.73;ξ Tau
221.5622;1.8929;3.73;
268.3822;56.8726;3.73;Grumium
325.3694;-77.39;3.73;ν Oct
343.1536;-7.5796;3.73;Hydor
27.8651;-10.335;3.74;Baten Kaitos
245.4801;19.1531;3.74;γ Her
318.6979;38.0453;3.74;τ Cyg
136.0387;-47.0977;3.75;c Vel
266.9732;2.7073;3.75;Muliphen
83.4063;-62.4898;3.76;β Dor
87.8304;-20.8791;3.76;Arsh al Jauzah
97.2045;-7.0331;3.76;β Mon
286.1708;-21.7415;3.76;Manubrij
292.4265;51.7298;3.76;ι Cyg
337.8229;50.2825;3.76;α Lac
42.6742;55.8955;3.77;Miram
56.2985;42.5785;3.77;ν Per
65.7337;17.5425;3.77;Secunda Hyadum
84.6865;-2.6001;3.77;σ Ori
126.4341;-66.1369;3.77;β Vol
130.1565;-46.6487;3.77;b Vel
252.4465;-59.0414;3.77;η Ara
309.9095;15.9121;3.77;Sualocin
321.6668;-22.4113;3.77;Yen
331.7528;25.3451;3.77;ι Peg
107.1869;-70.4989;3.78;γ2 Vol
111.4317;27.7981;3.78;Propus
147.7473;59.0387;3.78;υ UMa
163.3736;-58.8532;3.78;u Car
220.2873;13.7283;3.78;ζ Boo
311.919;-9.4958;3.78;Albali
47.374;44.8575;3.79;Misam
163.3279;34.2149;3.79;Praecipua
169.5468;31.5308;3.79;Alula Australis
48.0189;-28.9876;3.8;Dalim
114.7078;-26.8038;3.8;Markab
233.7006;10.5389;3.8;Nasak Yamani
289.2757;53.3685;3.8;Fawaris
303.4079;46.7413;3.8;ο1 Cyg
68.8877;-30.5623;3.81;Theemin
156.9697;-58.7394;3.81;s Car
235.6857;26.2956;3.81;γ CrB
354.391;46.4582;3.81;λ And
30.5118;2.7638;3.82;Alrescha
139.711;36.8026;3.82;
172.8509;69.3311;3.82;Giausar
247.7284;1.9839;3.82;Marfik
264.8662;46.0063;3.82;ι Her
156.5226;-16.8363;3.83;μ Hya
209.5678;-42.1008;3.83;φ Cen
221.9655;-79.0448;3.83;α Aps
56.0499;-64.8069;3.84;β Ret
56.0797;32.2882;3.84;Atik
67.1437;15.9622;3.84;θ1 Tau
133.7618;-60.6446;3.84;c Car
158.2028;9.3066;3.84;ρ Leo
159.3256;-48.2256;3.84;p Vel
188.1167;-72.133;3.84;γ Mus
271.8856;28.7625;3.84;ο Her
273.4409;-21.0588;3.84;Polis
297.0431;70.2679;3.84;Tyl
63.5005;-42.2944;3.85;α Hor
86.8212;-51.0665;3.85;β Pic
95.5285;-33.4364;3.85;δ Col
153.684;-42.1219;3.85;q Vel
188.3706;69.7882;3.85;κ Dra
189.4257;-48.5413;3.85;τ Cen
239.1133;15.6616;3.85;γ Ser
275.9245;21.7698;3.85;
278.8018;-8.2441;3.85;α Sct
14.1884;38.4993;3.86;μ And
69.5451;-14.304;3.86;Sceptrum
82.8031;-35.4705;3.86;ε Col
243.8595;-63.6857;3.86;δ TrA
248.3628;-78.8971;3.86;γ Aps
269.0633;37.2505;3.86;θ Her
335.4141;-1.3873;3.86;Sadachbia
56.4567;24.3677;3.87;Maia
131.5069;-46.0415;3.87;a Vel
209.6698;-44.8036;3.87;υ1 Cen
220.7651;-5.6582;3.87;Rijl al Awwa
239.2212;-29.2141;3.87;Iklil
298.1182;1.0057;3.87;Tarazed
2.3527;-45.7474;3.88;ε Phe
28.3826;19.2939;3.88;Mesarthim
148.1909;26.007;3.88;Rasalas
227.9836;-48.7378;3.88;κ1 Lup
347.5897;-45.2467;3.88;ι Gru
44.1069;-8.8981;3.89;Azha
103.5331;-24.1842;3.89;Udra
138.5911;2.3143;3.89;θ Hya
184.9765;-0.6668;3.89;Zaniah
299.0765;35.0834;3.89;η Cyg
144.964;-1.1428;3.9;Ukdah
170.2517;-54.491;3.9;π Cen
202.7611;-39.4073;3.9;d Cen
60.7891;5.9893;3.91;ν Tau
126.4151;-3.9064;3.91;C Hya
187.0099;-50.2306;3.91;σ Cen
226.2795;-47.0512;3.91;π Lup
233.8816;-14.7895;3.91;Zubenelhakrabi
244.9352;46.3134;3.91;τ Her
255.0724;30.9264;3.92;ε Her
290.4182;-17.8472;3.92;ρ1 Sgr
318.956;5.2478;3.92;Kitalpha
6.5508;-43.6798;3.93;κ Phe
22.8129;-49.0727;3.93;δ Phe
43.5644;52.7625;3.93;τ Per
69.0798;-3.3525;3.93;ν Eri
115.4553;-72.6061;3.93;ζ Vol
167.1475;-58.975;3.93;x Car
241.7018;-20.6692;3.93;Jabhat Acrabi
270.1613;2.9316;3.93;
17.0962;-55.2458;3.94;Wurren
115.3118;-9.5511;3.94;α Mon
115.952;-28.9548;3.94;l Pup
131.1712;18.1543;3.94;Asellus Australis
314.2934;41.1671;3.94;ν Cyg
30.8588;72.4213;3.95;
99.171;-19.2559;3.95;ν2 CMa
62.1654;47.7125;3.96;Nembus
89.7867;-42.8151;3.96;η Col
135.1599;41.7829;3.96;
137.8197;-62.317;3.96;i Car
290.6596;-44.459;3.96;Arkab Prior
290.9716;-40.6159;3.96;Rukbat
303.868;47.7142;3.96;ο2 Cyg
350.7426;-20.1006;3.96;b1 Aqr
66.0092;-34.0168;3.97;Beemim
87.8725;39.1485;3.97;ν Aur
109.2076;-67.9572;3.97;δ Vol
130.0256;-35.3084;3.97;β Pyx
182.913;-52.3685;3.97;ρ Cen
237.7397;-33.6272;3.97;χ Lup
300.1481;-72.9105;3.97;ε Pav
337.3174;-43.4956;3.97;δ1 Gru
341.6328;23.5657;3.97;Sadalnazi
59.7413;35.791;3.98;Menkib
323.4952;45.5918;3.98;ρ Cyg
30.0013;-21.0778;3.99;υ Cet
93.7139;-6.2748;3.99;γ Mon
156.0988;-74.0316;3.99;I Car
201.3064;54.988;3.99;Alcor
349.3574;-58.2357;3.99;γ Tuc
135.6116;-66.3961;4;α Vol
170.9811;10.5295;4;ι Leo
242.9989;-19.4607;4;Jabbah
25.9152;50.6887;4.01;φ Per
71.3756;-3.2547;4.01;μ Eri
106.0272;20.5703;4.01;Mekbuda
108.7027;-26.7727;4.01;ω CMa
220.49;-37.7935;4.01;b Cen
240.4723;58.5653;4.01;θ Dra
244.9601;-50.1555;4.01;γ2 Nor
280.7589;-71.4281;4.01;ζ Pav
307.3489;30.3686;4.01;
132.633;-27.7098;4.02;γ Pyx
182.1034;-24.7289;4.02;Alchiba
284.9057;15.0683;4.02;Deneb al Okab Borealis
285.4201;-5.7391;4.02;i Aql
34.3286;33.8472;4.03;γ Tri
75.8545;60.4422;4.03;β Cam
131.6743;28.7599;4.03;Zubanah
193.6484;-57.1779;4.03;μ1 Cru
271.3637;2.5001;4.03;p Oph
308.3032;11.3033;4.03;Aldulfin
359.8279;6.8633;4.03;ω Psc
62.9664;-6.8376;4.04;Beid
176.4648;6.5294;4.04;ν Vir
216.2992;51.8507;4.04;Asellus Primus
338.8391;-0.1175;4.04;η Aqr
47.2667;49.6133;4.05;ι Per
124.6315;-76.9197;4.05;α Cha
131.0998;-42.6493;4.05;d Vel
170.2841;6.0293;4.05;σ Leo
207.3693;15.7979;4.05;υ Boo
215.1393;-37.8853;4.05;ψ Cen
219.4718;-49.4258;4.05;ρ Lup
342.3979;-13.5926;4.05;τ2 Aqr
74.0928;13.5145;4.06;ο2 Ori
113.9806;26.8957;4.06;υ Gem
171.2205;-17.684;4.06;γ Crt
184.3928;-67.9607;4.06;ε Mus
184.6094;-64.0031;4.06;ζ Cru
220.9143;-35.1737;4.06;c1 Cen
254.896;-53.1604;4.06;ε1 Ara
214.0036;-6.0005;4.07;Syrma
227.2109;-45.2799;4.07;λ Lup
229.3785;-58.8012;4.07;β Cir
337.2928;58.4152;4.07;δ Cep
11.8347;24.2672;4.08;ζ And
35.4373;-68.6594;4.08;δ Hyi
39.8707;0.3285;4.08;δ Cet
45.5979;-23.6245;4.08;τ3 Eri
103.5475;-12.0386;4.08;θ CMa
143.611;-59.2298;4.08;h Car
164.9436;-18.2988;4.08;Alkes
283.8338;43.9461;4.08;
316.4868;-17.2329;4.08;θ Cap
320.5217;19.8045;4.08;
84.2266;9.2907;4.09;φ2 Ori
237.1849;18.1416;4.09;Gudja
24.1993;41.4055;4.1;Titawin
41.0499;49.2284;4.1;θ Per
117.3096;-46.3732;4.1;P Pup
277.2077;-49.0706;4.1;ζ Tel
287.5073;-39.3408;4.1;β CrA
40.1668;-39.8554;4.11;ι Eri
105.9396;-15.6333;4.11;Muliphein
129.411;-42.9891;4.11;e Vel
147.8696;-14.8466;4.11;Zhang
158.8671;-78.6078;4.11;γ Cha
176.6284;-61.1784;4.11;
234.1801;-66.317;4.11;ε TrA
287.3681;-37.9045;4.11;Meridiana
345.22;-52.7541;4.11;ζ Gru
39.8973;-68.2669;4.12;ε Hyi
63.7244;48.4093;4.12;μ Per
90.5958;9.6473;4.12;μ Ori
181.3022;8.733;4.12;ο Vir
298.8154;-41.8683;4.12;ι Sgr
312.9554;-26.9191;4.12;ω Cap
337.4393;-43.7492;4.12;δ2 Gru
80.9868;-7.8081;4.13;e Ori
97.2408;20.2121;4.13;Nucatai
238.4564;-16.7293;4.13;θ Lib
311.5239;-25.2709;4.13;Wei
341.5146;-81.3816;4.13;β Oct
354.9877;5.6263;4.13;ι Psc
52.7182;12.9367;4.14;f Tau
56.5816;23.9484;4.14;Merope
129.414;5.7038;4.14;Minazal
181.7204;-64.6137;4.14;η Cru
233.2324;31.3591;4.14;θ CrB
239.3969;26.8779;4.14;ε CrB
326.1614;25.645;4.14;κ Peg
333.9924;37.7487;4.14;
107.9661;-0.4928;4.15;δ Mon
260.9206;37.1459;4.15;ρ Her
355.1021;44.3339;4.15;κ And
91.0301;23.2633;4.16;Propus
112.278;31.7846;4.16;ρ Gem
241.0901;-11.3736;4.16;Grafias
261.5926;-24.1753;4.16;b Oph
8.25;62.9318;4.17;κ Cas
57.3635;-36.2003;4.17;g Eri
334.2085;-7.7833;4.17;Ancha
213.2239;-10.2737;4.18;Kang
214.0959;46.0883;4.18;Xuange
249.0936;-35.2553;4.18;H Sco
333.7591;57.0436;4.18;ε Cep
340.1639;-27.0436;4.18;ε PsA
207.3613;-34.4508;4.19;g Cen
281.4155;20.5463;4.19;
82.696;5.9481;4.2;
119.2147;-22.8801;4.2;j Pup
156.9708;36.7072;4.2;β LMi
248.5258;42.437;4.2;σ Her
341.6733;12.1729;4.2;Suudalnujum
343.9871;-32.5396;4.2;δ PsA
52.2672;59.9403;4.21;
66.3424;22.2939;4.21;κ Tau
251.4927;82.0373;4.21;Circitores
307.3954;62.9941;4.21;Al Kidr
321.6109;-65.3662;4.21;γ Pav
42.6461;38.3186;4.22;
56.712;-23.2497;4.22;τ6 Eri
118.3257;-48.1029;4.22;J Pup
241.6481;-36.8023;4.22;θ Lup
246.756;-18.4563;4.22;χ Oph
275.1893;71.3378;4.22;Aldhiba
281.7936;-4.7479;4.22;β Sct
283.0543;-62.1876;4.22;λ Pav
283.6262;36.8986;4.22;δ2 Lyr
311.4156;30.7197;4.22;
319.354;39.3947;4.22;σ Cyg
348.5807;-6.049;4.22;φ Aqr
5.0178;-64.8748;4.23;ζ Tuc
115.828;28.8835;4.23;σ Gem
197.9683;27.8782;4.23;β Com
206.4219;-33.0437;4.23;i Cen
210.4116;1.5445;4.23;τ Vir
242.1924;44.9349;4.23;φ Her
250.7694;-77.5174;4.23;β Aps
286.6046;-37.0634;4.23;γ CrA
325.8769;58.78;4.23;The Garnet Star
326.6984;49.3096;4.23;π2 Cyg
17.187;86.2571;4.24;
36.7463;-47.7038;4.24;κ Eri
41.0306;-13.8587;4.24;π Cet
184.5868;-79.3122;4.24;β Cha
188.4356;41.3575;4.24;Chara
247.8456;-34.7044;4.24;N Sco
265.3536;-12.8753;4.24;ο Ser
348.9729;-9.0877;4.24;ψ1 Aqr
18.9423;-68.8759;4.25;κ Tuc
61.646;50.3513;4.25;λ Per
68.9136;10.1608;4.25;d Tau
69.1726;41.2648;4.25;e Per
77.2866;-8.7541;4.25;λ Eri
125.7088;43.1881;4.25;Alsciaukat
193.3592;-40.1789;4.25;n Cen
216.8814;75.696;4.25;
326.3622;61.1208;4.25;Castula
17.3755;47.2418;4.26;φ And
26.3485;9.1577;4.26;Torcular
49.9819;-43.0698;4.26;e Eri
53.447;-21.6329;4.26;τ5 Eri
64.0066;-51.4866;4.26;γ Dor
73.5125;66.3427;4.26;α Cam
134.6218;11.8577;4.26;Acubens
264.1368;-38.6353;4.26;Q Sco
270.3767;21.5958;4.26;
330.9477;64.628;4.26;Kurhah
15.7359;7.8901;4.27;ε Psc
41.2356;10.1141;4.27;μ Cet
63.8836;8.8924;4.27;μ Tau
69.5394;12.5108;4.27;c1 Tau
70.5613;22.9569;4.27;τ Tau
196.7277;-49.9062;4.27;ξ2 Cen
229.6334;-47.8753;4.27;μ Lup
290.8047;-44.7998;4.27;Arkab Posterior
311.6646;16.1243;4.27;Al Salib
351.9921;6.379;4.27;θ Psc
66.5769;22.8136;4.28;υ Tau
144.272;81.3264;4.28;
156.7879;-31.0678;4.28;α Ant
261.8386;-29.867;4.28;d Oph
303.3494;56.5677;4.28;
320.5617;-16.8345;4.28;ι Cap
332.4969;33.1782;4.28;π Peg
346.7197;-43.5204;4.28;θ Gru
54.2183;0.4017;4.29;
79.8939;-13.1768;4.29;λ Lep
159.8266;-55.6033;4.29;x Vel
178.2272;-33.9081;4.29;β Hya
236.0147;77.7945;4.29;Akfa Farkadain
247.7849;-16.6127;4.29;φ Oph
331.6093;-13.8697;4.29;ι Aqr
337.8764;-32.3461;4.29;Fum al Hui
354.5342;43.2681;4.29;ι And
14.6515;-29.3574;4.3;α Scl
37.0398;8.4601;4.3;ξ2 Cet
56.3021;24.4673;4.3;Taygeta
57.1495;-37.6202;4.3;f Eri
66.3724;17.9279;4.3;
89.9837;45.9367;4.3;π Aur
130.8061;3.3987;4.3;η Hya
163.9033;24.7497;4.3;
174.2372;-0.8237;4.3;υ Leo
177.4211;-63.7885;4.3;j Cen
188.0176;-16.196;4.3;η Crv
215.0814;-56.3865;4.3;v Cen
304.412;-12.5082;4.3;Prima Giedi
130.1543;-59.761;4.31;d Car
216.7301;-83.6679;4.31;δ Oct
231.1226;37.3772;4.31;Alkalurops
241.8514;-20.8688;4.31;ω2 Sco
309.5845;-1.1051;4.31;l Aql
54.1224;48.1926;4.32;ψ Per
70.1105;-19.6715;4.32;
83.0531;18.5942;4.32;The Ruby Star
93.8445;29.4981;4.32;κ Aur
131.5939;-13.5477;4.32;D Hya
142.9301;22.968;4.32;Alterf
180.7563;-63.3129;4.32;θ1 Cru
197.497;17.5294;4.32;Diadem
207.9567;-32.9941;4.32;k Cen
222.9096;-43.5754;4.32;ο Lup
260.2069;-12.8469;4.32;ν Ser
112.0408;8.9255;4.33;γ CMi
193.2788;-48.9433;4.33;e Cen
216.5451;-45.3793;4.33;τ2 Lup
258.8374;-26.6028;4.33;Guniibuu
272.1451;-63.6686;4.33;π Pav
274.9655;36.0645;4.33;κ Lyr
9.2202;33.7193;4.34;π And
9.6389;29.3118;4.34;ε And
17.7757;55.1499;4.34;Marfak
86.1932;-65.7355;4.34;δ Dor
97.964;-23.4184;4.34;ξ1 CMa
125.1606;-77.4845;4.34;θ Cha
139.0503;-57.5415;4.34;g Car
144.2064;-49.355;4.34;M Vel
210.4312;-45.6034;4.34;υ2 Cen
234.5134;-42.5673;4.34;ω Lup
261.6287;4.1404;4.34;σ Oph
281.1932;37.6051;4.34;Nasr Alwaki
281.7553;18.1815;4.34;
326.1279;17.35;4.34;
337.3826;47.7069;4.34;
47.9074;19.7267;4.35;Botein
72.653;8.9002;4.35;Al Taj
98.7441;-52.9756;4.35;N Car
104.3192;58.4228;4.35;
121.9825;-68.6171;4.35;ε Vol
132.1082;5.8378;4.35;ρ Hya
186.7345;28.2684;4.35;Al Dafirah
229.4577;-30.1487;4.35;f Lup
263.0542;86.5865;4.35;Yildun
275.8068;-61.4939;4.35;ξ Pav
289.0921;38.1337;4.35;θ Lyr
326.2367;-33.0258;4.35;ι PsA
7.8861;-62.9582;4.36;β1 Tuc
10.8385;-57.4631;4.36;η Phe
33.25;8.8467;4.36;Al Kaff al Jidhmah
52.6437;47.9952;4.36;σ Per
61.1738;22.0819;4.36;A1 Tau
73.2236;-5.4527;4.36;ω Eri
78.3078;-12.9413;4.36;κ Lep
89.3842;-35.2833;4.36;γ Col
104.0343;-17.0542;4.36;ι CMa
122.1485;-2.9838;4.36;ζ Mon
211.5115;-41.1796;4.36;χ Cen
294.1803;-1.2866;4.36;Al Thalimain Posterior
0.4901;-6.0141;4.37;
94.1381;-35.1405;4.37;κ Col
109.677;-24.9544;4.37;τ CMa
165.0386;-42.2259;4.37;i Vel
272.1895;20.8146;4.37;
299.9341;-35.2763;4.37;θ1 Sgr
197.4875;-5.539;4.38;Apami-Atsa
302.2223;77.7114;4.38;Al Aghnam
351.5116;-20.642;4.38;b2 Aqr
353.2427;-37.8183;4.38;β Scl
28.4114;-46.3027;4.39;ψ Phe
57.3803;65.526;4.39;
83.7052;9.4896;4.39;Heka
88.5958;20.2762;4.39;χ1 Ori
95.942;4.5929;4.39;ε Mon
120.5664;2.3346;4.39;G CMi
151.9761;9.9975;4.39;A Leo
225.7252;2.0913;4.39;
253.502;10.1654;4.39;ι Oph
260.2516;-21.1129;4.39;Aggia
295.0241;18.0139;4.39;Sham
295.2622;17.476;4.39;β Sge
319.9666;-53.4494;4.39;θ Ind
14.3017;23.4176;4.4;η And
117.0215;-25.9372;4.4;ο Pup
122.2568;-19.245;4.4;
284.2376;-67.2335;4.4;κ Pav
329.4795;-54.9926;4.4;δ Ind
102.4638;-53.6224;4.41;A Car
107.7849;30.2452;4.41;τ Gem
215.7593;-39.5118;4.41;Bidelman's Helium Variable Star
262.6846;26.1106;4.41;Maasym
269.6256;30.1893;4.41;ν Her
319.4795;34.8969;4.41;υ Cyg
346.9744;75.3875;4.41;π Cep
349.4759;-9.1825;4.41;ψ2 Aqr
349.706;-32.532;4.41;γ Scl
91.893;14.7685;4.42;ν Ori
99.4726;-18.2375;4.42;ν3 CMa
108.3847;-44.6397;4.42;L2 Pup
108.5634;-26.3525;4.42;
123.5122;-40.3479;4.42;h2 Pup
165.5824;20.1798;4.42;b Leo
222.5721;-27.9604;4.42;E Hya
236.6109;7.3531;4.42;λ Ser
270.4383;1.3051;4.42;
335.8901;52.229;4.42;β Lac
351.3449;23.4041;4.42;Alkarab
56.5356;-12.1016;4.43;π Eri
63.818;-7.6529;4.43;Keid
74.3217;53.7521;4.43;
288.4395;39.146;4.43;Aladfar
300.6645;-27.7098;4.43;Terebellum
305.9651;32.1902;4.43;
310.8647;15.0746;4.43;Al Ukud
311.9343;-5.0277;4.43;k Aqr
3.6601;-18.9329;4.44;
12.1706;7.5851;4.44;Kuton
64.121;-59.3022;4.44;ε Ret
70.1405;-41.8638;4.44;α Cae
94.9058;59.011;4.44;
113.5133;-22.2961;4.44;
122.8396;-39.6185;4.44;h1 Pup
124.6388;-36.6593;4.44;q Pup
218.1544;-50.4572;4.44;σ Lup
292.1764;24.6649;4.44;Anser
25.3579;5.4876;4.45;ν Psc
42.2726;-32.4059;4.45;β For
78.0746;-11.8692;4.45;ι Lep
92.985;14.2088;4.45;ξ Ori
129.6893;3.3414;4.45;Minchir
135.0225;-41.2536;4.45;w Vel
158.8971;-57.5576;4.45;r Car
161.4458;-80.5402;4.45;δ2 Cha
169.1654;-3.6516;4.45;φ Leo
248.0342;-21.4664;4.45;ω Oph
288.8877;73.3555;4.45;τ Dra
293.5223;7.3789;4.45;μ Aql
37.2664;67.4025;4.46;ι Cas
58.5729;-2.9547;4.46;w Eri
78.3228;2.8613;4.46;ρ Ori
137.2177;51.6046;4.46;Alhaud
167.9145;-22.8258;4.46;Al Sharasif
182.0218;-50.6613;4.46;
246.796;-47.5548;4.46;ε Nor
343.1314;-32.8755;4.46;γ PsA
41.2758;-18.5726;4.47;τ1 Eri
50.0848;29.0485;4.47;
74.6371;1.714;4.47;π6 Ori
97.0425;-32.5801;4.47;λ CMa
98.2259;7.333;4.47;
119.5602;-49.2449;4.47;
136.2867;-72.6027;4.47;G Car
141.1636;26.1823;4.47;Al Minlear al Asad
143.706;52.0515;4.47;
177.7862;-45.1735;4.47;B Cen
218.6701;29.7451;4.47;σ Boo
224.2958;-4.3465;4.47;
318.6201;10.007;4.47;δ Equ
331.5287;-39.5434;4.47;λ Gru
11.1813;48.2844;4.48;ο Cas
60.2242;-62.1593;4.48;γ Ret
66.5864;15.6183;4.48;
101.9652;2.4122;4.48;
151.9845;-0.3716;4.48;α Sex
230.8444;-59.3208;4.48;γ Cir
246.0258;-20.0373;4.48;ψ Oph
345.9692;3.82;4.48;Fumalsamakah
346.6702;-23.7431;4.48;c1 Aqr
30.4894;70.907;4.49;A Cas
68.3773;-29.7665;4.49;Beemim
100.9971;13.228;4.49;
108.1401;-46.7593;4.49;I Pup
118.161;-38.8628;4.49;b Pup
151.8573;35.2447;4.49;
220.1815;16.4183;4.49;π1 Boo
294.1106;50.2211;4.49;θ Cyg
316.7819;-25.0059;4.49;A Cap
326.0357;28.7426;4.49;μ1 Cyg
355.5117;1.78;4.49;λ Psc
355.6806;-14.5449;4.49;ω2 Aqr
359.9791;-65.5771;4.49;ε Tuc
84.7964;4.1215;4.5;ω Ori
87.4569;-56.1667;4.5;γ Pic
131.6773;-56.7698;4.5;f Car
155.2283;-56.0432;4.5;J Vel
176.9964;20.2189;4.5;
206.8156;17.4569;4.5;τ Boo
303.9422;27.8142;4.5;
317.3985;-11.3717;4.5;Albulaan
322.1808;-21.8072;4.5;b Cap
332.0959;-32.9885;4.5;μ PsA
333.4697;39.7149;4.5;
340.1286;44.2763;4.5;
4.5819;36.7852;4.51;σ And
17.9152;30.0896;4.51;τ Psc
87.2935;39.1811;4.51;τ Aur
142.3113;-35.9513;4.51;ε Ant
144.8375;-61.3281;4.51;m Car
235.3877;19.6704;4.51;ι Ser
300.7045;67.8736;4.51;ρ Dra
311.0097;-51.921;4.51;η Ind
324.2701;-19.466;4.51;Kastra
336.8332;-64.9664;4.51;δ Tuc
358.596;57.4994;4.51;ρ Cas
41.9773;29.2471;4.52;Lilii Borea
200.6581;-60.9884;4.52;J Cen
201.002;-64.5357;4.52;m Cen
214.7775;-13.3711;4.52;Khambaliya
226.1114;26.9476;4.52;Aulad Alnathlat
272.8073;-45.9544;4.52;ε Tel
290.4318;-15.955;4.52;υ Sgr
311.338;57.5797;4.52;υ1 Cep
322.4871;23.6388;4.52;
337.6219;43.1234;4.52;
7.8895;-62.9656;4.53;β2 Tuc
12.4535;41.0789;4.53;ν And
90.014;-3.0743;4.53;
114.3421;-34.9685;4.53;f Pup
213.3709;51.79;4.53;Asellus Tertius
261.6578;-5.0866;4.53;
266.8901;-27.8308;4.53;
311.8522;36.4907;4.53;λ Cyg
348.1375;49.4062;4.53;
79.544;33.3716;4.54;
98.7641;-22.9648;4.54;ξ2 CMa
142.9955;-1.1847;4.54;τ2 Hya
143.5558;36.3976;4.54;
143.6202;69.8303;4.54;d UMa
222.8474;19.1005;4.54;ξ Boo
228.0554;-19.7917;4.54;ι Lib
230.789;-36.8585;4.54;φ2 Lup
299.2368;-27.1699;4.54;Terebellum
346.7511;9.4095;4.54;
352.2887;12.7606;4.54;
0.935;-17.336;4.55;
52.4781;58.8787;4.55;
76.1017;-35.483;4.55;γ Cae
105.0168;76.9774;4.55;
112.4491;12.0066;4.55;
148.0265;54.0643;4.55;φ UMa
233.9719;-44.9584;4.55;d Lup
245.1591;-24.1693;4.55;ο Sco
272.0207;-28.4571;4.55;
325.4804;71.3114;4.55;
335.2564;46.5366;4.55;
336.1291;49.4764;4.55;
42.8785;35.0597;4.56;
59.6865;-61.4002;4.56;δ Ret
88.3319;27.6123;4.56;
136.6324;38.4522;4.56;
168.801;23.0955;4.56;Zubrah
216.5343;-45.2214;4.56;τ1 Lup
263.915;-46.5057;4.56;σ Ara
313.032;27.097;4.56;
316.6504;47.6484;4.56;f2 Cyg
54.2737;-40.2745;4.57;y Eri
246.354;14.0333;4.57;Cujam
246.3963;-23.4472;4.57;ρ Oph
265.4848;72.1488;4.57;Dziban
283.687;22.6451;4.57;
287.0874;-40.4967;4.57;δ CrA
298.3654;24.0796;4.57;
83.8465;-4.8384;4.58;Mizan Batil
147.9194;-46.5476;4.58;m Vel
160.8845;-60.5666;4.58;w Car
198.0733;-59.9206;4.58;
207.8581;64.7233;4.58;i Dra
243.0759;-27.9264;4.58;c2 Sco
264.4613;-8.1188;4.58;μ Oph
350.1593;23.7403;4.58;Salm
10.3315;-46.085;4.59;μ Phe
55.7086;-37.3135;4.59;h Eri
57.5896;71.3323;4.59;γ Cam
81.7093;3.0957;4.59;ψ Ori
130.0534;64.3279;4.59;Museida
142.2871;-2.769;4.59;Ukdah
154.9031;-55.0293;4.59;
168.1501;-60.3176;4.59;y Car
237.3985;26.0684;4.59;δ CrB
238.403;-25.3271;4.59;A Sco
281.0949;39.6127;4.59;ε2 Lyr
294.1768;-24.8836;4.59;h2 Sgr
357.2314;-28.1303;4.59;δ Scl
64.5609;50.2955;4.6;b Per
151.2811;-13.0646;4.6;υ2 Hya
164.1794;-37.1378;4.6;ι Ant
221.3103;16.9643;4.6;ο Boo
231.3342;-38.7336;4.6;k Lup
238.1689;42.4515;4.6;χ Her
290.167;65.7145;4.6;Tais
1.3339;-5.7076;4.61;
4.2729;38.6816;4.61;θ And
28.389;3.1875;4.61;ξ Psc
47.8224;39.6116;4.61;Gorgonea Quarta
111.6785;49.2115;4.61;
119.9669;-18.3992;4.61;
233.5446;-10.0645;4.61;
308.4758;35.2509;4.61;
14.1663;59.1811;4.62;Castula
59.9812;-24.0162;4.62;τ9 Eri
75.7739;21.59;4.62;ι Tau
82.9827;-7.3015;4.62;Thabit
137.012;-25.8585;4.62;κ Pyx
166.2543;7.336;4.62;χ Leo
166.6351;-62.4241;4.62;z Car
173.6902;-54.2641;4.62;A Cen
191.5946;-56.4888;4.62;
193.6633;-59.1467;4.62;λ Cru
246.9508;-8.3717;4.62;υ Oph
270.1209;-3.6903;4.62;Alava
278.3758;-42.3125;4.62;θ CrA
284.0549;4.2036;4.62;Alya
44.803;21.3404;4.63;ε Ari
115.8849;-28.4109;4.63;
118.2651;-49.613;4.63;
130.9182;-7.2337;4.63;F Hya
138.9378;-37.4131;4.63;Markeb
189.9689;-39.9873;4.63;l Cen
205.1845;54.6816;4.63;
224.3959;65.9325;4.63;
237.7448;-25.7513;4.63;b Sco
240.8837;-57.7751;4.63;ι1 Nor
277.8434;-62.2783;4.63;ν Pav
282.8004;59.3884;4.63;ο Dra
359.4397;25.1414;4.63;ψ Peg
58.4279;-24.6122;4.64;τ8 Eri
73.7239;10.1508;4.64;π1 Ori
90.9799;20.1385;4.64;χ2 Ori
206.6641;-51.4328;4.64;M Cen
234.8445;36.6358;4.64;ζ1 CrB
235.2974;-44.6612;4.64;g Lup
252.4585;-10.783;4.64;
259.4177;37.2915;4.64;e Her
271.8265;8.7339;4.64;
291.6295;0.3386;4.64;ν Aql
308.8272;14.6742;4.64;ζ Del
339.3434;51.5451;4.64;
346.0458;50.0521;4.64;
40.863;27.7071;4.65;
68.4622;14.8444;4.65;ρ Tau
76.1423;15.4041;4.65;
88.5252;-63.0896;4.65;
109.5766;-36.734;4.65;v1 Pup
112.6775;-30.9623;4.65;
113.8454;-28.3693;4.65;p Pup
156.852;-57.6388;4.65;P Car
180.2183;6.6143;4.65;π Vir
240.8037;-49.2297;4.65;η Nor
17.8634;21.0347;4.66;χ Psc
27.3963;-10.6864;4.66;χ Cet
100.2444;9.8958;4.66;
103.906;-20.1365;4.66;π CMa
109.1458;-27.8812;4.66;
130.8214;21.4685;4.66;Asellus Borealis
136.4099;-70.5385;4.66;E Car
163.4948;43.19;4.66;ω UMa
189.8115;-7.9956;4.66;χ Vir
190.6477;-48.8131;4.66;w Cen
234.9416;-34.4119;4.66;ψ1 Lup
271.2551;-29.5801;4.66;Nash
274.5133;-27.0426;4.66;
275.9149;-8.9344;4.66;ζ Sct
300.2752;27.7536;4.66;
18.4373;24.5837;4.67;φ Psc
52.3419;49.5089;4.67;
63.7222;40.4837;4.67;f Per
69.8188;15.918;4.67;σ2 Tau
91.5388;-14.9353;4.67;θ Lep
123.053;17.6478;4.67;Tegmine
137.7294;63.5136;4.67;τ UMa
270.0142;16.7509;4.67;
277.2994;-14.5658;4.67;γ Sct
281.0848;39.6701;4.67;Double Double
293.09;69.6612;4.67;Alsafi
315.3228;-32.2578;4.67;γ Mic
23.4828;59.232;4.68;χ Cas
28.7339;-67.6473;4.68;η2 Hyi
31.1227;-29.2968;4.68;ν For
44.6903;39.6627;4.68;Gorgonea Secunda
134.0803;-52.7235;4.68;H Vel
144.6137;4.6493;4.68;
150.0534;8.0442;4.68;π Leo
159.6801;31.9762;4.68;
202.9912;-6.2558;4.68;l Vir
203.6136;49.016;4.68;
245.0867;-78.6957;4.68;δ1 Aps
294.8442;30.1533;4.68;φ Cyg
324.438;-7.8542;4.68;Bunda
340.8968;-18.8304;4.68;g Aqr
66.6516;14.7138;4.69;π Tau
79.7853;40.0991;4.69;λ Aur
114.5752;-25.3648;4.69;m Pup
117.084;-47.0777;4.69;Q Pup
120.3056;-1.3926;4.69;
159.6875;-59.183;4.69;t2 Car
191.4085;-60.9813;4.69;ι Cru
325.5236;51.1896;4.69;Azelfafage
330.8402;-56.786;4.69;ε Ind
353.769;-42.6151;4.69;ι Phe
80.1122;-21.2398;4.7;
174.1705;-9.8022;4.7;θ Crt
175.0533;-34.7447;4.7;ο Hya
253.4989;-42.362;4.7;ζ1 Sco
280.5684;-9.0525;4.7;δ Sct
298.9598;-26.2995;4.7;Terebellum
317.5854;10.1316;4.7;γ Equ
343.604;84.3462;4.7;
353.3193;-20.9145;4.7;b3 Aqr
44.9288;8.9074;4.71;Menkar
52.3445;-62.9375;4.71;κ Ret
73.1332;14.2506;4.71;Al Kumm
76.3777;-57.4727;4.71;ζ Dor
82.4333;-1.0922;4.71;
83.182;32.192;4.71;χ Aur
140.3733;-25.9654;4.71;θ Pyx
140.801;-28.8339;4.71;λ Pyx
176.1907;-18.3507;4.71;ζ Crt
196.5696;-48.4633;4.71;f Cen
209.412;-63.6867;4.71;
298.562;8.4615;4.71;Libertas
319.4845;-32.1725;4.71;ε Mic
347.4787;-22.4576;4.71;c3 Aqr
21.4834;68.13;4.72;ψ Cas
80.4406;-0.3825;4.72;o Ori
87.7602;37.3056;4.72;υ Aur
92.5746;-54.9686;4.72;δ Pic
122.8179;-12.927;4.72;
141.8267;-22.3438;4.72;G Hya
156.4784;33.7961;4.72;
157.5839;-71.9928;4.72;K Car
158.3079;40.4256;4.72;
181.0801;-63.1657;4.72;θ2 Cru
185.1793;17.7929;4.72;
199.3856;40.5726;4.72;
240.6996;46.0367;4.72;υ Her
259.1529;-0.4453;4.72;
325.6646;-18.8663;4.72;κ Cap
36.4059;50.2786;4.73;
103.661;13.1778;4.73;e Gem
122.8579;-42.9873;4.73;
165.457;-2.4846;4.73;p2 Leo
241.6227;-45.1732;4.73;δ Nor
242.2429;36.4909;4.73;τ CrB
313.1635;-8.9833;4.73;Albulan
7.9432;54.5223;4.74;λ Cas
19.8666;27.2641;4.74;υ Psc
38.0218;-15.2447;4.74;σ Cet
39.95;-42.8917;4.74;s Eri
49.997;65.6523;4.74;
52.6544;-5.0751;4.74;v Eri
122.2528;-61.3024;4.74;B Car
130.3047;-47.3171;4.74;n Vel
135.6362;67.6296;4.74;ρ UMa
199.6013;-18.3112;4.74;
212.4784;-53.4389;4.74;
237.8163;20.9779;4.74;ρ Ser
269.9481;-23.8161;4.74;
285.7787;-42.0951;4.74;ζ CrA
292.943;34.453;4.74;
314.9565;47.521;4.74;f1 Cyg
330.8285;-2.1554;4.74;Sadalmulk
354.4625;-45.4924;4.74;
108.6589;-48.2719;4.75;
177.0606;-66.8149;4.75;μ Mus
208.3022;-31.9276;4.75;h Cen
214.0414;51.3672;4.75;Asellus Secundus
235.4867;-19.6788;4.75;κ Lib
235.6709;-34.7104;4.75;ψ2 Lup
308.8952;-60.5817;4.75;φ1 Pav
349.6562;68.1114;4.75;ο Cep
7.8541;-48.8035;4.76;λ1 Phe
42.6186;-75.0669;4.76;ν Hyi
42.7597;-21.004;4.76;Angetenar
88.1102;1.8551;4.76;
94.7116;69.3198;4.76;
119.4171;-30.3346;4.76;χ Pup
145.3209;-23.5915;4.76;I Hya
160.5588;-64.4664;4.76;
169.7829;38.1856;4.76;
186.0062;51.5623;4.76;
194.731;17.4094;4.76;
201.8632;-15.9736;4.76;
207.9478;34.4442;4.76;
215.6545;-58.4591;4.76;
260.4978;-67.7707;4.76;ζ Aps
265.0993;-49.4156;4.76;λ Ara
289.0543;21.3904;4.76;
324.4801;62.0819;4.76;
346.7781;25.4683;4.76;
11.0475;-10.6096;4.77;Alnitham
46.385;56.7057;4.77;k Per
84.7212;-7.2128;4.77;d Ori
101.8326;8.0373;4.77;
139.9433;-11.9749;4.77;
172.5787;-3.0035;4.77;e Leo
193.5882;-9.539;4.77;ψ Vir
264.2379;68.758;4.77;Al Dhih
270.7705;-8.1803;4.77;τ Oph
278.1438;57.0456;4.77;d Dra
300.8894;-37.9407;4.77;
304.4467;38.0329;4.77;Revenant of the Swan
305.1659;-12.7591;4.77;Alshat
307.2151;-17.8137;4.77;ρ Cap
341.8711;83.1538;4.77;
0.3988;-77.0657;4.78;θ Oct
13.2521;-1.1443;4.78;
32.1219;37.8591;4.78;
56.5097;63.345;4.78;
67.6401;16.194;4.78;
74.9822;-12.5374;4.78;
83.7612;-6.002;4.78;
122.1144;51.5067;4.78;
123.373;-35.8995;4.78;r Pup
146.0504;-27.7695;4.78;θ Ant
154.934;19.4709;4.78;
185.6263;25.8462;4.78;
199.4012;5.4699;4.78;σ Vir
215.1774;-45.1871;4.78;
215.7741;-27.754;4.78;k Hya
262.854;-23.9626;4.78;c Oph
267.5463;-40.0904;4.78;Vanant
281.3621;-64.8713;4.78;
335.3306;28.3305;4.78;
336.9647;4.6957;4.78;
3.6507;20.2067;4.79;χ Peg
29.4822;23.5961;4.79;λ Ari
73.1583;36.7032;4.79;
125.6321;-48.4904;4.79;B Vel
140.2367;-62.4046;4.79;k Car
198.8123;-67.8946;4.79;η Mus
237.808;35.6574;4.79;κ CrB
247.552;-25.1152;4.79;i Sco
267.2937;-31.7032;4.79;
270.0658;4.3686;4.79;
303.8162;25.592;4.79;
332.4518;72.3412;4.79;
333.9038;-41.3467;4.79;μ1 Gru
10.5162;50.5125;4.8;ξ Cas
13.2675;61.124;4.8;
48.9584;-8.8197;4.8;Zibal
65.3882;46.4989;4.8;d Per
66.024;17.4441;4.8;
75.3598;-7.174;4.8;Kursi al Jauzah
99.8326;42.4889;4.8;ψ2 Aur
137.5981;67.134;4.8;σ2 UMa
139.0472;54.0219;4.8;e UMa
140.1209;-9.5557;4.8;P Hya
161.0288;-63.9611;4.8;
188.7128;22.6293;4.8;
196.7947;27.6247;4.8;
212.2122;77.5475;4.8;
214.4992;35.5095;4.8;A Boo
220.8557;26.5279;4.8;
225.5271;25.0081;4.8;ω Boo
244.5746;-28.614;4.8;d Sco
259.3315;33.1001;4.8;u Her
303.3252;46.8157;4.8;
313.3115;44.3873;4.8;
320.1902;-40.8095;4.8;θ1 Mic
336.3193;1.3774;4.8;Seat
340.4392;29.3076;4.8;Sadalmatar
77.4248;15.5972;4.81;
78.4394;-67.1853;4.81;θ Dor
79.3712;-34.8952;4.81;ο Col
89.4986;25.9539;4.81;
120.0832;-63.5675;4.81;D Car
143.766;39.6215;4.81;
171.1525;-10.8593;4.81;ε Crt
217.0506;-2.228;4.81;Elgafar
276.3377;-20.5417;4.81;
309.6306;21.2012;4.81;
312.2345;46.1141;4.81;
29.292;-47.3853;4.82;
78.3572;38.4845;4.82;Alhiba
99.8197;-14.1458;4.82;
103.3871;-20.2243;4.82;
113.4498;-14.5239;4.82;
155.5816;-41.65;4.82;r Vel
157.6566;55.9805;4.82;
186.6323;-51.4506;4.82;G Cen
204.3651;36.2949;4.82;
212.5997;25.0917;4.82;d Boo
240.5737;22.8045;4.82;π Ser
245.5181;1.029;4.82;σ Ser
252.3092;45.9833;4.82;
255.265;-4.2226;4.82;
276.4964;65.5635;4.82;Fafnir
283.5994;71.2972;4.82;Athafi
316.1013;-19.855;4.82;Arm
335.3795;12.2052;4.82;
337.6617;-10.678;4.82;σ Aqr
349.436;49.0153;4.82;
355.4409;-17.8165;4.82;A2 Aqr
13.7507;58.9727;4.83;υ1 Cas
21.9141;45.4067;4.83;ω And
39.891;-11.8722;4.83;ε Cet
41.386;-67.6166;4.83;ζ Hyi
107.2128;-39.6557;4.83;A Pup
109.1535;-23.3156;4.83;
125.3459;-33.0544;4.83;w Pup
130.6058;-53.114;4.83;
195.8888;-49.5273;4.83;ξ1 Cen
225.9471;47.6541;4.83;i Boo
228.2066;-44.5004;4.83;e Lup
247.1606;41.8817;4.83;g Her
256.2056;-34.1229;4.83;k Sco
281.5187;26.6621;4.83;
284.2653;-5.8463;4.83;η Sct
284.6807;-37.1074;4.83;ε CrA
22.5463;6.1438;4.84;μ Psc
33.3055;44.2317;4.84;b And
34.2635;34.2242;4.84;δ Tri
49.8404;3.3702;4.84;κ Cet
63.4849;9.2638;4.84;
85.3238;16.5341;4.84;
114.8639;-38.308;4.84;d1 Pup
128.8321;-58.0092;4.84;e2 Car
165.1402;3.6175;4.84;d Leo
176.321;8.2581;4.84;ξ Vir
214.9385;16.3069;4.84;
248.1512;11.488;4.84;h Her
250.2297;64.589;4.84;g Dra
251.3242;56.7819;4.84;
299.7383;-26.1958;4.84;Terebellum
340.8749;-41.4143;4.84;ρ Gru
341.4078;-53.5001;4.84;η Gru
346.6534;59.4198;4.84;
47.9845;74.3937;4.85;
49.6826;34.2227;4.85;
112.4642;-23.0243;4.85;
152.2343;-51.8113;4.85;Q Vel
198.0133;-37.803;4.85;
229.412;-63.6105;4.85;ε Cir
269.1976;-44.3422;4.85;
275.2169;3.3772;4.85;
284.6157;-52.9386;4.85;λ Tel
6.9821;-33.0072;4.86;η Scl
49.5921;-22.5111;4.86;
101.5589;59.4417;4.86;
129.927;-29.5611;4.86;ζ Pyx
158.7728;75.7129;4.86;
199.3042;-66.7834;4.86;
215.8446;8.4466;4.86;
220.4115;8.1618;4.86;
245.5243;30.892;4.86;ξ CrB
248.5209;-44.0453;4.86;μ Nor
249.6869;48.9283;4.86;
263.0668;55.173;4.86;Kuma
265.8575;-21.6832;4.86;
281.0807;-35.642;4.86;
283.5424;-22.7448;4.86;Ainalrami
288.8851;-25.2567;4.86;Al Kiladah
309.3971;-61.5299;4.86;ρ Pav
331.4198;5.0585;4.86;Fum al Faras
20.5851;45.5288;4.87;Adhil
38.9686;5.5932;4.87;ν Cet
48.7254;21.0444;4.87;ζ Ari
63.5987;-10.2563;4.87;A Eri
108.3056;-45.1827;4.87;L1 Pup
130.4306;-15.9434;4.87;
133.8815;-27.6819;4.87;δ Pyx
148.5513;-25.9323;4.87;
159.3072;-27.4126;4.87;
161.7134;-64.3835;4.87;
296.5906;-19.7611;4.87;f Sgr
323.694;38.5341;4.87;
36.4875;-12.2905;4.88;Sadr al Kaitos
81.9087;21.937;4.88;o Tau
87.254;24.5675;4.88;
88.2787;-33.8014;4.88;λ Col
109.6682;-24.5587;4.88;
179.9066;-78.2218;4.88;ε Cha
190.4711;10.2356;4.88;ρ Vir
195.0686;30.785;4.88;
254.007;65.1348;4.88;h Dra
269.4492;-41.7163;4.88;
280.8802;-8.2752;4.88;ε Sct
289.4087;-18.9529;4.88;d Sgr
293.8041;-48.0992;4.88;ι Tel
356.7644;58.652;4.88;τ Cas
359.6682;-3.556;4.88;
359.7522;55.7549;4.88;σ Cas
2.8161;-15.468;4.89;
72.4777;37.4883;4.89;
81.1868;1.8464;4.89;
87.3872;12.6513;4.89;
114.7914;34.5843;4.89;Jishui
116.531;18.51;4.89;g Gem
157.8409;-53.7155;4.89;
159.3886;-13.3845;4.89;
176.6295;-40.5004;4.89;
177.9634;-65.2059;4.89;
193.3239;21.2449;4.89;
214.5579;-81.0078;4.89;η Aps
256.3445;12.7408;4.89;
263.044;55.1842;4.89;Kuma
296.0692;37.3544;4.89;
312.492;-33.7797;4.89;α Mic
339.8153;39.0503;4.89;
352.5081;58.5489;4.89;
12.2084;50.9682;4.9;ν Cas
21.4051;-14.5988;4.9;
85.6193;1.4746;4.9;b Ori
104.4046;45.0941;4.9;
192.6715;-33.9993;4.9;p Cen
198.5631;-59.1032;4.9;
240.8508;-38.6025;4.9;
241.3606;-19.8019;4.9;β2 Sco
247.1173;-70.0844;4.9;ζ TrA
297.7671;22.61;4.9;
312.3707;-46.2268;4.9;ζ Ind
40.5621;40.1939;4.91;
67.9694;-0.044;4.91;
75.3566;-20.0519;4.91;
76.8625;18.6451;4.91;m Tau
94.9983;-2.9445;4.91;
107.557;-4.2371;4.91;
107.9139;39.3205;4.91;
159.6456;-16.8766;4.91;φ Hya
190.4857;-59.6858;4.91;
203.6992;37.1824;4.91;
225.2431;-8.5189;4.91;Zuben Elakribi
228.6555;-31.5191;4.91;i Lup
250.3933;-17.7422;4.91;
256.3338;54.47;4.91;Alrakis
298.9074;52.4389;4.91;ψ Cyg
307.4125;-2.8855;4.91;
309.1818;-2.55;4.91;
338.2503;-61.9821;4.91;ν Tuc
343.807;8.8162;4.91;ρ Peg
29.1675;-22.5268;4.92;
90.4601;-10.5979;4.92;
91.2464;-16.4844;4.92;
96.2246;49.2879;4.92;Dolones
105.9734;-49.5839;4.92;H Pup
112.7686;82.4115;4.92;
138.903;-38.5699;4.92;l Vel
166.3329;-27.2936;4.92;χ1 Hya
186.6003;27.2682;4.92;
203.533;3.659;4.92;o Vir
207.4285;21.2641;4.92;e Boo
221.2467;-35.1918;4.92;c2 Cen
231.0495;-10.3223;4.92;ε Lib
271.7079;-43.4252;4.92;
275.0746;21.9613;4.92;
277.9393;-45.9148;4.92;δ1 Tel
283.3064;50.7082;4.92;
311.2188;25.2706;4.92;
62.7108;-41.9936;4.93;δ Hor
64.3153;20.5786;4.93;ω Tau
65.1027;34.5667;4.93;
74.8142;37.8902;4.93;
113.9155;-52.5338;4.93;Q Car
115.7517;58.7104;4.93;
119.934;-3.6796;4.93;
134.2434;-59.2293;4.93;b1 Car
145.5601;-23.9156;4.93;
173.0683;-29.261;4.93;
175.2235;-62.0901;4.93;
184.0856;23.9454;4.93;
192.9247;27.5407;4.93;Polaris Galacticus Borealis
195.1821;56.3663;4.93;
212.7104;-16.302;4.93;
222.7545;-2.2992;4.93;
226.8253;24.8692;4.93;c Boo
243.0;-10.0643;4.93;ψ Sco
294.2227;-7.0275;4.93;κ Aql
301.8465;-52.8808;4.93;ξ Tel
302.3567;36.8396;4.93;b2 Cyg
303.6335;36.8063;4.93;b3 Cyg
311.7948;34.3741;4.93;
349.2122;-7.7265;4.93;χ Aqr
355.9979;29.3615;4.93;
33.0928;30.3031;4.94;
44.7653;35.1831;4.94;
104.0666;-48.7211;4.94;
110.5564;-19.0166;4.94;
120.8795;27.7943;4.94;χ Gem
132.4485;-45.3079;4.94;g Vel
148.7175;-19.0094;4.94;Felis
156.0327;65.5664;4.94;
157.7586;-73.2215;4.94;
197.2636;-23.1181;4.94;ψ Hya
198.4289;40.1529;4.94;
246.9959;68.7681;4.94;A Dra
285.0034;32.1455;4.94;λ Lyr
303.5692;15.1976;4.94;ρ Aql
307.5148;48.9516;4.94;Ruchba
332.5366;-32.5484;4.94;τ PsA
10.867;47.0245;4.95;π Cas
20.0205;58.2316;4.95;φ Cas
59.356;63.0723;4.95;
85.2113;-1.1288;4.95;
93.0137;16.1304;4.95;f1 Ori
171.9843;2.8563;4.95;τ Leo
188.6834;70.0218;4.95;
239.5474;-14.2794;4.95;
243.3697;-54.6305;4.95;κ Nor
244.3762;75.7553;4.95;Anwa Farkadain
298.9657;38.4867;4.95;
300.4364;-59.3759;4.95;
343.0085;43.3124;4.95;
351.7331;1.2556;4.95;κ Psc
356.598;3.4868;4.95;
25.1451;40.577;4.96;τ And
25.4464;42.6134;4.96;
38.4613;-28.2323;4.96;ω For
50.3607;43.3297;4.96;l Per
67.1099;16.3597;4.96;
79.8192;22.0965;4.96;n Tau
88.7116;55.7069;4.96;ξ Aur
207.4678;-18.1342;4.96;
239.4477;54.7498;4.96;
240.8359;-25.8652;4.96;
271.5079;22.2189;4.96;
272.9306;-23.7012;4.96;
272.9757;31.4053;4.96;A Her
351.2094;62.2828;4.96;
18.7963;-45.5317;4.97;ν Phe
29.0001;68.6852;4.97;ω Cas
55.5944;33.965;4.97;o Per
60.3256;-61.0788;4.97;ι Ret
65.0884;27.3508;4.97;Alkalbain
88.8747;-37.1207;4.97;ξ Col
118.3742;26.7658;4.97;φ Gem
155.7423;-66.9015;4.97;L Car
185.0874;3.3126;4.97;c Vir
202.1075;13.7788;4.97;
217.0434;-29.4916;4.97;l Hya
235.0704;-23.8181;4.97;
244.2539;-50.0681;4.97;γ1 Nor
255.7828;14.0919;4.97;
353.4883;31.3253;4.97;
354.9461;-14.2222;4.97;ω1 Aqr
356.5085;46.4203;4.97;ψ And
25.6813;-3.6902;4.98;
32.3556;25.9399;4.98;
44.6992;-64.0713;4.98;β Hor
76.6693;51.5977;4.98;
83.8159;-5.3873;4.98;Trapezium
83.8454;-5.4161;4.98;θ2 Ori
115.0967;-15.2639;4.98;
130.0061;-12.4754;4.98;a Hya
165.1867;6.1014;4.98;c Leo
177.4859;-70.2258;4.98;
186.7471;26.8257;4.98;
232.9458;40.8993;4.98;ν2 Boo
240.3607;29.8511;4.98;ι CrB
275.9775;58.8007;4.98;b Dra
284.061;4.2021;4.98;θ2 Ser
290.1371;-5.4158;4.98;f Aql
298.9807;58.846;4.98;
1.1255;-10.5095;4.99;
30.5755;54.4875;4.99;g Per
52.0128;49.0629;4.99;
55.5621;-31.9384;4.99;δ For
59.2845;61.1089;4.99;
69.7231;-12.1231;4.99;
80.7083;3.5445;4.99;m Ori
102.6914;41.7812;4.99;ψ7 Aur
102.7181;-34.3673;4.99;
105.7282;-4.2392;4.99;
111.4121;9.2761;4.99;ε CMi
123.3332;-15.7882;4.99;
136.4932;5.0923;4.99;ω Hya
137.7683;-44.8679;4.99;
142.9864;11.2998;4.99;ξ Leo
170.7066;43.4827;4.99;
184.1256;33.0615;4.99;
205.4365;-54.5594;4.99;Q Cen
213.0659;2.4094;4.99;
230.5345;-47.9278;4.99;ν1 Lup
230.8013;30.2878;4.99;η CrB
239.8761;-41.7444;4.99;
273.4743;64.3973;4.99;
291.0316;29.6213;4.99;
301.0816;-32.0563;4.99;
332.1081;-34.0438;4.99;υ PsA
344.1083;49.7335;4.99;
349.7403;-9.6107;4.99;ψ3 Aqr
61.1132;59.1555;5;
81.1061;17.3835;5;
91.8818;-37.2529;5;Elkurud
93.937;-13.7184;5;
104.0277;-14.0434;5;Isis
109.6332;49.4648;5;
144.3028;6.8358;5;
170.8028;-36.1648;5;
175.88;-62.4894;5;
232.8539;77.3494;5;θ UMi
242.0189;17.047;5;Marsic
269.772;-30.253;5;
271.8697;43.4619;5;
283.7798;-22.6713;5;ν2 Sgr
285.3599;46.9348;5;
288.4798;57.7051;5;
293.6454;19.7734;5;
296.6067;33.7276;5;
359.3962;-64.2982;5;η Tuc
2.5802;46.0723;5.01;
7.0121;17.8931;5.01;
24.8375;44.3862;5.01;χ And
75.5409;-26.275;5.01;
78.8516;32.6876;5.01;
92.8124;-65.5894;5.01;η2 Dor
94.4784;61.5153;5.01;
112.4532;27.9161;5.01;b Gem
118.0653;-34.7054;5.01;
128.6817;-49.9442;5.01;C Vel
143.5366;-51.2553;5.01;L Vel
160.7668;69.0762;5.01;
174.8733;-65.3978;5.01;
184.749;-55.143;5.01;F Cen
186.4622;39.0186;5.01;
187.5277;69.2011;5.01;
260.0786;18.0571;5.01;
297.2444;19.142;5.01;ζ Sge
299.4876;-15.4915;5.01;g Sgr
67.209;13.0476;5.02;b Tau
81.1631;37.3853;5.02;σ Aur
143.3019;-21.1157;5.02;
158.2369;-47.0034;5.02;t Vel
163.9349;33.5069;5.02;
209.1424;27.4921;5.02;
223.2128;-37.8032;5.02;
229.2745;71.8239;5.02;Pherkad Minor
267.2679;50.7811;5.02;
267.3626;76.9629;5.02;
275.3861;49.1216;5.02;
281.2081;2.06;5.02;
284.3353;-20.6563;5.02;ξ1 Sgr
291.3187;-24.5086;5.02;χ1 Sgr
326.934;-30.8983;5.02;θ PsA
31.6414;22.6483;5.03;κ Ari
72.5484;-16.2172;5.03;
90.815;-26.2845;5.03;
109.2059;-36.5926;5.03;
116.487;-14.5638;5.03;
127.3645;-44.7248;5.03;
164.8666;40.4303;5.03;Chalawan
188.7823;18.3771;5.03;
205.4032;-8.703;5.03;m Vir
213.7381;-57.0861;5.03;
252.9386;24.6564;5.03;
255.4693;-32.1435;5.03;
259.6541;10.8645;5.03;e Oph
280.6581;55.5395;5.03;c Dra
290.7134;-54.4239;5.03;η Tel
292.666;-2.7889;5.03;e Aql
297.6572;52.988;5.03;d Cyg
313.6402;28.0576;5.03;
0.583;-29.7204;5.04;ζ Scl
17.0035;43.9421;5.04;
26.5261;-53.522;5.04;q2 Eri
49.0508;50.9377;5.04;
70.5145;-37.1443;5.04;β Cae
89.768;-9.5583;5.04;
91.7641;-62.1546;5.04;
94.1109;12.2722;5.04;k Ori
100.7707;44.5244;5.04;ψ4 Aur
110.8688;25.0505;5.04;A Gem
114.8691;17.6745;5.04;f Gem
115.7379;-45.1731;5.04;
121.6681;-45.266;5.04;
181.1936;-76.5191;5.04;κ Cha
198.0148;-16.1986;5.04;
201.2797;-74.8878;5.04;ι1 Mus
202.3552;-51.1651;5.04;K Cen
229.2371;-60.9573;5.04;δ Cir
229.8283;1.7654;5.04;
232.7323;40.833;5.04;ν1 Boo
238.3336;-20.167;5.04;λ Lib
319.6133;43.9459;5.04;A Cyg
324.2374;40.4135;5.04;
329.8124;73.1799;5.04;
339.4391;-4.2281;5.04;Situla
49.7818;50.095;5.05;
57.2967;24.1367;5.05;Pleione
76.2417;-49.5778;5.05;η2 Pic
80.0038;33.9581;5.05;
99.6568;-48.2202;5.05;
115.127;87.0201;5.05;
129.7829;-22.6619;5.05;
271.7564;30.5621;5.05;b Her
332.8774;59.4145;5.05;λ Cep
347.3811;8.6772;5.05;
350.0858;5.3813;5.05;b Psc
356.9782;67.8068;5.05;
55.5389;63.2168;5.06;
78.8516;-26.9435;5.06;
80.4427;-24.773;5.06;
92.1844;-68.8434;5.06;ν Dor
92.9659;-6.5503;5.06;
96.9899;-4.7622;5.06;
113.5776;-23.4737;5.06;n Pup
124.5784;-65.6132;5.06;
151.5467;-47.37;5.06;
165.2101;39.2121;5.06;
215.5965;-80.1089;5.06;ε Aps
257.6763;-44.5577;5.06;
295.2091;45.5249;5.06;
295.6297;-16.124;5.06;e2 Sgr
300.3398;50.1047;5.06;e Cyg
309.633;24.116;5.06;
312.5205;44.0593;5.06;
312.8752;-51.6082;5.06;ι Ind
318.3355;-70.1263;5.06;ο Pav
358.122;19.1203;5.06;φ Peg
8.1829;-63.0315;5.07;β3 Tuc
12.2446;16.9406;5.07;
48.1935;-1.1961;5.07;
67.7087;-44.9537;5.07;δ Cae
69.9778;53.0795;5.07;
81.1205;-0.8913;5.07;p Ori
104.6046;-34.1117;5.07;t Pup
108.3428;16.159;5.07;
112.3352;28.1183;5.07;
116.8541;-38.5111;5.07;
142.9899;9.7158;5.07;h Leo
143.4724;-80.9413;5.07;ζ Cha
145.0765;-14.3323;5.07;Al Sharasif
148.1268;-8.105;5.07;γ Sex
158.7001;6.9537;5.07;
172.942;-59.4421;5.07;ο1 Cen
213.1918;-27.2612;5.07;
249.0572;52.9244;5.07;
257.3885;40.777;5.07;
262.9911;68.135;5.07;Adfar Aldib
278.0081;-45.7574;5.07;δ2 Tel
286.7442;11.0712;5.07;
309.7824;10.0862;5.07;κ Del
327.4612;30.1742;5.07;
331.2866;62.2798;5.07;
9.0346;54.1685;5.08;
57.0678;11.1433;5.08;e Tau
69.7884;15.7998;5.08;σ1 Tau
72.8436;18.8399;5.08;i Tau
80.6397;79.2311;5.08;
81.912;34.4759;5.08;φ Aur
92.5603;-74.753;5.08;α Men
101.9051;-8.9985;5.08;
119.3268;-44.1099;5.08;N Pup
126.9024;-53.0885;5.08;F Vel
147.1474;46.021;5.08;
157.5728;-0.637;5.08;β Sex
158.5037;-23.7452;5.08;
159.0855;-59.5644;5.08;t1 Car
160.854;23.1884;5.08;
170.8412;-18.78;5.08;λ Crt
193.6537;-57.1687;5.08;μ2 Cru
224.1833;-62.781;5.08;θ Cir
283.6796;-15.603;5.08;
301.7225;23.6144;5.08;
306.83;-18.2117;5.08;Okul
328.324;-13.5518;5.08;μ Cap
338.9422;73.6432;5.08;
12.1476;-74.9234;5.09;λ Hyi
29.3377;17.8175;5.09;ι Ari
52.5008;55.4518;5.09;
75.0863;81.1941;5.09;
98.408;-1.2202;5.09;
110.4869;20.4437;5.09;
111.591;-51.0185;5.09;
119.7738;-23.3104;5.09;
123.493;-36.3223;5.09;
132.6394;-46.5292;5.09;f Vel
141.5748;-53.3789;5.09;I Vel
146.6319;57.1281;5.09;
147.4881;-45.7327;5.09;u Vel
170.8392;-64.9547;5.09;
184.0008;14.8991;5.09;
237.815;-3.0905;5.09;b Ser
242.7586;-29.4162;5.09;
267.2048;25.6229;5.09;
275.5774;-38.6569;5.09;
301.2896;19.9911;5.09;η Sge
325.0463;43.2738;5.09;
328.2657;25.9251;5.09;
331.5081;45.0143;5.09;
335.007;-80.4397;5.09;ε Oct
345.6516;42.7578;5.09;
350.769;12.3139;5.09;
355.8432;10.3315;5.09;
44.322;31.9342;5.1;
50.6885;20.7421;5.1;
62.5114;80.6987;5.1;
65.9659;9.461;5.1;r Tau
87.473;-66.9012;5.1;ε Dor
177.1878;-26.7498;5.1;
199.2214;-31.5062;5.1;r Cen
216.0473;5.8201;5.1;
240.3097;17.8184;5.1;r Her
251.6666;-67.1097;5.1;
261.0545;-44.1626;5.1;
272.2203;20.0452;5.1;
289.6354;1.0851;5.1;
324.8886;2.2436;5.1;d Aqr
326.2511;-9.0824;5.1;c Cap
345.0213;56.9454;5.1;
358.027;-82.0188;5.1;γ1 Oct
22.4006;-21.6293;5.11;
58.4123;-34.7323;5.11;i Eri
77.1821;-4.4562;5.11;
103.426;68.8883;5.11;
109.6591;-36.7427;5.11;v2 Pup
149.4211;41.0556;5.11;
167.1417;-61.9472;5.11;z2 Car
201.5324;-39.7551;5.11;
238.8733;-68.603;5.11;κ TrA
276.0574;39.5072;5.11;Al Athfar
280.9456;-38.3234;5.11;λ CrA
287.2912;76.5605;5.11;
310.011;-60.5489;5.11;φ2 Pav
312.1214;-43.9885;5.11;ι Mic
329.1631;63.6256;5.11;
334.1107;-41.6272;5.11;μ2 Gru
339.658;56.7956;5.11;
341.0228;41.8192;5.11;
28.5918;-42.4969;5.12;φ Phe
45.9034;-59.7378;5.12;μ Hor
76.6902;-4.6552;5.12;
107.6978;-48.9321;5.12;
110.5109;36.7606;5.12;
115.9247;-40.9337;5.12;
117.925;1.7669;5.12;ζ CMi
139.096;-44.2657;5.12;
143.4356;-49.0051;5.12;
160.4856;65.7163;5.12;
163.3935;54.5851;5.12;
172.9533;-59.5156;5.12;ο2 Cen
188.9397;-41.0219;5.12;
191.6615;16.5777;5.12;
266.0363;-51.8341;5.12;Cervantes
275.2543;28.87;5.12;t Her
277.8596;-18.4027;5.12;
278.76;-10.9772;5.12;
292.6891;27.9653;5.12;β2 Cyg
293.7802;-10.5604;5.12;
297.7568;10.4157;5.12;ο Aql
308.4795;-44.516;5.12;ν Mic
335.3982;-21.5982;5.12;
345.8742;-34.7494;5.12;π PsA
0.456;-3.0275;5.13;
3.6151;-7.7805;5.13;
19.4498;3.6145;5.13;f Psc
37.0071;-33.811;5.13;φ For
51.169;64.586;5.13;
83.8186;-5.3897;5.13;Becklin's Star
125.0161;27.2177;5.13;χ Cnc
126.4782;7.5645;5.13;
173.2255;-31.0872;5.13;
211.9823;43.8545;5.13;
226.3299;-41.0672;5.13;
233.6555;-28.047;5.13;
243.8138;-47.372;5.13;θ Nor
260.2259;24.4994;5.13;
287.9191;56.8592;5.13;
316.1794;-77.0238;5.13;α Oct
359.7324;-52.7458;5.13;π Phe
9.1935;44.4886;5.14;
18.6002;-7.9228;5.14;
52.602;11.3364;5.14;s Tau
57.3862;33.0914;5.14;n Per
81.5803;-58.9125;5.14;λ Dor
90.864;19.6906;5.14;
102.4776;-46.6146;5.14;
102.7379;67.5719;5.14;
105.2145;-51.4026;5.14;
105.9086;10.9518;5.14;
106.0764;-56.7497;5.14;
114.3195;-4.111;5.14;
116.8763;33.4157;5.14;π Gem
119.4655;-45.5777;5.14;O Pup
121.2687;13.1182;5.14;
123.4006;-46.9916;5.14;
161.7395;-56.7572;5.14;
172.1462;-42.6742;5.14;
174.2522;-61.2834;5.14;
183.0498;77.6162;5.14;
185.2321;-13.5657;5.14;
199.5605;49.6821;5.14;
214.8853;-2.2655;5.14;υ Vir
233.8122;39.0101;5.14;μ CrB
239.2229;-33.9661;5.14;ξ1 Lup
259.5028;-24.2869;5.14;ο Oph
284.6519;-60.2005;5.14;ω Pav
288.4279;2.2937;5.14;
291.3692;19.7984;5.14;
298.3224;57.5235;5.14;
304.6628;34.9828;5.14;
310.4878;-66.7607;5.14;υ Pav
17.7782;31.4247;5.15;g Psc
30.4266;-44.7135;5.15;χ Phe
38.0257;36.1473;5.15;
94.4238;-16.8159;5.15;
116.6637;37.5174;5.15;
130.9178;-49.8228;5.15;D Vel
132.9868;43.7266;5.15;
137.0979;66.8732;5.15;σ1 UMa
145.7383;72.2526;5.15;
153.3776;-66.3728;5.15;M Car
166.8195;-42.6387;5.15;
174.5304;-61.8266;5.15;
180.9149;-42.4341;5.15;
185.5306;-67.5221;5.15;ζ2 Mus
196.9742;-10.7404;5.15;
206.7348;-36.2519;5.15;z Cen
221.5003;-25.4432;5.15;m Hya
222.6716;-15.9972;5.15;Zubenelgenubi
228.6597;67.3467;5.15;
229.0168;-41.4912;5.15;
232.1593;1.8421;5.15;
251.4579;8.5826;5.15;i Her
299.98;37.0429;5.15;
309.8537;0.4864;5.15;
310.0123;-18.1387;5.15;υ Cap
311.6619;16.1241;5.15;γ1 Del
347.9341;8.7201;5.15;
5.2803;37.9686;5.16;ρ And
35.5893;55.8457;5.16;i Per
44.1559;-3.7123;5.16;
49.6573;50.2222;5.16;
87.7218;-52.1089;5.16;
97.846;-12.392;5.16;
117.9429;-13.898;5.16;
123.8163;-62.9156;5.16;C Car
137.3397;22.0454;5.16;Nahn
158.7904;57.0826;5.16;
208.6756;-1.5031;5.16;p Vir
226.2008;-64.0314;5.16;η Cir
231.4475;15.428;5.16;τ1 Ser
233.6105;-9.1834;5.16;
278.0889;-39.704;5.16;
320.7234;6.8111;5.16;β Equ
325.3869;-14.0476;5.16;
343.1003;9.8357;5.16;σ Peg
7.5944;-23.7877;5.17;
12.5316;-10.6443;5.17;φ2 Cet
17.0683;54.9203;5.17;Marfak
39.5085;72.8183;5.17;
41.2399;12.4458;5.17;
65.9202;-3.7455;5.17;ξ Eri
117.4217;-17.2284;5.17;
134.7181;-47.2347;5.17;
134.8508;-59.0837;5.17;b2 Car
179.004;-17.1508;5.17;η Crt
181.9578;-75.367;5.17;
186.0772;26.0986;5.17;
190.3165;-13.0139;5.17;
194.2681;-51.1988;5.17;H Cen
268.3251;40.008;5.17;f Her
286.5831;-52.3409;5.17;ρ Tel
291.2425;11.9444;5.17;b Aql
291.538;36.3179;5.17;
294.1582;44.6949;5.17;
316.3094;-54.727;5.17;μ Ind
318.9079;-20.6517;5.17;φ Cap
357.8389;-18.9092;5.17;i3 Aqr
5.38;-28.9815;5.18;ι Scl
7.0569;44.3945;5.18;
25.7328;70.6225;5.18;
61.6517;27.5999;5.18;
73.6954;11.426;5.18;Manica
77.9232;16.0457;5.18;
82.9709;-76.341;5.18;γ Men
84.9342;25.8971;5.18;
86.4996;-32.3064;5.18;μ Col
104.9606;-67.9164;5.18;
111.1674;-16.2015;5.18;
125.3377;-36.4842;5.18;
126.3805;-51.7274;5.18;
129.99;-53.0547;5.18;
138.5856;61.4233;5.18;c UMa
160.887;46.2039;5.18;
169.3225;2.0106;5.18;
171.4298;-63.9725;5.18;
213.0167;69.4325;5.18;
223.894;-60.1142;5.18;
283.1652;-52.1074;5.18;κ Tel
294.7985;5.3978;5.18;σ Aql
297.6416;38.7224;5.18;
303.876;23.5089;5.18;
307.8767;74.9546;5.18;
325.7668;72.3201;5.18;
356.8166;-50.2265;5.18;σ Phe
35.6356;-23.8163;5.19;κ For
36.1038;50.0065;5.19;
76.8918;-63.3997;5.19;
91.0563;-6.7089;5.19;
96.8073;0.2992;5.19;
119.9064;-60.5871;5.19;
129.7715;-70.3867;5.19;θ Vol
132.4646;-32.7805;5.19;
157.3696;-2.7391;5.19;δ Sex
174.0117;69.323;5.19;
199.1938;9.4242;5.19;e Vir
226.6567;-16.2568;5.19;Zuben Hakrabi
236.6667;62.5996;5.19;
247.7057;-61.6335;5.19;
261.5002;-50.6335;5.19;κ Ara
303.5605;28.6948;5.19;
313.9029;13.7215;5.19;
319.8426;64.8719;5.19;
339.6627;63.5845;5.19;
349.7765;-13.4547;5.19;
350.6632;-15.0393;5.19;
7.5307;29.7516;5.2;
8.812;-3.5928;5.2;
64.1795;53.6118;5.2;
68.5485;-8.2314;5.2;
88.7409;59.8884;5.2;
93.712;19.1564;5.2;
97.3687;-56.8528;5.2;
100.6014;17.6453;5.2;
105.6033;24.2154;5.2;ω Gem
106.0116;-42.3373;5.2;C Pup
108.9788;59.6375;5.2;
111.9348;21.4452;5.2;
122.3996;-44.1228;5.2;
130.0799;-40.2639;5.2;
130.4871;-45.4107;5.2;
175.4331;-32.4994;5.2;
185.1402;-22.2159;5.2;ζ Crv
196.4351;35.7989;5.2;
209.6298;-24.9722;5.2;
245.5893;33.7991;5.2;ν1 CrB
276.8021;0.1961;5.2;d Ser
281.9359;-40.4062;5.2;μ CrA
284.2567;32.9013;5.2;
286.8566;32.5017;5.2;
316.6028;-32.3416;5.2;
316.7248;38.7494;5.2;
349.7778;-13.4586;5.2;
16.9494;-41.4869;5.21;υ Phe
18.4329;7.5754;5.21;Revati
40.1651;-54.5499;5.21;ζ Hor
61.7519;29.0013;5.21;ψ Tau
89.7065;0.553;5.21;
96.043;-11.5301;5.21;
96.7036;58.4174;5.21;
100.4849;-9.1675;5.21;
171.3727;-36.0631;5.21;
198.9949;-19.9431;5.21;
203.242;-10.165;5.21;h Vir
237.5731;2.1965;5.21;ω Ser
260.817;-47.4682;5.21;ι Ara
338.6735;-20.7082;5.21;υ Aqr
11.185;-22.0061;5.22;
31.3815;76.1151;5.22;
44.6753;-2.7829;5.22;
63.651;10.0114;5.22;
69.4005;-2.4735;5.22;c Eri
76.5352;58.9724;5.22;
80.4517;41.8046;5.22;ρ Aur
97.9512;11.5444;5.22;
101.9149;48.7895;5.22;ψ6 Aur
105.4849;-5.7221;5.22;
112.0086;6.942;5.22;η CMi
116.8813;-46.6085;5.22;
119.8682;-39.2969;5.22;
134.3123;15.3228;5.22;ο1 Cnc
168.1884;-64.1698;5.22;
171.6476;-61.1152;5.22;
180.5283;43.0456;5.22;
191.4044;7.6733;5.22;d2 Vir
214.9646;-61.273;5.22;
221.7554;-52.3835;5.22;b Lup
251.9434;5.2467;5.22;l Her
282.4171;-20.3247;5.22;
282.4705;32.5511;5.22;ν Lyr
290.712;26.2624;5.22;
300.3689;64.821;5.22;e Dra
322.3623;46.5406;5.22;g Cyg
352.8226;39.2362;5.22;Veritate
20.2807;28.7382;5.23;l Psc
33.2004;21.211;5.23;η Ari
46.6396;-6.0886;5.23;
101.1186;-31.0705;5.23;
111.0353;40.6724;5.23;
122.4298;-47.9372;5.23;
133.9153;27.9275;5.23;ρ2 Cnc
134.8861;32.4186;5.23;σ3 Cnc
135.4357;-52.1887;5.23;
136.9367;10.6682;5.23;κ Cnc
149.7178;-35.891;5.23;η Ant
161.6233;-64.2632;5.23;
163.373;-20.1387;5.23;b3 Hya
193.869;65.4385;5.23;Taiyi
221.9367;-26.0875;5.23;
235.6596;-37.4249;5.23;h Lup
243.6702;33.8586;5.23;σ CrB
252.8905;-41.2305;5.23;
253.6487;-6.154;5.23;
263.7483;61.8746;5.23;
287.2496;6.0732;5.23;
300.506;24.938;5.23;
2.9334;-35.1331;5.24;θ Scl
12.6716;-50.9868;5.24;ρ Phe
25.624;20.2685;5.24;
45.2176;52.3517;5.24;
49.5534;-62.5064;5.24;ζ2 Ret
54.0726;-17.4671;5.24;
56.1271;-1.1631;5.24;
56.9152;-23.8747;5.24;τ7 Eri
57.5789;25.5794;5.24;
65.4722;-63.3864;5.24;η Ret
68.549;-8.9703;5.24;
80.866;57.5444;5.24;
83.9145;-4.8561;5.24;
101.6847;43.5774;5.24;ψ5 Aur
109.6396;-39.2103;5.24;F Pup
113.0248;1.9145;5.24;δ1 CMi
129.4673;-26.255;5.24;η Pyx
138.602;-43.2275;5.24;z Vel
139.1739;-6.3531;5.24;
174.615;8.1343;5.24;ω Vir
197.8467;-43.3686;5.24;
226.5697;54.5563;5.24;
243.4621;-11.8377;5.24;χ Sco
246.9311;-7.5979;5.24;
247.6398;20.4792;5.24;s Her
276.076;-44.1103;5.24;
299.2763;-58.9014;5.24;
309.818;-14.9548;5.24;τ Cap
314.7713;4.2946;5.24;
325.5029;-23.2629;5.24;
332.9532;56.8394;5.24;
341.888;-19.6134;5.24;
356.0503;-18.2769;5.24;i1 Aqr
25.5358;-32.327;5.25;π Scl
33.9845;33.3589;5.25;
42.2562;-62.8065;5.25;ν Hor
80.8757;-13.9274;5.25;
98.0891;-37.6967;5.25;
99.4484;-32.3397;5.25;
116.5675;10.7683;5.25;
121.0675;-32.6748;5.25;
154.4075;-8.0689;5.25;ε Sex
157.7694;82.5586;5.25;
234.4567;40.3534;5.25;Ceginus
264.523;-54.5004;5.25;π Ara
270.596;20.8336;5.25;
275.7043;17.8266;5.25;
281.4449;74.0856;5.25;
286.8255;36.1002;5.25;ι Lyr
318.2628;-39.4249;5.25;
340.3694;40.2254;5.25;
345.887;67.2092;5.25;
42.3232;17.4643;5.26;Al Butain
46.0688;-7.6009;5.26;ρ3 Eri
65.1513;15.0955;5.26;
65.168;65.1404;5.26;
87.001;6.4542;5.26;
98.8003;28.0223;5.26;
138.575;-55.5696;5.26;
139.5245;-51.0509;5.26;K Vel
149.5557;12.4448;5.26;ν Leo
152.1781;-65.8154;5.26;
163.1285;-57.2404;5.26;
173.9816;-47.6416;5.26;C2 Cen
175.1961;21.3527;5.26;
178.6772;-25.7139;5.26;
208.0203;-52.8115;5.26;N Cen
212.0721;49.4582;5.26;
232.3511;-46.7327;5.26;
234.1232;10.0102;5.26;
245.453;69.1094;5.26;
284.9395;26.2304;5.26;
330.9707;63.1199;5.26;
22.5254;47.0073;5.27;Thail
31.2809;77.2813;5.27;
33.227;-30.7238;5.27;μ For
37.8754;2.2672;5.27;
37.9189;-79.1094;5.27;μ Hyi
50.3068;21.1471;5.27;τ Ari
66.3542;22.2;5.27;
94.9283;-7.8229;5.27;
101.8392;-37.9297;5.27;x Pup
113.402;15.8267;5.27;
128.8148;-58.2247;5.27;e1 Car
148.9292;49.8198;5.27;
153.3452;-51.233;5.27;
157.2191;-64.1723;5.27;
176.7318;55.6282;5.27;
190.7094;-63.0586;5.27;
201.6799;-12.7077;5.27;i Vir
223.5839;-24.6422;5.27;
245.1119;-78.6675;5.27;δ2 Aps
255.4015;33.5683;5.27;d Her
255.7863;-53.237;5.27;ε2 Ara
284.7739;13.6222;5.27;
304.2304;40.3651;5.27;
327.7273;-82.7189;5.27;λ Oct
331.2521;62.7857;5.27;
333.2942;86.108;5.27;
355.6159;-15.448;5.27;
24.6288;73.04;5.28;
59.1522;50.6954;5.28;A Per
60.3835;-1.5497;5.28;
71.0881;-59.7327;5.28;κ Dor
76.9517;20.4184;5.28;l Tau
84.4359;-28.6897;5.28;ν2 Col
86.9288;13.8996;5.28;
91.9235;-19.1659;5.28;
97.4544;-50.2391;5.28;
101.7129;-14.426;5.28;
102.8877;21.7611;5.28;d Gem
125.5186;-73.4;5.28;η Vol
131.8124;-1.897;5.28;
138.9574;56.7414;5.28;
139.3549;-74.8943;5.28;
144.5907;40.2398;5.28;
176.4332;-45.6901;5.28;
180.2132;-19.659;5.28;
184.953;48.9841;5.28;
228.6215;29.1643;5.28;χ Boo
246.9889;-64.0579;5.28;ι TrA
249.5019;56.0155;5.28;
261.7166;-45.843;5.28;
278.4907;-33.0166;5.28;
289.4542;11.5954;5.28;ω1 Aql
295.6417;11.8266;5.28;χ Aql
299.0594;11.4237;5.28;φ Aql
304.8484;-19.1185;5.28;σ Cap
336.1537;-72.2554;5.28;ν Ind
356.5038;-18.6783;5.28;i2 Aqr
2.5091;-82.224;5.29;γ3 Oct
3.0416;-17.9383;5.29;
26.4115;-25.0526;5.29;ε Scl
29.9085;64.6216;5.29;
34.7375;28.6427;5.29;
35.4859;0.3957;5.29;
37.0416;29.6693;5.29;
63.3879;7.716;5.29;
66.5263;31.4389;5.29;
72.0011;56.7572;5.29;
79.9959;-12.3156;5.29;ν Lep
85.5633;-34.6678;5.29;
88.7087;-52.6355;5.29;
103.9455;-22.9414;5.29;
109.7136;-26.5859;5.29;
147.971;24.3954;5.29;g Leo
187.2279;25.9129;5.29;
213.7119;10.1006;5.29;
273.8038;-20.7283;5.29;
283.6964;-87.6058;5.29;χ Oct
321.7151;48.8352;5.29;
323.0245;-41.1793;5.29;ξ Gru
326.5182;22.9489;5.29;
331.1976;-0.9063;5.29;
10.2799;39.4587;5.3;
39.3515;-52.5431;5.3;η Hor
40.1711;27.0609;5.3;Barani
53.1094;46.0569;5.3;
70.6934;-50.4813;5.3;λ Pic
70.7264;43.3651;5.3;
75.6792;-71.3143;5.3;β Men
101.4975;-14.7961;5.3;
108.0659;-40.4988;5.3;E Pup
116.0288;25.7842;5.3;c Gem
119.5861;2.2248;5.3;
121.9411;21.5818;5.3;μ Cnc
132.3405;-3.443;5.3;
138.4509;43.2178;5.3;
145.1773;-57.9836;5.3;
152.5245;-12.8159;5.3;
172.2672;39.337;5.3;
260.84;-28.1428;5.3;
274.7945;24.4461;5.3;
295.1808;-16.2933;5.3;e1 Sgr
299.964;-34.6978;5.3;θ2 Sgr
304.1962;24.6711;5.3;
305.7946;5.343;5.3;
314.5681;22.3259;5.3;
314.7687;4.2935;5.3;ε Equ
317.1401;-21.1937;5.3;χ Cap
321.839;37.1168;5.3;
325.5644;5.6801;5.3;
346.9136;46.3872;5.3;
355.159;-32.0731;5.3;μ Scl
358.1546;10.9473;5.3;
33.4014;51.0658;5.31;
34.82;47.38;5.31;c And
86.6141;-46.5972;5.31;
116.0174;50.4338;5.31;
133.4608;-47.5208;5.31;
139.2378;-39.4015;5.31;
168.9662;13.3076;5.31;n Leo
175.2626;34.2016;5.31;
176.9788;8.2459;5.31;A1 Vir
183.5112;-45.7239;5.31;D Cen
198.5454;-19.9309;5.31;
247.924;-41.8171;5.31;
262.5992;-1.0629;5.31;
287.4703;-68.4244;5.31;
318.9368;-15.1715;5.31;
336.235;-57.7974;5.31;
17.6638;68.7786;5.32;
45.6761;-7.6855;5.32;ρ2 Eri
50.805;49.2133;5.32;
60.9359;5.4356;5.32;
69.307;0.9983;5.32;
83.5699;3.7669;5.32;n2 Ori
117.257;-24.9122;5.32;
126.2656;-24.0462;5.32;
162.3143;10.5452;5.32;l Leo
175.6182;66.7449;5.32;
185.8976;-35.4127;5.32;x1 Cen
201.308;-64.4851;5.32;
222.3294;-14.149;5.32;μ Lib
223.9363;-33.8558;5.32;
228.7973;4.9394;5.32;
245.6166;-49.5724;5.32;
258.1159;10.5852;5.32;
297.9609;-39.8744;5.32;
300.4686;-66.944;5.32;μ2 Pav
302.7997;-36.1012;5.32;
315.7415;-38.6314;5.32;ζ Mic
342.5951;-80.1238;5.32;ξ Oct
16.4206;21.4732;5.33;ψ1 Psc
64.8196;-44.2679;5.33;
73.3449;2.5082;5.33;
73.6991;7.7791;5.33;
76.9704;8.4984;5.33;i Ori
121.8252;-20.5543;5.33;
124.954;-71.5149;5.33;κ1 Vol
127.2698;-47.9289;5.33;A Vel
127.8989;18.0944;5.33;θ Cnc
128.1771;20.4412;5.33;η Cnc
161.569;-64.5146;5.33;
199.3151;13.6758;5.33;
275.7212;-36.6696;5.33;
284.5614;17.3609;5.33;
297.005;-56.3626;5.33;ν Tel
300.0138;17.5165;5.33;
333.5751;-21.0746;5.33;
353.3671;22.4988;5.33;
30.3113;-30.0018;5.34;π For
43.4276;38.3375;5.34;
56.4185;6.05;5.34;u Tau
64.9029;21.7735;5.34;
79.7967;2.5958;5.34;
83.1723;-1.5918;5.34;
83.2482;-64.2275;5.34;
93.8547;16.1432;5.34;f2 Ori
95.4422;53.4522;5.34;
99.7049;39.9026;5.34;ψ3 Aur
101.7063;57.1692;5.34;
103.271;59.4485;5.34;
113.7867;30.9609;5.34;
123.2033;68.4741;5.34;
132.6451;-66.793;5.34;
141.0384;-80.7869;5.34;ι Cha
155.8721;-38.0098;5.34;
181.162;-68.3289;5.34;
182.0613;-48.6925;5.34;E Cen
193.9881;-56.8358;5.34;
216.2026;-24.8063;5.34;
235.4476;12.8475;5.34;χ Ser
253.2419;31.7017;5.34;
293.6719;42.4125;5.34;
313.4174;-39.8099;5.34;
327.5362;17.2859;5.34;
333.1993;34.6046;5.34;
334.2002;-12.8314;5.34;
344.2688;48.6841;5.34;
12.6817;64.2475;5.35;
14.0062;-11.2665;5.35;φ3 Cet
21.5636;19.1723;5.35;ρ Psc
71.5073;11.7056;5.35;
91.6462;38.4826;5.35;
92.4959;58.9357;5.35;
111.1827;-31.8089;5.35;
112.4832;49.6725;5.35;
130.2545;45.834;5.35;
143.0803;-40.6493;5.35;
205.7655;3.5379;5.35;
230.2583;0.7153;5.35;
238.6577;43.1386;5.35;
242.0316;-26.3267;5.35;
247.4264;-46.2432;5.35;
253.8424;18.4332;5.35;
264.1569;48.5856;5.35;y Her
284.0706;-42.7107;5.35;
288.1696;-7.9395;5.35;
335.0497;-7.8211;5.35;ρ Aqr
350.4789;31.8125;5.35;
354.7847;50.4717;5.35;
9.9815;21.4385;5.36;
11.6373;15.4755;5.36;
16.8278;-61.7753;5.36;ι Tuc
36.2246;-60.3119;5.36;λ Hor
38.0393;-1.0349;5.36;
61.0411;2.8269;5.36;
69.992;53.473;5.36;
83.381;-1.1561;5.36;
87.8416;-7.518;5.36;
93.2128;65.7184;5.36;
94.7108;-9.39;5.36;
108.5836;3.1114;5.36;
108.8378;-30.6864;5.36;
116.3959;-34.1724;5.36;
119.2408;-43.5004;5.36;
122.8875;-7.7725;5.36;
138.8077;14.9415;5.36;π Cnc
145.9329;14.0217;5.36;ψ Leo
160.669;-59.2158;5.36;
161.4662;30.6823;5.36;
179.9871;3.6552;5.36;b Vir
200.7546;-17.7353;5.36;
221.3222;-62.8756;5.36;
231.1875;-39.7103;5.36;υ Lup
234.7273;-19.3019;5.36;
260.041;25.5376;5.36;
274.2814;-56.0234;5.36;
284.1687;-37.3432;5.36;
311.8894;80.5523;5.36;
334.5651;-53.6271;5.36;
355.3937;-18.0271;5.36;A1 Aqr
26.4969;-5.7333;5.37;
75.7029;-49.1514;5.37;η1 Pic
83.863;24.0396;5.37;
91.6614;-4.1938;5.37;
93.9189;59.999;5.37;
96.3693;-69.6903;5.37;π2 Dor
110.8708;-27.8343;5.37;
111.2424;11.6695;5.37;
120.0489;73.9179;5.37;
150.2527;31.9237;5.37;
168.1377;-49.101;5.37;
187.4889;58.4057;5.37;
194.9795;66.5973;5.37;
224.4708;-76.6627;5.37;
244.3139;59.755;5.37;
246.0054;-39.193;5.37;
270.7129;-24.2825;5.37;
277.7702;-32.9891;5.37;
281.5859;-22.3922;5.37;
281.5926;75.434;5.37;
332.4821;-34.015;5.37;
333.0084;60.7591;5.37;
335.1149;5.7895;5.37;
346.1651;-53.9649;5.37;κ Gru
5.1494;8.1903;5.38;d Psc
6.1979;61.8311;5.38;
8.1479;20.2943;5.38;
10.6182;-65.468;5.38;ρ Tuc
38.945;34.6876;5.38;
60.6531;-0.2689;5.38;
65.1626;-20.6396;5.38;
65.6456;25.6293;5.38;χ Tau
69.7757;7.871;5.38;
79.7501;33.7484;5.38;
110.1617;-52.0859;5.38;
118.9162;19.884;5.38;
139.3218;-68.6896;5.38;
141.9449;-6.0712;5.38;
185.706;-57.6761;5.38;
186.8702;-58.9918;5.38;
192.3069;83.4129;5.38;
205.5045;-58.7871;5.38;
217.5873;-49.519;5.38;
224.0719;-52.8095;5.38;c Lup
230.4524;32.9337;5.38;
238.4746;-24.5332;5.38;
260.1649;32.4677;5.38;w Her
277.4207;-1.9853;5.38;c Ser
278.4862;52.3535;5.38;
279.116;9.1225;5.38;
281.8706;-5.7051;5.38;
289.0906;-45.466;5.38;
297.6949;-10.7635;5.38;
301.5907;35.9725;5.38;b1 Cyg
307.0608;81.4227;5.38;
315.2955;46.1558;5.38;
321.04;-20.8519;5.38;
332.7912;50.8234;5.38;
15.705;-46.3973;5.39;
42.4758;-27.942;5.39;γ2 For
58.9924;47.8714;5.39;
62.7078;26.481;5.39;p Tau
71.1076;11.1461;5.39;
74.9602;-10.2633;5.39;
94.2776;9.9424;5.39;l Ori
101.7195;-51.2657;5.39;
102.2406;-15.1447;5.39;
121.1961;79.4796;5.39;
142.885;35.1033;5.39;
171.0097;1.4078;5.39;
173.405;-40.5866;5.39;
219.334;-46.1334;5.39;a Lup
219.7093;44.4045;5.39;
236.5235;-1.8042;5.39;A2 Ser
240.2611;33.3035;5.39;ρ CrB
242.4605;-3.4667;5.39;
253.7299;20.9585;5.39;
260.5245;-70.1232;5.39;ι Aps
275.0366;-15.8317;5.39;
285.057;50.5335;5.39;
293.7122;29.463;5.39;
297.3554;-72.5034;5.39;
308.4877;13.0273;5.39;η Del
321.9169;27.6086;5.39;
347.5061;9.8221;5.39;
15.7606;-4.8366;5.4;
40.6394;-50.8003;5.4;ι Hor
57.3072;70.871;5.4;
65.4485;60.7356;5.4;
67.6557;13.7244;5.4;
81.7921;17.9622;5.4;
84.6587;30.4924;5.4;
99.1368;38.4455;5.4;
110.7529;-31.9238;5.4;
133.5614;30.5791;5.4;
142.1142;9.0568;5.4;ω Leo
142.1666;45.6015;5.4;Intercrus
143.9146;35.8101;5.4;
168.4398;-0.0695;5.4;p5 Leo
202.1129;59.9458;5.4;
216.614;19.2269;5.4;f Boo
232.8784;-73.3896;5.4;κ1 Aps
245.6217;33.7035;5.4;ν2 CrB
246.1657;-29.7047;5.4;
281.2382;-39.6862;5.4;
285.7271;-3.699;5.4;g Aql
286.2299;53.3967;5.4;
286.2403;-4.0314;5.4;h Aql
301.387;61.9954;5.4;
319.4887;-17.9851;5.4;
2.8934;-27.7997;5.41;κ2 Scl
11.3216;55.2214;5.41;
23.9957;-15.4002;5.41;
102.8624;-70.9634;5.41;ι Vol
106.6699;-11.294;5.41;
110.8829;-32.2021;5.41;
112.2737;-38.8121;5.41;y Pup
115.3159;-38.5335;5.41;
189.4262;-27.1389;5.41;
206.8558;-17.8598;5.41;
214.8178;13.0043;5.41;
236.0183;-15.6728;5.41;η Lib
238.4828;-23.9781;5.41;
247.1416;0.665;5.41;
257.0086;35.9352;5.41;c Her
262.2069;0.3306;5.41;
274.7897;7.2598;5.41;
275.5363;23.2852;5.41;
279.1556;33.469;5.41;
294.8604;42.8183;5.41;
297.6867;-59.1937;5.41;
310.5526;50.34;5.41;
312.3257;-68.7765;5.41;σ Pav
318.3222;-27.6193;5.41;
2.3378;-27.9879;5.42;κ1 Scl
7.1105;-39.915;5.42;
11.9419;74.8476;5.42;
19.1512;-2.5004;5.42;
21.1699;-41.4925;5.42;
28.3223;40.7298;5.42;
30.7985;0.1285;5.42;
35.5517;-0.8849;5.42;
66.7623;80.8242;5.42;
98.4562;-36.232;5.42;
101.1894;28.9709;5.42;
113.4627;-36.3384;5.42;z Pup
127.8788;-19.5775;5.42;
137.0002;29.6542;5.42;τ Cnc
154.1697;13.7283;5.42;
176.8298;-57.6965;5.42;
188.4122;33.2476;5.42;
191.2826;45.4403;5.42;La Superba
217.1738;-6.9005;5.42;
246.1323;-37.566;5.42;
279.8965;-43.1859;5.42;
309.4547;11.3777;5.42;ι Del
321.9423;66.8091;5.42;
347.1705;2.1279;5.42;A Psc
29.9425;-20.8245;5.43;
30.1118;-8.5239;5.43;
35.5064;-10.7775;5.43;
41.0215;44.297;5.43;
77.3318;9.8296;5.43;h Ori
82.5425;63.0672;5.43;
97.9586;-8.1582;5.43;
131.6273;-45.9125;5.43;
134.1708;-85.6632;5.43;ζ Oct
146.586;-76.7761;5.43;ν Cha
158.0491;14.1373;5.43;
166.2258;-35.8047;5.43;
167.1833;-28.0807;5.43;
191.8931;66.7903;5.43;Tianyi
229.7048;-60.4963;5.43;
234.7061;-52.3727;5.43;
238.9483;37.947;5.43;λ CrB
239.6453;-24.8315;5.43;
243.0305;-8.5476;5.43;
257.4498;-10.5233;5.43;
268.7965;72.0051;5.43;
279.1628;6.6718;5.43;
283.0685;21.4251;5.43;
330.2093;-28.4537;5.43;η PsA
332.6562;-11.5649;5.43;e Aqr
342.443;55.9028;5.43;
342.759;-39.1568;5.43;
344.8644;0.9629;5.43;
357.209;62.2145;5.43;
14.459;28.9922;5.44;h Psc
44.349;-23.8622;5.44;
50.0823;77.7347;5.44;
57.0867;23.4212;5.44;
62.5938;-6.9239;5.44;
78.0936;73.9467;5.44;
79.8422;-50.606;5.44;ζ Pic
84.9577;-32.6292;5.44;
93.9374;12.5511;5.44;
101.559;79.5648;5.44;
103.6028;-1.127;5.44;
107.8484;-0.3019;5.44;
118.2646;-36.3638;5.44;
133.9815;11.626;5.44;
134.2358;32.9104;5.44;σ2 Cnc
144.3027;-53.6685;5.44;
161.7169;-17.2969;5.44;b1 Hya
179.5634;-56.3173;5.44;
197.0298;-65.306;5.44;θ Mus
234.0504;-44.3968;5.44;
241.582;67.8101;5.44;
244.8235;-42.674;5.44;λ Nor
269.1989;-4.0818;5.44;
276.7251;-48.1172;5.44;
303.3078;-1.0093;5.44;
307.8284;49.2203;5.44;Ruchba
346.2908;-7.6938;5.44;h Aqr
349.8742;48.6253;5.44;
9.3384;35.3995;5.45;
9.7912;49.3546;5.45;
13.7513;-69.5271;5.45;λ2 Tuc
39.7041;21.9614;5.45;ν Ari
46.3612;25.2552;5.45;
56.2009;24.2895;5.45;Celaeno
60.9859;8.1973;5.45;
62.3243;-16.3859;5.45;
63.7023;-62.1918;5.45;
70.0142;12.1976;5.45;
83.2142;-38.5134;5.45;
104.1436;-79.4202;5.45;θ Men
104.3913;-24.6308;5.45;
112.9517;17.086;5.45;
126.4663;-42.1531;5.45;
129.3285;-62.8535;5.45;
129.8493;-53.4398;5.45;
135.6844;24.4529;5.45;ν Cnc
142.5213;-51.5172;5.45;
163.4321;-2.1292;5.45;p1 Leo
182.766;-23.6024;5.45;
187.0936;-39.0412;5.45;u Cen
193.745;-85.1234;5.45;ι Oct
225.747;-32.6433;5.45;
227.8166;-55.346;5.45;
238.6442;20.311;5.45;
244.1803;-53.8111;5.45;
273.9727;-44.2065;5.45;
291.3736;-23.9625;5.45;χ3 Sgr
294.4472;-4.6476;5.45;
317.1952;-88.9565;5.45;Polaris Australis
329.0949;-37.2537;5.45;
333.5781;-27.7669;5.45;λ PsA
337.4707;78.8243;5.45;Al Kalb al Rai
344.3666;20.7688;5.45;Helvetios
13.7421;23.6283;5.46;
61.0903;24.106;5.46;
64.8052;50.0487;5.46;
69.8321;-14.3592;5.46;
80.0611;41.0862;5.46;
82.5395;-47.0777;5.46;
82.8106;3.2921;5.46;n1 Ori
86.4752;49.8263;5.46;ο Aur
87.5699;-79.3614;5.46;κ Men
91.6337;-23.1108;5.46;
107.5805;-27.4915;5.46;
108.3475;51.4287;5.46;
109.0606;-15.5857;5.46;
130.3313;-78.9634;5.46;η Cha
141.7763;-71.6019;5.46;
142.9011;-73.0809;5.46;H Car
161.318;-80.4696;5.46;δ1 Cha
173.0864;61.0825;5.46;
174.3916;-47.7473;5.46;C3 Cen
191.0022;-28.324;5.46;
193.831;-42.9157;5.46;
204.8769;52.9212;5.46;
206.9106;-50.3207;5.46;
211.6784;-9.3135;5.46;
231.5724;34.336;5.46;
231.8255;-36.7676;5.46;
243.3143;5.0211;5.46;
249.094;-42.8589;5.46;
253.5077;-41.8064;5.46;
282.2104;-43.68;5.46;η1 CrA
283.7174;41.6027;5.46;
289.4318;23.0255;5.46;
290.1487;-0.8922;5.46;d Aql
292.4674;-26.9856;5.46;
294.3934;-14.3018;5.46;
299.3078;40.3678;5.46;
324.4393;19.3186;5.46;
13.1693;-24.0058;5.47;
44.9575;47.2207;5.47;
53.0358;48.0235;5.47;
67.5015;83.3404;5.47;
67.662;15.6919;5.47;
73.0217;63.5054;5.47;
73.7967;-74.9369;5.47;η Men
82.3188;25.1502;5.47;
86.8592;17.7291;5.47;
107.0918;15.9307;5.47;
118.6779;47.5646;5.47;
128.6505;65.1452;5.47;A UMa
132.4132;-40.3202;5.47;h Vel
137.3982;-8.7876;5.47;
159.3628;-58.7333;5.47;
165.0613;45.5263;5.47;
184.7083;75.1606;5.47;
187.3627;24.1089;5.47;
187.7523;24.5672;5.47;Kissin
200.1576;-52.7478;5.47;
210.5949;-27.4298;5.47;
222.6235;37.272;5.47;
240.0816;-16.5334;5.47;
259.766;-46.6362;5.47;
268.855;26.05;5.47;
272.609;-62.0022;5.47;ι Pav
273.3029;-41.3361;5.47;
275.9019;-75.0443;5.47;φ Oct
278.1805;-14.8657;5.47;
278.2082;30.5542;5.47;
310.0826;-33.4318;5.47;
313.4746;33.4379;5.47;
322.1872;-69.5054;5.47;
336.5034;70.7709;5.47;
337.1634;-39.1318;5.47;ν Gru
36.2044;10.6106;5.48;ξ Ari
42.6684;-35.6758;5.48;η3 For
58.1736;-5.3613;5.48;
79.4177;-13.5198;5.48;
95.353;-11.7732;5.48;
116.9863;-12.1927;5.48;
118.5459;-35.8773;5.48;
130.5675;-48.0991;5.48;
136.3504;48.5303;5.48;
174.6667;-13.2019;5.48;ι Crt
188.4448;-9.4521;5.48;q Vir
222.8602;59.294;5.48;
224.1921;-11.4097;5.48;ξ2 Lib
235.7115;52.3609;5.48;
242.7064;75.8776;5.48;
244.9798;39.7086;5.48;
251.6998;-39.377;5.48;
252.5808;7.2477;5.48;k Her
254.2966;-33.2595;5.48;
311.5836;-39.1993;5.48;
313.3274;45.1817;5.48;
321.0479;-12.8781;5.48;
321.3207;-3.5567;5.48;
11.549;-22.5221;5.49;
23.2336;-36.8652;5.49;
26.5249;-50.8163;5.49;
46.5327;79.4185;5.49;
49.4473;44.025;5.49;
59.1195;35.0809;5.49;
71.9012;-16.9345;5.49;
87.4023;-14.4837;5.49;
92.2411;-22.4274;5.49;
116.5091;-6.7725;5.49;
130.5791;-53.1001;5.49;
139.1724;-8.7448;5.49;
142.4771;-26.5896;5.49;
154.0601;29.3105;5.49;
161.6053;14.1946;5.49;k Leo
187.918;-59.4239;5.49;
189.7805;21.0626;5.49;
243.9053;-8.3694;5.49;
272.0093;36.4013;5.49;
273.5663;-21.7132;5.49;
278.4729;-24.0323;5.49;
286.1044;-31.0471;5.49;
295.8897;-15.4701;5.49;
314.2251;-9.6975;5.49;
334.4608;-77.5116;5.49;ψ Oct
354.4867;18.4007;5.49;
356.9856;-2.7616;5.49;
5.1627;-69.6249;5.5;π Tuc
15.6101;-31.552;5.5;σ Scl
15.7046;31.8043;5.5;σ Psc
21.6737;19.2404;5.5;
30.7415;33.2841;5.5;ε Tri
50.35;-23.6351;5.5;
51.077;24.7241;5.5;
64.8587;21.1423;5.5;
74.1008;-5.1714;5.5;b Eri
77.0276;24.2652;5.5;
78.6835;5.1562;5.5;
83.0589;17.0581;5.5;
91.9702;-42.154;5.5;π2 Col
105.8129;-59.1781;5.5;
110.0893;-52.3115;5.5;
149.9654;56.8118;5.5;
158.8035;-39.5626;5.5;
161.6023;18.8915;5.5;m Leo
173.7369;-49.1365;5.5;
204.2958;71.2423;5.5;
206.4847;-12.4265;5.5;
233.1529;-19.6705;5.5;
233.2414;-1.1864;5.5;A1 Ser
242.4691;-33.5458;5.5;
248.5806;-70.9881;5.5;
248.9367;-65.4954;5.5;θ TrA
272.6679;3.3243;5.5;
295.9289;25.7719;5.5;
305.5143;24.4461;5.5;
321.7568;-42.5479;5.5;
329.8246;-38.3951;5.5;
352.0158;-87.4822;5.5;τ Oct
8.9216;-48.0009;5.51;λ2 Phe
11.7561;11.9738;5.51;
17.0925;5.6498;5.51;e Psc
21.7149;-13.0565;5.51;
34.246;-6.4221;5.51;
45.5644;-71.9025;5.51;θ Hyi
48.9903;-77.3885;5.51;ι Hyi
62.2915;19.6092;5.51;
67.0553;83.8078;5.51;
74.3431;17.1537;5.51;
94.5572;-19.967;5.51;
126.8198;-70.0935;5.51;
144.5061;-43.1909;5.51;y Vel
160.0477;-65.1002;5.51;
160.7578;26.3256;5.51;
165.812;-11.3035;5.51;
182.2275;-41.2316;5.51;
206.7491;38.5427;5.51;
217.536;-45.3214;5.51;
224.3885;-0.1676;5.51;M Ser
230.0357;29.6162;5.51;ο CrB
252.8539;1.2159;5.51;
260.088;46.2408;5.51;
267.5954;29.3221;5.51;
282.8956;52.9751;5.51;
283.1135;-46.5951;5.51;
284.8492;-12.8405;5.51;
285.1811;55.6583;5.51;
288.3147;-12.2826;5.51;
296.5051;-31.9086;5.51;
299.6583;30.9837;5.51;
301.0346;7.278;5.51;τ Aql
302.6397;26.9042;5.51;
302.9499;26.809;5.51;
314.6081;10.8393;5.51;Musica
319.8154;58.6235;5.51;
325.777;41.155;5.51;
337.4914;4.4317;5.51;
344.899;-29.4623;5.51;
25.6221;-53.7408;5.52;q1 Eri
42.8733;15.0821;5.52;σ Ari
56.9835;-30.1679;5.52;ρ For
62.1526;38.0397;5.52;
73.763;55.2591;5.52;
79.0172;11.3414;5.52;
81.94;15.8741;5.52;
89.0873;-31.3824;5.52;σ Col
99.1472;-5.2111;5.52;
120.6866;-41.3098;5.52;
121.2655;-53.1079;5.52;
123.3927;-50.1961;5.52;
125.9521;53.2197;5.52;
126.6748;-12.5346;5.52;
154.5316;-28.992;5.52;
156.0358;33.7185;5.52;
157.4228;84.252;5.52;
166.7259;1.9555;5.52;p4 Leo
185.082;26.6195;5.52;
203.2152;-15.363;5.52;
225.3326;-2.7549;5.52;
225.7752;35.2058;5.52;
229.0959;-22.3994;5.52;
261.7047;20.081;5.52;
271.9514;-17.1542;5.52;
275.8701;-36.238;5.52;
289.301;-66.661;5.52;
312.7532;-37.9133;5.52;
327.6966;-69.6294;5.52;ο Ind
328.1247;28.7935;5.52;
332.6616;70.1326;5.52;
336.7721;65.1323;5.52;
341.4199;-46.5473;5.52;
0.3338;-50.3374;5.53;
27.9972;55.1474;5.53;
39.0002;-7.8316;5.53;
49.4423;-62.5753;5.53;ζ1 Ret
55.1597;-5.2107;5.53;
66.8227;22.9963;5.53;
67.1338;1.3808;5.53;
70.7665;-70.931;5.53;μ Men
71.0333;-18.6666;5.53;
82.7818;-20.8637;5.53;
84.2656;17.0403;5.53;
96.6077;56.2851;5.53;
122.6659;-13.7992;5.53;
150.1825;-82.2147;5.53;μ Cha
178.9189;15.6468;5.53;o Leo
196.5942;22.6162;5.53;
208.3865;-35.6642;5.53;y Cen
213.3184;-53.6657;5.53;
213.5216;12.9594;5.53;
213.8504;-18.2007;5.53;
233.2301;-16.8528;5.53;ζ Lib
237.2367;-3.8185;5.53;
240.1985;-8.4114;5.53;
244.8864;-30.9067;5.53;
246.3507;37.3941;5.53;
249.0476;52.9;5.53;
254.5747;-50.6412;5.53;
259.2652;-32.6628;5.53;
265.7129;-36.9456;5.53;
272.5242;-30.7287;5.53;
286.6572;28.6286;5.53;
289.914;12.3747;5.53;A Aql
310.2606;32.3073;5.53;
316.0197;-5.8231;5.53;
322.747;60.4594;5.53;
326.8554;60.6927;5.53;
333.4552;45.4406;5.53;
335.8785;-24.7627;5.53;
343.6895;-16.272;5.53;
346.2176;-68.8202;5.53;
351.6524;-52.7216;5.53;ο Gru
2.5092;11.1458;5.54;
24.2747;12.1415;5.54;π Psc
80.7096;41.0293;5.54;
87.6204;14.3056;5.54;
90.3179;-33.9118;5.54;
92.5433;-40.3538;5.54;
94.2551;-37.7374;5.54;
102.0512;55.7042;5.54;
108.9589;47.24;5.54;
111.4087;-79.0942;5.54;ε Men
138.2318;-59.4139;5.54;
172.621;18.4098;5.54;
175.3325;-43.0957;5.54;
180.1852;-10.446;5.54;
185.212;57.8641;5.54;
230.2817;-5.8249;5.54;
236.9711;-65.4423;5.54;
239.3107;14.4145;5.54;φ Ser
258.1357;62.8743;5.54;
263.6931;-11.242;5.54;
265.4943;15.9524;5.54;
298.0066;24.9922;5.54;
299.4394;16.7892;5.54;
313.9107;12.5686;5.54;
314.8558;59.4386;5.54;
329.2349;12.0765;5.54;
349.5412;-40.8244;5.54;φ Gru
1.4248;13.3963;5.55;
8.421;-29.5583;5.55;
12.4715;27.7103;5.55;i Psc
16.4238;21.4654;5.55;ψ1 Psc
24.5315;57.9776;5.55;
36.8657;31.8013;5.55;
48.1099;6.6609;5.55;
50.5496;27.6076;5.55;
54.963;3.0569;5.55;
55.2827;37.5802;5.55;
65.048;50.9209;5.55;b2 Per
79.5654;42.7921;5.55;
88.7187;-39.9579;5.55;
95.151;-34.1441;5.55;
96.815;-0.276;5.55;
96.8352;2.9083;5.55;
106.5483;34.474;5.55;
111.9965;-29.1559;5.55;
115.5134;14.2085;5.55;
124.8845;75.7569;5.55;
132.8934;-7.1772;5.55;
159.7736;53.6683;5.55;
171.0464;-72.2566;5.55;
192.4374;-71.9863;5.55;
206.1243;-16.1791;5.55;
215.0404;-43.0588;5.55;
219.0793;-46.2455;5.55;
220.4313;11.6607;5.55;
246.4299;78.9639;5.55;
250.4737;-19.9244;5.55;
251.8319;-58.3414;5.55;
260.4317;39.9746;5.55;
292.8305;50.3067;5.55;
313.0362;-5.5071;5.55;
314.5811;44.4717;5.55;
316.6063;-41.386;5.55;η Mic
330.5191;58.0004;5.55;
330.8186;-6.5224;5.55;
336.6428;-16.7421;5.55;f Aqr
345.3308;-28.854;5.55;
348.9072;70.8881;5.55;
353.6564;40.2364;5.55;
356.758;57.4514;5.55;
14.1957;60.3628;5.56;
16.9882;20.7391;5.56;ψ2 Psc
17.8565;64.2027;5.56;
44.9215;-2.465;5.56;
53.9903;-11.1938;5.56;
56.2354;-0.2967;5.56;
70.0283;-24.4824;5.56;
82.0639;-37.2308;5.56;
92.3939;-14.5846;5.56;
95.6595;-69.984;5.56;π1 Dor
105.9888;-43.608;5.56;
126.6831;12.6546;5.56;
130.0728;-53.0154;5.56;
135.3369;-41.8643;5.56;
138.1272;-43.6133;5.56;
140.4624;-42.1949;5.56;
143.636;-5.9149;5.56;A Hya
145.926;-53.8913;5.56;O Vel
147.7316;-62.7451;5.56;
174.5857;43.6254;5.56;
178.0428;-56.9877;5.56;
186.7154;-32.8301;5.56;
205.2312;-85.786;5.56;κ Oct
216.2764;-68.1953;5.56;
230.6557;39.5815;5.56;
256.5752;22.0842;5.56;
265.6182;24.5641;5.56;
273.9116;42.1593;5.56;
283.8792;-16.3766;5.56;
284.3191;2.5353;5.56;
287.0696;-19.2903;5.56;
298.6295;24.3194;5.56;
337.157;-67.4891;5.56;
348.8927;-3.4964;5.56;
349.8499;-5.1244;5.56;
350.6356;60.1335;5.56;
351.2118;32.3849;5.56;
351.7536;87.3075;5.56;
1.6106;64.1962;5.57;
2.2601;18.212;5.57;
8.616;-52.3731;5.57;
9.3363;-24.7673;5.57;
12.0044;-21.7225;5.57;
17.455;19.6584;5.57;ψ3 Psc
17.9225;65.0189;5.57;
25.5855;68.043;5.57;
29.9117;-42.0305;5.57;
33.5606;-67.8414;5.57;π1 Hyi
33.9282;25.043;5.57;
35.2425;50.1515;5.57;
52.4001;-12.6747;5.57;
72.3035;31.4374;5.57;
98.4007;14.1552;5.57;
117.278;-56.4104;5.57;
134.156;64.6038;5.57;
144.1786;31.1617;5.57;
157.3974;-30.6071;5.57;δ Ant
158.3788;34.9887;5.57;
162.8488;59.3201;5.57;
190.488;6.8066;5.57;d1 Vir
197.1353;-8.9844;5.57;g Vir
204.8942;10.7463;5.57;
215.5822;-34.7868;5.57;
235.8205;-84.4653;5.57;ρ Oct
235.9971;32.5158;5.57;π CrB
236.3478;5.4473;5.57;
242.3273;-57.9343;5.57;ι2 Nor
250.3351;-48.763;5.57;
254.2002;-23.1503;5.57;
262.8389;2.7245;5.57;
272.4958;36.4663;5.57;
291.5798;-21.7767;5.57;
292.3423;14.596;5.57;
311.9514;6.0082;5.57;
323.348;-44.8487;5.57;
326.6337;-11.366;5.57;λ Cap
327.0656;-47.3036;5.57;
330.7361;44.6499;5.57;
348.3207;57.1684;5.57;
359.2853;55.7057;5.57;
0.4042;61.2228;5.58;
6.0652;52.0199;5.58;
16.5215;-9.8394;5.58;
24.7158;-21.2754;5.58;
34.5314;19.9012;5.58;θ Ari
44.109;18.0231;5.58;ρ Ari
52.218;49.8484;5.58;
64.9904;14.0352;5.58;h Tau
67.5358;15.6378;5.58;
72.7305;-53.4615;5.58;ι Pic
97.8263;-51.826;5.58;
108.7132;-27.038;5.58;
114.6369;35.0486;5.58;
115.3017;48.1315;5.58;
125.3384;-20.0791;5.58;
126.6154;27.8936;5.58;φ1 Cnc
146.6265;-44.7551;5.58;
156.7038;-54.8773;5.58;
157.3707;-29.6638;5.58;
166.7079;-70.8779;5.58;
171.4016;16.4565;5.58;
178.7631;8.4439;5.58;A2 Vir
188.3927;-12.8302;5.58;
195.9421;-20.5835;5.58;
217.1576;49.8449;5.58;g Boo
268.3478;-34.8951;5.58;
273.9192;-63.0554;5.58;
276.2559;-30.7566;5.58;
283.4315;36.9717;5.58;δ1 Lyr
283.8644;6.6153;5.58;
288.8337;15.0837;5.58;
304.6194;36.9998;5.58;
305.5224;45.795;5.58;
320.2683;23.856;5.58;
332.3068;33.1723;5.58;π1 Peg
333.4351;-25.1809;5.58;
349.1763;53.2135;5.58;
350.2065;30.4149;5.58;
1.1721;-71.4369;5.59;
7.9215;52.8395;5.59;
12.3567;-13.5613;5.59;
13.7212;83.7074;5.59;
15.3261;-38.9165;5.59;ξ Scl
30.7508;64.39;5.59;
43.9872;61.5211;5.59;
55.891;-10.4857;5.59;
61.406;-27.6518;5.59;
69.19;-62.0772;5.59;
98.8509;-36.7799;5.59;
104.6496;-25.4142;5.59;
110.2429;-14.3605;5.59;
113.2986;3.2904;5.59;δ2 CMi
119.4455;-60.3031;5.59;
124.5725;-35.4517;5.59;
132.9021;-57.6336;5.59;
137.485;-30.3654;5.59;ε Pyx
151.7896;-17.1417;5.59;
153.8815;-43.1124;5.59;
157.7493;-13.5885;5.59;
179.4167;-62.4487;5.59;
179.6986;-64.3396;5.59;
180.4145;36.0421;5.59;
196.6462;-41.5884;5.59;
223.3066;-73.1901;5.59;
226.3576;48.151;5.59;k Boo
229.7349;-40.7882;5.59;
239.2255;-33.9643;5.59;ξ2 Lup
289.1293;4.8348;5.59;
289.9166;-35.4215;5.59;
290.159;-22.4025;5.59;
293.3401;-45.2717;5.59;
305.0251;68.8803;5.59;
309.2695;26.4619;5.59;
310.7959;66.6574;5.59;
314.6251;50.4618;5.59;
321.3315;46.7143;5.59;
357.991;2.9304;5.59;
359.8662;-29.4852;5.59;
18.0701;79.674;5.6;
20.9192;37.7149;5.6;
34.506;1.7578;5.6;
56.131;36.4601;5.6;
77.8453;-11.8491;5.6;
81.2573;-10.3289;5.6;
83.4762;14.3056;5.6;
83.8052;10.2401;5.6;
87.7421;27.9679;5.6;
88.0929;14.1718;5.6;
95.7326;-56.37;5.6;ν Pic
98.0964;-5.8688;5.6;
101.828;-55.54;5.6;O Car
111.7833;-17.8649;5.6;
112.3278;-1.9053;5.6;
115.7999;-36.0501;5.6;
117.5441;-9.1834;5.6;
120.1971;17.3087;5.6;
126.6134;-3.9875;5.6;
137.1757;-8.5895;5.6;
141.3501;-5.1174;5.6;
156.4345;-7.0598;5.6;
183.0387;20.5421;5.6;
200.079;40.1505;5.6;
203.5304;55.3484;5.6;
251.3438;15.7453;5.6;
258.8302;-33.5484;5.6;
282.3958;-43.4341;5.6;η2 CrA
291.5552;20.0977;5.6;
297.9961;47.0273;5.6;
298.6867;0.2736;5.6;
305.6146;-42.0495;5.6;κ1 Sgr
311.9554;47.8319;5.6;
317.162;30.2056;5.6;
330.2709;0.6047;5.6;
337.2833;9.129;5.6;
344.0985;41.6039;5.6;
347.0878;-28.8237;5.6;
351.3311;-56.849;5.6;
351.8193;70.3598;5.6;
5.4428;-20.058;5.61;
30.9187;-4.1035;5.61;
48.8352;30.5567;5.61;
59.8755;-12.5744;5.61;
67.2789;-13.0484;5.61;
75.972;-24.3882;5.61;
95.983;-25.5776;5.61;
100.012;-80.8136;5.61;ζ Men
117.3975;-33.2889;5.61;
126.1459;-3.7512;5.61;
127.6192;-32.1593;5.61;
140.4585;-55.5147;5.61;
145.5014;39.7579;5.61;
156.3133;8.7848;5.61;
162.4876;-34.0582;5.61;
194.0019;38.3149;5.61;α1 CVn
204.9523;-40.0517;5.61;
207.1614;31.1902;5.61;
213.6778;-41.8375;5.61;
221.844;-25.6243;5.61;
236.6842;-34.6825;5.61;
239.7405;36.6438;5.61;
243.9575;-57.9123;5.61;
247.9468;45.5983;5.61;
263.3744;-5.7448;5.61;
266.7835;17.697;5.61;
275.2374;29.8589;5.61;
330.2723;13.1198;5.61;
342.8443;61.6967;5.61;
14.6828;-11.38;5.62;φ4 Cet
23.6574;-15.6764;5.62;
45.5938;4.3529;5.62;
49.5934;-0.9303;5.62;
53.0839;84.911;5.62;
59.217;22.478;5.62;
61.0946;-12.7923;5.62;
85.6102;65.6976;5.62;
88.1383;-37.6311;5.62;
88.6818;-11.7742;5.62;
93.8928;-0.5122;5.62;
96.0042;-36.7078;5.62;
98.6472;-32.7163;5.62;
101.38;-30.949;5.62;
116.1424;-24.6741;5.62;
117.9293;-21.1737;5.62;
118.7222;-57.3028;5.62;
123.2869;29.6565;5.62;
130.8014;12.6809;5.62;A1 Cnc
144.2912;-32.1786;5.62;
147.8322;-46.1939;5.62;
177.7593;-5.3333;5.62;
224.1336;-47.8792;5.62;
228.9545;0.3721;5.62;
242.9502;36.4251;5.62;
250.4176;-49.6516;5.62;
268.9617;22.4642;5.62;
278.8767;23.6055;5.62;
284.1072;65.2581;5.62;
301.1507;32.2186;5.62;
327.5005;-64.7125;5.62;
331.4626;-59.6361;5.62;κ Ind
335.7833;-45.9285;5.62;π2 Gru
346.7234;-38.8923;5.62;υ Gru
25.1652;43.2977;5.63;
25.5145;35.2457;5.63;
26.9368;63.8525;5.63;
49.8954;-24.1229;5.63;
91.2432;4.1587;5.63;
106.0219;-5.324;5.63;
112.7196;68.4656;5.63;
124.4601;59.5711;5.63;
125.0022;-71.5054;5.63;κ2 Vol
129.7988;65.0209;5.63;Muscida
131.1877;10.0817;5.63;b Cnc
160.6799;-32.7157;5.63;
173.7704;54.7854;5.63;
187.5727;-23.6964;5.63;
196.7261;-35.862;5.63;
204.3016;-61.6919;5.63;
205.2598;22.4958;5.63;
222.5851;82.5119;5.63;
224.096;49.6284;5.63;
238.8753;-26.266;5.63;
241.9064;9.8917;5.63;
248.1487;5.5212;5.63;n Her
256.3844;-0.8921;5.63;
262.7307;31.1581;5.63;
277.113;-38.9957;5.63;
277.5494;-18.7288;5.63;
285.6153;-24.8468;5.63;
286.2411;31.7441;5.63;
298.3281;-3.1145;5.63;
306.8927;38.4403;5.63;
316.1444;5.5029;5.63;
320.7521;-22.669;5.63;
326.8082;2.6861;5.63;
351.8125;-58.4761;5.63;
353.6592;33.4973;5.63;
11.4128;74.9881;5.64;
16.2723;14.9461;5.64;
30.9139;25.9355;5.64;
32.8378;8.5698;5.64;
39.158;12.4476;5.64;
46.5987;13.1873;5.64;
64.5967;21.5793;5.64;
65.8544;16.7773;5.64;
72.7889;48.7407;5.64;
80.0942;62.6537;5.64;
81.1187;-16.9758;5.64;
105.2748;-25.2156;5.64;
109.0645;-46.7745;5.64;
113.3315;-19.4125;5.64;
115.7006;-26.3513;5.64;
135.4916;-0.4827;5.64;
145.8886;29.9745;5.64;f Leo
152.7328;-8.4185;5.64;
173.2003;-40.4362;5.64;
173.8053;-47.3726;5.64;C1 Cen
174.3151;-75.8965;5.64;π Cha
196.4678;45.2685;5.64;
198.6303;11.3317;5.64;
224.9039;39.2653;5.64;
232.0642;-16.7165;5.64;
235.0889;-73.4467;5.64;κ2 Aps
251.1775;-40.8397;5.64;
255.0262;-54.5972;5.64;
276.4117;8.032;5.64;
283.5552;27.9095;5.64;
294.0069;-24.7191;5.64;h1 Sgr
295.1805;-0.6212;5.64;
305.9716;-42.4229;5.64;κ2 Sgr
317.951;59.9866;5.64;
321.5953;-37.8294;5.64;
337.5076;32.5726;5.64;
349.2404;-62.0012;5.64;
33.1981;-2.3936;5.65;
39.4242;-3.3962;5.65;
57.5184;44.9679;5.65;
74.7557;-16.376;5.65;
84.2912;-80.4691;5.65;π Men
90.2049;-51.2163;5.65;
91.0844;-32.1724;5.65;
103.3284;-19.0328;5.65;
111.7478;-23.086;5.65;
120.3079;4.8798;5.65;
146.5984;1.7856;5.65;
163.5741;-13.758;5.65;
191.5939;9.5397;5.65;
192.1094;-27.5974;5.65;
201.4596;-70.6272;5.65;
202.3042;10.8183;5.65;
224.6636;-27.6573;5.65;
225.4617;-83.2276;5.65;π1 Oct
226.1955;-83.0383;5.65;π2 Oct
230.0215;51.9585;5.65;
230.4506;-48.3176;5.65;ν2 Lup
230.7938;-60.6572;5.65;
234.413;69.2833;5.65;
261.4223;60.0484;5.65;
263.3451;19.2567;5.65;
277.4374;77.5471;5.65;
288.8223;21.2321;5.65;
289.1116;14.5446;5.65;
300.0844;-33.7035;5.65;
303.5793;-52.4458;5.65;
330.2885;8.2572;5.65;
350.3146;-26.9868;5.65;
4.0369;-31.4464;5.66;
11.1091;47.864;5.66;
24.3667;-84.7696;5.66;
32.1691;58.4236;5.66;
56.2906;24.8393;5.66;
56.4969;45.6819;5.66;
58.001;6.5349;5.66;
70.3505;48.3009;5.66;
70.7887;-30.7656;5.66;
80.3029;29.5699;5.66;
101.6626;-10.1074;5.66;
114.0162;-14.4928;5.66;
114.1318;46.1803;5.66;
122.2896;-48.6844;5.66;
122.3689;-16.2489;5.66;
122.3901;-56.0854;5.66;
129.5924;53.4015;5.66;
142.3027;-20.7491;5.66;
154.7711;-64.6763;5.66;
155.0696;-47.6991;5.66;
162.7959;56.5823;5.66;
182.9632;25.8703;5.66;
185.8399;-24.8407;5.66;
208.8006;-52.1608;5.66;
247.4455;-14.5509;5.66;
258.0675;-39.5069;5.66;
262.9566;28.4075;5.66;
291.7353;-29.7432;5.66;
294.2639;-18.2311;5.66;
308.0987;-9.8534;5.66;
312.8677;28.2505;5.66;
324.6331;5.7717;5.66;
325.5421;1.2853;5.66;
339.7144;-33.0813;5.66;
345.0241;-25.1642;5.66;
352.2541;-63.1107;5.66;
354.4148;-13.0602;5.66;
2.0145;-33.5293;5.67;
7.6088;-48.2149;5.67;
17.5781;42.0815;5.67;
33.8693;-67.7464;5.67;π2 Hyi
46.8839;-78.9892;5.67;
53.145;-50.3786;5.67;
60.4422;9.998;5.67;
64.497;-80.214;5.67;δ Men
68.5344;5.5686;5.67;
77.6788;46.9621;5.67;
83.3818;18.5402;5.67;
83.7542;-6.0093;5.67;
91.2424;5.42;5.67;
95.0176;14.6511;5.67;
126.0826;-80.9142;5.67;
126.2299;-23.1537;5.67;
130.1469;-45.1911;5.67;
133.1443;32.4742;5.67;σ1 Cnc
146.5972;11.81;5.67;
158.759;8.6504;5.67;
166.13;-47.6791;5.67;
220.2558;-36.1349;5.67;
227.0991;26.3012;5.67;b Boo
243.0668;-28.4173;5.67;c1 Sco
245.9465;61.6965;5.67;
247.0632;-58.5998;5.67;
272.4751;3.1198;5.67;
278.3464;-38.726;5.67;κ2 CrA
284.1877;57.8149;5.67;
294.3225;16.4628;5.67;ε Sge
301.0965;-0.7093;5.67;
312.9104;-62.4293;5.67;
317.3435;-73.173;5.67;
321.1417;26.1746;5.67;
1.1749;67.1664;5.68;
32.6567;19.5003;5.68;
52.4954;-78.3518;5.68;
55.579;19.7003;5.68;
73.199;42.5866;5.68;
80.3827;-0.4165;5.68;
102.6062;13.4132;5.68;
102.9999;23.6017;5.68;
107.1765;-70.4971;5.68;γ1 Vol
114.5759;-48.6014;5.68;y3 Pup
128.0207;-53.2119;5.68;
134.3967;15.5813;5.68;ο2 Cnc
144.2509;-25.2968;5.68;
150.704;21.9493;5.68;
177.6137;-62.6494;5.68;
186.8963;55.7127;5.68;
187.4302;20.8961;5.68;
189.5934;1.8547;5.68;
206.6486;54.4327;5.68;
221.3759;0.7173;5.68;
222.3281;-24.2515;5.68;
222.4221;48.7208;5.68;
229.6021;20.5728;5.68;
259.7022;28.823;5.68;
263.4141;16.3176;5.68;
267.6183;-53.6124;5.68;υ1 Ara
280.965;31.9266;5.68;
283.5004;-21.3598;5.68;
297.6555;40.5998;5.68;
299.7939;23.1013;5.68;
306.4189;21.4096;5.68;
309.748;30.3343;5.68;
310.4854;41.7169;5.68;
313.9575;47.4177;5.68;
320.5017;49.3888;5.68;
341.9282;-14.0564;5.68;τ1 Aqr
345.2816;-50.95;5.68;
346.9391;49.2958;5.68;
347.4339;59.3327;5.68;
347.6777;17.5944;5.68;
354.097;2.1022;5.68;
8.0991;6.9555;5.69;
15.0148;44.7132;5.69;
23.3571;58.3273;5.69;
24.0355;-29.9073;5.69;τ Scl
29.039;37.2518;5.69;
44.9008;-25.2741;5.69;ζ For
64.2231;61.85;5.69;
80.9263;-0.1598;5.69;
81.7845;30.2086;5.69;
97.993;-58.7538;5.69;μ Pic
105.3392;70.8083;5.69;
107.4293;-25.231;5.69;
114.171;-19.7023;5.69;
114.183;-48.8302;5.69;y2 Pup
118.0787;-14.8462;5.69;
166.4899;-27.2879;5.69;χ2 Hya
184.0315;40.6602;5.69;
200.4235;2.0872;5.69;
201.7338;-41.4976;5.69;
203.1496;-28.6928;5.69;
211.3328;-76.7968;5.69;θ Aps
242.117;8.5343;5.69;
255.2422;22.6321;5.69;
260.439;53.4204;5.69;
261.0045;-62.8642;5.69;
263.6771;-32.5817;5.69;
267.1032;20.5654;5.69;
269.9842;45.5014;5.69;
277.4831;-47.2205;5.69;
281.6805;-10.125;5.69;
284.0255;18.1054;5.69;
285.3223;26.2914;5.69;
300.4942;-13.6372;5.69;
305.298;63.9801;5.69;
309.6833;13.3151;5.69;θ Del
315.1154;19.3296;5.69;
316.5048;-30.1251;5.69;δ Mic
325.8569;38.2836;5.69;
328.4058;19.6684;5.69;
331.3945;28.964;5.69;
0.6238;8.4855;5.7;c Psc
1.5799;-49.0752;5.7;
11.9301;-18.0613;5.7;
18.7049;-0.9738;5.7;
25.4499;-60.7893;5.7;
25.5125;-36.8323;5.7;
28.039;50.7928;5.7;
29.6396;49.2044;5.7;
50.2783;3.6756;5.7;
58.5965;-40.357;5.7;
62.699;-8.8198;5.7;
89.7218;12.8083;5.7;
92.2413;2.4997;5.7;
94.3172;5.1001;5.7;
99.6647;39.3909;5.7;
99.9278;-30.4705;5.7;
109.8674;-16.3952;5.7;
112.2145;48.1839;5.7;
118.1239;-54.3672;5.7;
131.5103;-2.0487;5.7;
133.7991;-54.9658;5.7;
151.0873;-24.2855;5.7;
152.9436;-58.0605;5.7;
164.8073;-33.7376;5.7;
167.2045;24.6585;5.7;
189.2431;17.0895;5.7;
192.7412;-52.7874;5.7;
196.9095;-53.4598;5.7;
203.8804;-5.3962;5.7;
208.4626;53.7287;5.7;
220.8065;-24.9978;5.7;
227.9903;-48.7437;5.7;κ2 Lup
241.4826;-72.4009;5.7;
261.0274;22.9603;5.7;
291.9505;-54.3253;5.7;
292.3494;-43.4452;5.7;
298.6569;-8.2273;5.7;
302.8955;62.0785;5.7;
303.849;33.7291;5.7;
314.1972;-26.2964;5.7;
320.9951;24.2741;5.7;
323.7127;-20.0843;5.7;
328.0043;55.7967;5.7;
338.0676;76.2264;5.7;
357.6387;-14.4015;5.7;
0.2691;-48.8099;5.71;τ Phe
3.3785;41.0354;5.71;
16.9425;-9.7856;5.71;
48.1382;-57.3215;5.71;
51.8893;-35.6813;5.71;χ2 For
62.8345;5.523;5.71;
68.478;-6.7389;5.71;
73.7784;-16.7407;5.71;
73.8277;-16.4178;5.71;
76.3175;-26.1524;5.71;
84.1487;-6.0648;5.71;
90.244;47.9019;5.71;
92.4498;-22.7743;5.71;
99.0952;-18.6599;5.71;ν1 CMa
108.6359;12.1158;5.71;
125.4775;-17.5863;5.71;
127.8772;24.0811;5.71;υ1 Cnc
131.8285;-46.1554;5.71;
148.7135;-50.244;5.71;
151.1513;53.8917;5.71;
159.1349;-12.2301;5.71;
167.3295;36.3094;5.71;
174.1456;-33.5701;5.71;
184.3774;28.9372;5.71;
186.3406;-35.1864;5.71;x2 Cen
192.2259;14.1226;5.71;
192.8249;-60.3298;5.71;
208.3039;17.9329;5.71;
225.4538;-0.1403;5.71;
231.8878;-64.5315;5.71;
236.8222;14.1153;5.71;υ Ser
272.3912;3.9933;5.71;
275.8007;-12.0148;5.71;
276.9949;6.1941;5.71;
277.9843;-43.5074;5.71;
282.1579;-65.0777;5.71;θ Pav
291.546;-15.0533;5.71;
293.5825;51.2366;5.71;
299.0053;16.6348;5.71;
304.903;62.2575;5.71;
321.3043;-9.7486;5.71;
328.5432;-4.2762;5.71;
6.2767;53.0468;5.72;
7.5098;-3.9573;5.72;
10.4433;-56.5013;5.72;ξ Phe
33.2638;15.2799;5.72;
38.9114;37.3123;5.72;
40.3083;-0.6957;5.72;
49.6715;-18.5598;5.72;
52.0862;33.8076;5.72;
56.3162;-47.3595;5.72;
64.2837;57.8604;5.72;
65.5147;14.0772;5.72;
67.0033;21.6199;5.72;
71.2673;-21.2834;5.72;
86.8048;14.4883;5.72;
91.5391;-66.0396;5.72;η1 Dor
92.6445;-27.1543;5.72;
99.3076;-36.9907;5.72;
102.4221;32.6068;5.72;
108.6917;-46.8497;5.72;
128.8675;-7.9823;5.72;
133.344;61.9623;5.72;b UMa
134.2081;45.6316;5.72;
137.9947;-19.7476;5.72;
142.1216;8.1883;5.72;
145.5618;69.2375;5.72;
147.6747;-46.9339;5.72;
148.5736;-45.2835;5.72;
182.5142;5.807;5.72;
183.7854;70.2;5.72;
204.2462;24.6133;5.72;
214.1613;-66.5879;5.72;
220.9351;40.4593;5.72;
224.2987;16.3881;5.72;
224.3667;-21.4155;5.72;
230.6601;63.3414;5.72;
230.9677;-12.3695;5.72;
241.8176;-36.7557;5.72;
243.8693;18.8081;5.72;
261.99;-52.2972;5.72;
263.2802;41.2434;5.72;
270.4766;-22.7803;5.72;
271.4567;32.2307;5.72;
291.34;-13.8971;5.72;
333.6849;42.9539;5.72;
338.4194;56.6247;5.72;
340.2195;14.5492;5.72;
343.7957;-4.9879;5.72;
344.1992;-47.9692;5.72;τ3 Gru
359.387;-82.1698;5.72;γ2 Oct
13.4078;-62.8714;5.73;
41.3645;-63.7046;5.73;γ Hor
66.1215;34.1308;5.73;
70.3323;28.615;5.73;
80.8501;-39.6784;5.73;
85.8403;-18.5575;5.73;
98.1624;-32.0304;5.73;
105.0659;16.079;5.73;
114.9326;-38.1393;5.73;d2 Pup
122.6133;25.5073;5.73;ψ Cnc
124.8215;62.5072;5.73;
137.2675;-18.3285;5.73;
144.2608;16.438;5.73;
155.544;41.2295;5.73;
163.7424;34.0348;5.73;
171.488;55.8505;5.73;
175.3927;31.7461;5.73;
177.4238;34.9318;5.73;
185.5501;-68.3073;5.73;ζ1 Mus
204.2019;-26.4952;5.73;
205.1686;19.9557;5.73;
207.9476;-69.4013;5.73;
238.8775;42.5662;5.73;
240.8806;76.7939;5.73;
252.6623;29.8065;5.73;
256.103;-57.7122;5.73;
265.8399;24.3278;5.73;
281.2008;37.5946;5.73;ζ2 Lyr
285.8237;-38.2531;5.73;
291.8582;52.3204;5.73;
300.8751;16.0313;5.73;
300.9059;29.8968;5.73;
303.8225;-27.033;5.73;
306.7594;49.3834;5.73;
318.9411;-53.2631;5.73;
324.0457;-26.1715;5.73;
325.5957;41.077;5.73;
338.9679;39.6343;5.73;
343.9354;36.3514;5.73;
356.0502;-64.4045;5.73;
4.2377;61.5332;5.74;
12.0957;5.2806;5.74;
38.6776;-7.8594;5.74;
39.0386;-30.045;5.74;ι1 For
40.5914;20.0115;5.74;Koleon
47.4031;29.0771;5.74;
52.0039;-11.2866;5.74;
55.6781;59.9694;5.74;
66.9418;-62.5212;5.74;
75.6874;-22.7951;5.74;
84.1467;54.4287;5.74;
91.7396;-21.8123;5.74;
97.1635;-32.3713;5.74;
102.5973;-31.7061;5.74;
103.8278;25.3757;5.74;
106.9562;7.4712;5.74;
110.3229;45.2282;5.74;
119.0777;-60.5264;5.74;
126.3981;2.1022;5.74;
131.2164;-37.1472;5.74;
136.0017;54.2839;5.74;
140.6;-46.0474;5.74;
143.085;-19.4003;5.74;
154.5084;65.1084;5.74;
160.4511;68.4435;5.74;
160.9633;-64.249;5.74;
168.3783;-59.6193;5.74;
172.4244;15.4133;5.74;
188.15;-13.8591;5.74;
201.7367;78.6439;5.74;
204.9992;-49.95;5.74;
208.7046;-67.6521;5.74;
218.1289;55.398;5.74;
218.6651;49.3684;5.74;
219.1839;-40.2116;5.74;
219.5525;43.6421;5.74;
221.6208;-47.4411;5.74;
229.1529;-60.904;5.74;
232.7324;64.2087;5.74;
237.7784;-55.0555;5.74;
239.7423;-65.0376;5.74;
242.9085;23.4948;5.74;
250.427;1.1812;5.74;
251.5884;-58.5036;5.74;
255.0396;-24.9891;5.74;
259.9046;80.1364;5.74;
264.5396;-10.9263;5.74;
269.732;-36.8584;5.74;
270.0384;80.0041;5.74;
271.5633;-4.7513;5.74;
277.4864;-57.5231;5.74;
278.4126;-14.8536;5.74;
279.3896;62.5266;5.74;
299.672;-69.164;5.74;
324.7401;57.489;5.74;
328.7215;56.6112;5.74;
331.8691;19.4755;5.74;
356.1702;-78.7914;5.74;
356.8163;-11.9111;5.74;
23.4285;-7.0253;5.75;
25.4368;-11.3247;5.75;
34.4995;57.8998;5.75;
45.2918;-7.663;5.75;Aludhi
62.7459;33.5868;5.75;
74.0295;52.8698;5.75;
78.6202;-35.977;5.75;
83.2808;-35.1394;5.75;
92.4333;23.1135;5.75;
97.142;30.493;5.75;
100.1203;77.9958;5.75;
102.0794;-1.3189;5.75;
102.3184;-2.272;5.75;
103.2061;8.3804;5.75;
106.8441;-23.8407;5.75;
107.8461;26.8566;5.75;
108.9882;27.8974;5.75;
112.3421;-10.3267;5.75;
126.9976;-35.1138;5.75;
133.8018;-18.2412;5.75;
142.6921;-31.8892;5.75;ζ1 Ant
149.9009;29.6452;5.75;
168.4141;-53.2318;5.75;
182.2242;-44.326;5.75;
193.3412;-60.3285;5.75;
193.7355;47.1967;5.75;
201.2778;23.8544;5.75;
227.0505;-40.5839;5.75;
227.5776;-26.3326;5.75;
228.5799;-70.0795;5.75;
241.9017;-12.7454;5.75;
246.1056;55.2051;5.75;
261.1314;16.301;5.75;
265.9966;53.8017;5.75;Alruba
297.1752;11.8159;5.75;π Aql
300.0963;-66.9494;5.75;μ1 Pav
310.3486;-31.5983;5.75;
310.6468;82.5312;5.75;
317.1362;-63.9283;5.75;
317.5649;53.5631;5.75;
319.8698;49.5103;5.75;
322.0344;32.2253;5.75;
331.2972;26.6737;5.75;
334.2771;-5.3872;5.75;
334.5527;62.8044;5.75;
351.0553;-51.8912;5.75;
351.7808;42.912;5.75;
24.9481;-56.1964;5.76;p Eri
28.9627;23.5773;5.76;
40.7618;55.106;5.76;
43.9521;18.3316;5.76;
52.4798;-42.6343;5.76;
53.1498;9.3734;5.76;t Tau
56.477;24.5545;5.76;Asterope
58.4113;48.6505;5.76;
65.1719;6.1308;5.76;
68.1565;-3.2095;5.76;
72.1356;-16.3295;5.76;
83.8145;-33.0797;5.76;
93.0056;19.7905;5.76;
94.9207;-34.3966;5.76;
96.4319;-48.1769;5.76;G Pup
97.1559;-17.466;5.76;
99.5959;28.9844;5.76;
114.9495;-38.2607;5.76;d3 Pup
118.1994;-5.4283;5.76;
128.6829;36.4196;5.76;
137.298;-12.3577;5.76;
157.9893;-45.0667;5.76;s Vel
173.5915;3.0602;5.76;
188.6766;-44.673;5.76;
192.3227;27.5524;5.76;
198.1372;11.5561;5.76;
200.2404;-46.88;5.76;
201.1385;-5.164;5.76;
209.6622;21.6962;5.76;
221.9898;-26.6462;5.76;
222.3278;46.1162;5.76;Merga
227.3746;-67.0841;5.76;
234.5676;46.7978;5.76;
239.0246;-60.4825;5.76;
245.1052;-55.1397;5.76;
247.806;22.1955;5.76;
255.5779;25.5056;5.76;
259.6993;-44.1297;5.76;
260.7797;-56.5255;5.76;
261.0783;-60.6738;5.76;
264.3796;24.31;5.76;
269.1743;-28.0654;5.76;
275.3458;-18.86;5.76;
277.7685;16.9286;5.76;
279.3998;-0.3095;5.76;e Ser
280.9056;-64.5514;5.76;
291.6006;13.0238;5.76;
293.2243;-53.1856;5.76;
298.1572;-54.971;5.76;
298.5345;-8.5742;5.76;
304.6031;55.3971;5.76;
308.3235;-80.9649;5.76;
315.0895;-51.2653;5.76;
321.1034;-41.0067;5.76;θ2 Mic
333.0935;63.291;5.76;
336.1128;-13.5294;5.76;
336.6558;4.3938;5.76;
337.9063;-85.9673;5.76;υ Oct
344.7992;11.7288;5.76;
358.2105;-8.9968;5.76;h Aqr
3.7271;-9.5696;5.77;
6.3509;1.9397;5.77;
17.1394;58.2634;5.77;
66.1561;33.9597;5.77;
72.1516;-5.674;5.77;
82.0067;17.2391;5.77;
82.4782;1.7893;5.77;
102.5907;-17.0846;5.77;
108.28;-11.2513;5.77;
111.1394;27.6379;5.77;
115.0612;38.3445;5.77;
119.7106;-60.8245;5.77;
122.9999;-46.6444;5.77;
123.5552;-35.49;5.77;
141.3635;-61.9505;5.77;
143.723;72.2057;5.77;
153.2015;4.6147;5.77;
160.8372;4.7477;5.77;
168.3112;-44.3722;5.77;
172.4109;-24.464;5.77;
183.3543;-38.9292;5.77;
198.8831;40.8552;5.77;
207.9467;-46.8987;5.77;
210.0005;-25.0104;5.77;
226.8581;-49.0886;5.77;
233.9877;54.6306;5.77;
249.0894;-2.3246;5.77;
250.1612;4.2198;5.77;
260.9901;8.8526;5.77;
268.3091;6.1014;5.77;
277.8571;-10.7958;5.77;
316.626;31.1847;5.77;
323.2358;49.9776;5.77;
324.755;20.2655;5.77;
348.7443;-41.1054;5.77;
350.2219;38.1823;5.77;
357.3645;1.0761;5.77;
357.8385;9.3134;5.77;
1.0825;-16.529;5.78;
3.3318;-84.994;5.78;
9.1139;60.3262;5.78;
25.8323;60.5513;5.78;
27.1732;32.6902;5.78;
28.2171;-16.9292;5.78;
39.2442;-34.578;5.78;λ2 For
41.1374;15.3119;5.78;ο Ari
48.0594;27.257;5.78;
51.1238;33.536;5.78;
57.9738;34.3591;5.78;
65.2419;-81.5799;5.78;ν Men
68.0077;53.9108;5.78;
69.5394;16.0333;5.78;
71.0222;-8.5036;5.78;
80.4315;8.4286;5.78;
81.4993;-19.6954;5.78;
86.7172;9.5223;5.78;
92.9025;48.711;5.78;
93.0838;32.6934;5.78;
96.0577;-60.2813;5.78;
98.8159;0.8902;5.78;
102.7076;-0.5409;5.78;
105.5729;15.336;5.78;
106.4126;9.1858;5.78;
108.9143;7.9777;5.78;
112.2705;-31.4562;5.78;
113.645;-27.0123;5.78;
114.6829;-36.4968;5.78;e Pup
117.3038;-60.2837;5.78;
117.4208;-66.196;5.78;
120.3366;59.0474;5.78;
133.4527;-60.3539;5.78;
137.8891;-46.5839;5.78;
153.3666;-51.7558;5.78;
181.313;76.9057;5.78;Tonatiuh
187.4758;-56.5249;5.78;
189.0043;-39.8695;5.78;
197.787;-42.2329;5.78;
221.5248;15.1318;5.78;
223.5953;-11.8983;5.78;ξ1 Lib
237.5295;-53.2098;5.78;
238.8849;-60.1776;5.78;
239.3389;-36.1853;5.78;
243.3446;-55.5409;5.78;ζ Nor
253.7438;-41.1509;5.78;
262.6983;86.968;5.78;
265.3177;-46.9218;5.78;
267.8978;-60.1641;5.78;
279.628;-23.5049;5.78;
286.66;24.2508;5.78;
308.4785;46.6939;5.78;
313.6992;-17.9229;5.78;
321.8117;-21.1962;5.78;
327.8927;19.8267;5.78;
332.656;11.6245;5.78;
336.2942;-70.4316;5.78;
358.6943;0.1093;5.78;
5.1897;32.9112;5.79;
22.9302;-30.2831;5.79;
33.9419;25.7829;5.79;
39.0204;6.8869;5.79;
40.0518;-9.4529;5.79;
48.9499;57.1406;5.79;
53.396;39.8995;5.79;
56.5039;67.2016;5.79;
68.3915;-62.8237;5.79;
73.959;15.0403;5.79;
74.4527;23.9486;5.79;
74.5391;25.0504;5.79;k Tau
83.6866;-73.7413;5.79;
87.5112;9.8712;5.79;
91.5231;-29.7586;5.79;
94.7457;-20.9256;5.79;
100.2727;0.4953;5.79;
111.2846;-13.752;5.79;
111.3553;-25.2178;5.79;
111.9653;-11.5569;5.79;
115.466;13.4805;5.79;
128.9668;-50.9697;5.79;E Vel
131.4798;-79.5044;5.79;
133.2001;-38.7241;5.79;
139.8881;-15.8347;5.79;
140.4304;56.6992;5.79;
147.8003;-59.4258;5.79;
157.5269;38.9251;5.79;
160.9306;57.1992;5.79;
167.4725;-32.3675;5.79;
168.5076;8.0607;5.79;
185.9364;-38.9114;5.79;
194.9147;-3.8119;5.79;k Vir
197.3018;10.0225;5.79;
205.0446;-64.5766;5.79;
234.4502;-23.1417;5.79;
240.8307;36.6318;5.79;
247.0603;-37.1799;5.79;
254.8915;-69.2682;5.79;
271.9563;26.0973;5.79;
278.8025;18.2034;5.79;
288.307;-25.9068;5.79;
292.2541;1.9504;5.79;c Aql
298.701;36.9957;5.79;
310.1355;-16.1242;5.79;
323.8234;-3.9833;5.79;
330.4608;52.8823;5.79;
331.9596;21.7029;5.79;
336.0287;-4.837;5.79;
337.2926;26.7632;5.79;
343.4173;44.7492;5.79;
345.9985;-41.4789;5.79;
0.5423;27.0823;5.8;
1.2756;61.314;5.8;
11.44;-47.552;5.8;
13.6468;19.1884;5.8;
17.7928;37.7241;5.8;
39.4003;65.7453;5.8;
41.9488;81.4485;5.8;
44.5218;20.6687;5.8;
58.4304;57.9751;5.8;
62.9008;-20.3562;5.8;
77.0841;-8.6653;5.8;
82.3487;-3.4464;5.8;
91.3632;-35.5136;5.8;
103.7614;-20.4049;5.8;
106.7795;-40.8933;5.8;D Pup
108.5452;-3.9018;5.8;
110.7169;55.2814;5.8;
111.2379;51.8873;5.8;
116.0404;-36.0625;5.8;
119.2477;15.7903;5.8;
125.0874;20.7477;5.8;
128.5067;-2.1516;5.8;
134.6831;-16.1327;5.8;
135.1906;-60.9638;5.8;
145.2591;-57.2595;5.8;
146.5419;6.7086;5.8;
152.3757;-68.6828;5.8;
154.658;-56.1104;5.8;
162.5752;-8.8978;5.8;
171.2455;11.4303;5.8;
171.6969;-53.1599;5.8;
174.0748;27.7814;5.8;
184.3733;53.1913;5.8;
221.5282;-23.153;5.8;
222.4933;28.6158;5.8;
235.478;18.464;5.8;τ7 Ser
244.1866;29.1503;5.8;υ CrB
263.6529;9.5867;5.8;f Oph
282.3639;-45.8101;5.8;
300.2014;-45.1129;5.8;
301.0259;17.0702;5.8;
332.2458;-18.5196;5.8;
334.219;-9.0401;5.8;
339.304;75.3718;5.8;
343.3696;-11.6165;5.8;
17.581;25.4578;5.81;
34.9761;-55.9448;5.81;
35.7096;41.3963;5.81;
39.1461;7.73;5.81;
45.7328;-46.975;5.81;
52.7154;-66.4897;5.81;
57.1488;-20.903;5.81;
65.7736;-24.8922;5.81;
79.5552;73.2681;5.81;
84.6814;-40.7073;5.81;
89.6564;-44.0346;5.81;
101.4738;-52.4097;5.81;
109.1327;-38.3189;5.81;
154.3106;23.1062;5.81;
164.9974;-43.8071;5.81;
199.6155;34.0983;5.81;
200.5679;-52.183;5.81;
204.6753;-29.5609;5.81;
206.4037;-26.116;5.81;
238.069;55.8267;5.81;
265.4921;72.1569;5.81;Dsiban
274.2985;-17.3739;5.81;
276.4949;29.8289;5.81;
290.5898;-0.2523;5.81;
301.5577;53.1657;5.81;
303.3651;60.6406;5.81;
320.2701;7.3545;5.81;
346.8116;-50.6867;5.81;
349.9684;42.078;5.81;
354.3835;44.429;5.81;
359.8721;33.7239;5.81;
22.8073;70.2646;5.82;
44.5239;-23.606;5.82;
52.654;48.1036;5.82;
54.197;0.5878;5.82;
57.4025;63.297;5.82;
72.8676;-34.9063;5.82;
91.7653;-34.312;5.82;
96.7672;-58.0021;5.82;
97.8046;-35.2588;5.82;
98.1133;32.4549;5.82;
117.3036;-46.8577;5.82;
127.2815;-44.1604;5.82;
170.7839;-56.7794;5.82;
183.7483;-20.8442;5.82;
186.2634;56.7778;5.82;
199.308;-43.9795;5.82;
201.5336;72.3915;5.82;
209.0824;-46.5929;5.82;
227.1482;25.1086;5.82;
232.6683;-16.6095;5.82;
233.5071;-40.0664;5.82;
234.5678;-21.0163;5.82;
240.2131;4.4274;5.82;
261.1751;-21.4415;5.82;
269.0767;0.6704;5.82;
280.0016;-7.7908;5.82;
281.2067;-25.0109;5.82;
281.3682;5.5001;5.82;
282.7438;-9.7741;5.82;
285.8844;1.8188;5.82;
292.2378;24.7687;5.82;
305.0892;17.7929;5.82;
339.1477;-31.6638;5.82;
342.046;37.4167;5.82;
343.5291;40.3769;5.82;
353.3316;-77.3853;5.82;
10.5143;66.1476;5.83;
16.081;61.5802;5.83;
27.5357;22.2753;5.83;
42.1337;18.2838;5.83;
84.2869;26.9245;5.83;
92.8846;24.4203;5.83;
93.476;-3.7414;5.83;
93.6529;-4.5685;5.83;
110.6058;-5.9828;5.83;
113.5662;3.3717;5.83;δ3 CMi
120.7673;-32.4635;5.83;
122.795;-48.462;5.83;
139.2822;-14.5741;5.83;
139.6765;-51.5607;5.83;
149.1479;-33.4185;5.83;
172.269;61.7784;5.83;
178.9934;56.5986;5.83;
192.1644;60.3198;5.83;
208.4885;-47.1282;5.83;
216.8007;-46.1343;5.83;
219.5634;54.0233;5.83;
225.5268;-28.0606;5.83;
246.0451;6.9482;5.83;o Her
249.0467;46.6133;5.83;
249.6095;-43.3984;5.83;
261.6843;48.2601;5.83;x Her
262.8644;-80.8591;5.83;
271.9565;26.1013;5.83;
296.8657;38.4076;5.83;
304.5291;40.7321;5.83;
314.1062;50.7286;5.83;
315.5375;56.6696;5.83;
318.0571;-40.2694;5.83;
319.5461;-4.5195;5.83;
330.8293;11.3866;5.83;
336.6767;78.7859;5.83;
347.489;-42.8613;5.83;
2.5786;-5.2486;5.84;
2.6785;-12.5799;5.84;
20.879;-30.9456;5.84;
29.4323;27.8044;5.84;
32.2887;-43.5166;5.84;
38.2192;34.5424;5.84;
39.5778;-30.1941;5.84;ι2 For
45.4838;-9.9614;5.84;
49.3608;-47.7517;5.84;
62.5068;86.6261;5.84;
72.3295;32.5882;5.84;
74.7124;-82.4705;5.84;ξ Men
76.981;21.7048;5.84;
107.9234;-20.8831;5.84;
108.6749;24.885;5.84;
113.2907;-24.7107;5.84;
154.174;25.3707;5.84;
159.7818;37.91;5.84;
174.0932;-61.0524;5.84;
190.3458;-46.1456;5.84;
194.0732;54.0995;5.84;
198.5722;-78.4475;5.84;
198.6803;-48.957;5.84;
214.3685;15.2634;5.84;
217.8185;-67.7172;5.84;
228.4721;-26.1936;5.84;
234.6425;50.4233;5.84;
239.4186;-20.9831;5.84;
250.4394;-33.1458;5.84;
253.6123;-42.4789;5.84;
263.2808;-41.1731;5.84;
268.0823;-34.4168;5.84;
271.5308;-8.324;5.84;
279.8096;-47.9098;5.84;
283.6964;48.8594;5.84;
290.4621;-18.3084;5.84;ρ2 Sgr
291.6195;19.8915;5.84;
292.0867;2.93;5.84;
303.1078;-12.6175;5.84;ξ Cap
322.2491;22.1794;5.84;
328.8792;65.3208;5.84;
339.7191;19.5223;5.84;
341.5426;44.5461;5.84;
40.748;53.5261;5.85;
59.7183;-5.4699;5.85;
65.1785;-7.5925;5.85;d Eri
69.566;20.6847;5.85;
104.1336;46.274;5.85;ψ9 Aur
108.1099;24.1286;5.85;
135.6867;7.2983;5.85;
138.5342;-44.1458;5.85;
138.7382;-37.6024;5.85;k1 Vel
149.1082;8.9332;5.85;
162.3518;-59.3238;5.85;
162.4312;-9.8527;5.85;
177.9234;-30.8348;5.85;
183.3581;10.2623;5.85;
205.3746;64.8224;5.85;
223.658;-33.3006;5.85;
227.1633;-42.8679;5.85;
234.3834;54.5087;5.85;
236.908;55.3766;5.85;
279.7225;-21.0519;5.85;
288.021;49.8558;5.85;
290.9854;43.3882;5.85;
339.2452;-40.591;5.85;σ2 Gru
345.1788;3.0118;5.85;
348.3604;11.065;5.85;
358.125;-14.2512;5.85;
4.2877;47.9474;5.86;
12.0381;72.6745;5.86;
27.0456;16.9556;5.86;
33.2541;-21.0001;5.86;
42.9239;46.8419;5.86;
54.6219;-7.3919;5.86;
65.3627;-0.0982;5.86;
70.84;49.9738;5.86;
75.6891;-4.2101;5.86;
81.7722;-40.9435;5.86;
82.9;-45.9253;5.86;
93.6191;17.9064;5.86;
97.6963;58.1626;5.86;
105.6387;16.6744;5.86;
109.5177;-43.9868;5.86;M Pup
112.3568;-7.5512;5.86;
118.881;8.8628;5.86;
123.5995;-45.8345;5.86;
132.5093;-29.463;5.86;
139.3649;-74.7346;5.86;
142.5937;-15.5774;5.86;
142.8877;-35.7148;5.86;
149.5949;72.8795;5.86;
152.8032;37.4019;5.86;
165.0487;-14.0834;5.86;
188.784;21.8814;5.86;
189.7644;-30.4224;5.86;
214.6594;-18.716;5.86;
218.3749;-52.6795;5.86;
218.3849;-54.9986;5.86;
222.5659;23.9118;5.86;
236.0076;2.5152;5.86;ψ Ser
237.4896;-48.9124;5.86;
242.1822;-23.6854;5.86;
242.8238;-41.1198;5.86;
251.8323;42.2389;5.86;
253.3551;-20.4156;5.86;
260.7301;-58.0103;5.86;
269.9032;-4.8211;5.86;
272.7732;-41.3591;5.86;
272.8158;-75.8915;5.86;
273.1419;-73.6724;5.86;
287.4902;-41.8923;5.86;
295.9379;41.7731;5.86;
304.5058;-21.81;5.86;
306.3618;-28.6633;5.86;
312.3234;-25.7812;5.86;
343.2594;16.8412;5.86;
353.746;71.642;5.86;
357.4207;36.4253;5.86;
0.6504;66.099;5.87;
19.0496;71.7438;5.87;
19.9512;-0.509;5.87;
30.744;-15.3059;5.87;
66.8699;11.2123;5.87;
84.5047;7.5414;5.87;
87.4729;-22.9719;5.87;
88.8757;-4.6165;5.87;
96.6649;-1.5073;5.87;
99.41;56.8575;5.87;
102.4577;16.2029;5.87;
109.5092;40.8834;5.87;
110.2681;-25.8916;5.87;
112.4988;-52.6512;5.87;
116.5439;-37.9337;5.87;
120.2081;-54.1513;5.87;
120.2328;25.3928;5.87;ω Cnc
142.6801;33.6557;5.87;
162.0588;-31.6879;5.87;
171.3879;-37.7476;5.87;
191.6926;-33.3155;5.87;
192.5448;37.5169;5.87;
208.4296;-53.3733;5.87;
214.7537;-25.8154;5.87;
216.7795;-65.8216;5.87;
238.6647;-25.2437;5.87;
258.3245;-67.1966;5.87;
264.287;72.4558;5.87;
266.175;-42.7293;5.87;
277.3988;23.8662;5.87;
299.9473;-9.9582;5.87;
304.0026;45.5795;5.87;
305.9349;37.4764;5.87;
312.6741;-12.5449;5.87;
320.268;-4.5601;5.87;
333.4112;28.608;5.87;
4.6594;31.5172;5.88;
7.8568;33.5816;5.88;
9.8409;21.2505;5.88;
13.9267;-7.3471;5.88;
24.4815;-82.975;5.88;
36.5015;-15.3412;5.88;
37.6348;25.235;5.88;
45.4068;-28.0916;5.88;ε For
61.5133;68.68;5.88;
64.4178;-63.2554;5.88;θ Ret
68.6583;28.9612;5.88;
77.939;1.037;5.88;
85.5582;-22.3737;5.88;
91.3626;-10.2426;5.88;
93.785;-20.2722;5.88;
94.2899;-37.2535;5.88;
96.3189;-0.9459;5.88;
97.5124;46.6856;5.88;
98.08;4.856;5.88;
100.1344;71.7488;5.88;
100.911;3.9325;5.88;
104.2335;46.7054;5.88;
123.4591;56.4522;5.88;
125.7081;-26.3482;5.88;
128.2291;38.0164;5.88;
134.4815;-48.5729;5.88;
142.5976;-58.3618;5.88;
155.2639;68.7477;5.88;
164.8789;-16.3537;5.88;
169.1744;49.4763;5.88;
188.0416;-73.0011;5.88;
189.1973;-5.8319;5.88;f Vir
191.829;62.7812;5.88;
200.8287;-4.9244;5.88;
201.5692;46.0281;5.88;
206.5564;41.0887;5.88;
218.8812;-41.5174;5.88;
224.7233;-11.144;5.88;
225.3046;-38.0584;5.88;
227.7867;-84.7878;5.88;ω Oct
229.6089;-0.4612;5.88;
254.9904;-25.0922;5.88;
268.0569;-34.7992;5.88;
278.1923;23.6168;5.88;
278.2306;-73.9656;5.88;
287.1075;52.4257;5.88;
288.8536;30.5264;5.88;
298.05;-19.045;5.88;
300.4363;24.8004;5.88;
316.5971;71.4318;5.88;
325.7683;-14.3997;5.88;
334.1107;57.2202;5.88;
338.1099;39.7797;5.88;
338.5121;-1.5743;5.88;
340.0929;-30.6589;5.88;
347.436;-28.0886;5.88;
5.1017;30.9356;5.89;
9.1971;15.2317;5.89;
10.107;-59.4546;5.89;
28.977;37.2778;5.89;
29.8987;21.0586;5.89;
30.0382;3.097;5.89;
35.5208;-17.6622;5.89;
36.6467;-20.0426;5.89;
37.2021;29.9318;5.89;
42.1913;25.1881;5.89;
44.9162;41.0329;5.89;
46.8292;64.0576;5.89;
60.2032;18.194;5.89;
61.9976;17.3399;5.89;
77.8299;-2.4908;5.89;
89.206;11.5211;5.89;
89.6018;1.8371;5.89;
114.1446;5.8622;5.89;
116.1424;-37.9429;5.89;
117.5993;-50.5095;5.89;
125.1086;57.7433;5.89;
125.7298;-52.1237;5.89;
127.4425;67.2974;5.89;
128.4312;4.757;5.89;
131.7334;12.11;5.89;A2 Cnc
135.2855;-68.6839;5.89;
135.3505;32.2523;5.89;
155.7764;33.9081;5.89;
159.511;-57.2563;5.89;
167.4104;43.2077;5.89;
173.0833;-66.9618;5.89;
178.75;-63.2792;5.89;
180.6571;-69.1923;5.89;
181.0692;21.4592;5.89;
193.4538;-60.3762;5.89;κ Cru
193.7438;-44.152;5.89;
200.5404;5.1548;5.89;
207.7884;34.6644;5.89;
213.42;-0.8455;5.89;
222.1585;-36.6347;5.89;
231.5613;-68.3092;5.89;
237.1434;28.1567;5.89;Variabilis Coronae
242.9483;42.3746;5.89;
245.6211;-43.9121;5.89;
250.3463;-68.2961;5.89;η1 TrA
259.1321;1.2105;5.89;
264.3638;-50.0597;5.89;
270.9685;-24.3607;5.89;
281.6191;-0.9617;5.89;
282.2224;19.3287;5.89;
284.5079;38.2662;5.89;
285.8735;-68.7555;5.89;
292.8401;26.6172;5.89;
293.5354;-40.0346;5.89;
294.6716;54.9738;5.89;
296.4164;7.6132;5.89;υ Aql
307.363;56.0682;5.89;
309.5775;-81.2891;5.89;
314.4194;-16.0315;5.89;
319.8424;38.2375;5.89;
342.7626;85.3737;5.89;
348.6546;74.2313;5.89;
355.2871;-11.6807;5.89;
355.4862;7.2505;5.89;
1.0569;62.2877;5.9;
10.1766;-4.3518;5.9;
11.0504;-38.4217;5.9;λ2 Scl
12.3081;-24.1367;5.9;
23.5692;37.2371;5.9;
23.7044;18.4605;5.9;
35.7278;-51.0921;5.9;
61.3344;22.0089;5.9;A2 Tau
67.0975;14.741;5.9;
78.2005;-6.0572;5.9;
88.7458;31.7015;5.9;
89.8407;49.9245;5.9;
91.2641;42.9816;5.9;
104.1076;9.9566;5.9;
108.5647;-9.9475;5.9;
109.8432;2.7407;5.9;
111.6769;-34.1407;5.9;
113.024;-8.8813;5.9;
116.8023;-22.5195;5.9;
120.4064;-37.2837;5.9;
130.2722;-48.9227;5.9;
134.1271;40.2015;5.9;
142.1273;-66.7019;5.9;
145.3963;31.2778;5.9;
148.4289;5.9586;5.9;
157.9641;32.3796;5.9;
164.2827;-50.765;5.9;
169.729;1.6504;5.9;
177.1613;14.2842;5.9;
184.668;-0.7872;5.9;
198.3473;-50.6998;5.9;
209.1162;1.0506;5.9;
219.5583;18.2984;5.9;
221.7712;-38.2906;5.9;
224.0551;14.4463;5.9;
228.0178;18.976;5.9;
231.9643;60.6702;5.9;
241.5266;-23.6063;5.9;
261.8019;-50.6304;5.9;
276.9562;-29.8169;5.9;
296.0767;69.3371;5.9;
300.2457;8.5577;5.9;
307.335;36.4547;5.9;
347.5406;-40.5915;5.9;
27.1084;3.6854;5.91;
33.6331;-41.1668;5.91;
38.2793;-34.65;5.91;λ1 For
39.2383;38.7336;5.91;
45.4756;26.4624;5.91;
49.9825;27.0711;5.91;
53.1667;35.4617;5.91;
56.539;6.8035;5.91;
56.6143;-29.3382;5.91;σ For
57.1623;0.2279;5.91;
65.4659;56.5063;5.91;
65.5947;20.8214;5.91;
69.1008;64.2616;5.91;
75.4598;0.7221;5.91;
93.7853;13.8511;5.91;
104.2522;33.681;5.91;
108.0509;-25.9426;5.91;
109.9485;7.1429;5.91;
122.5157;58.2482;5.91;
128.9624;6.6202;5.91;
129.8234;52.7116;5.91;
142.1963;-62.2731;5.91;
142.884;-31.8718;5.91;ζ2 Ant
152.5314;-8.4082;5.91;
153.4413;-40.3461;5.91;
158.14;-44.6185;5.91;
163.3779;69.8539;5.91;
163.9267;0.7369;5.91;
164.0061;6.1854;5.91;
183.0916;-62.9508;5.91;
185.4893;-56.3744;5.91;
190.9085;-1.577;5.91;
193.2674;-54.9525;5.91;
197.4494;16.8486;5.91;
197.5134;38.499;5.91;
198.2033;-66.2267;5.91;
198.5504;-58.6839;5.91;
204.3478;-46.4279;5.91;
205.6633;78.0644;5.91;
208.2928;28.6481;5.91;
218.1356;22.2601;5.91;
222.1856;-66.5936;5.91;
223.1469;-63.8098;5.91;
224.8463;4.5678;5.91;
225.3629;60.2045;5.91;
241.1534;-37.863;5.91;
243.5932;-33.0111;5.91;
252.3944;13.2611;5.91;
253.5015;-57.9095;5.91;
255.9138;13.6053;5.91;
255.9623;-38.1526;5.91;
259.7382;-34.9898;5.91;
260.7281;-37.2208;5.91;
268.1477;1.305;5.91;
281.6795;52.988;5.91;
284.0028;-23.1738;5.91;
284.6955;13.9066;5.91;
288.6648;-45.1935;5.91;
290.0668;57.6451;5.91;
291.2668;-29.3094;5.91;
297.5586;-47.5574;5.91;
298.0299;47.9318;5.91;
303.0029;26.4788;5.91;
304.3805;66.8537;5.91;
309.6458;23.6805;5.91;
311.0919;56.4884;5.91;
311.5416;-21.514;5.91;
316.3719;78.1264;5.91;
342.5907;41.9534;5.91;
343.761;37.0768;5.91;
347.6133;43.5442;5.91;
353.5376;-1.2476;5.91;
12.0725;7.2999;5.92;
15.9042;61.0748;5.92;
21.0854;-6.9147;5.92;
21.2721;-64.3695;5.92;
22.5954;-26.2079;5.92;
27.7166;11.0434;5.92;
42.5616;-35.8436;5.92;η2 For
47.9278;81.4707;5.92;
48.1073;-44.4197;5.92;
75.595;-31.7713;5.92;
81.7033;34.3918;5.92;
83.5169;-1.4703;5.92;
88.7362;19.7496;5.92;
97.547;-10.0815;5.92;
97.6929;-27.7696;5.92;
101.3456;-31.7937;5.92;
101.6351;8.5872;5.92;
115.0564;-19.6609;5.92;
125.1339;24.0223;5.92;Piautos
125.7254;-7.5431;5.92;
128.4101;-38.8488;5.92;
129.274;9.6556;5.92;c Cnc
133.1609;-48.3591;5.92;
138.3936;-47.3384;5.92;
143.3585;-22.8639;5.92;
162.169;-1.9589;5.92;
192.2778;83.4178;5.92;
197.9643;-69.942;5.92;
203.6685;-13.2143;5.92;y Vir
205.5962;82.7524;5.92;
206.5794;38.5036;5.92;
206.8652;-50.2493;5.92;
209.8228;-50.3696;5.92;
225.0471;-77.1606;5.92;
248.107;60.8233;5.92;
250.4029;26.9169;5.92;
299.8351;45.7725;5.92;
314.1079;49.1958;5.92;
318.9269;77.0123;5.92;
328.7975;-61.8866;5.92;
335.884;-7.1944;5.92;
340.4894;14.5164;5.92;
349.1658;-44.4892;5.92;
1.9454;-22.5086;5.93;
8.2933;54.895;5.93;
17.9313;-2.2511;5.93;
43.3933;-38.437;5.93;ψ For
43.3972;-22.3763;5.93;
45.1839;10.8704;5.93;
48.3495;48.177;5.93;
49.5108;-28.7971;5.93;
51.5939;-27.3175;5.93;
52.6892;6.1887;5.93;
58.3888;-46.8937;5.93;
60.1694;-30.4907;5.93;
77.4379;28.0305;5.93;
82.609;15.3604;5.93;
85.2733;0.3378;5.93;
86.6266;56.1156;5.93;
88.0842;-57.1562;5.93;
91.1671;-45.0789;5.93;
92.3852;22.1903;5.93;
98.8233;9.9883;5.93;
105.8769;29.3371;5.93;
109.3905;52.1311;5.93;
114.196;55.7551;5.93;
114.4744;48.7738;5.93;
115.2438;23.0185;5.93;
116.667;65.4557;5.93;
138.9691;72.9463;5.93;
150.5004;-60.4209;5.93;
155.8603;-4.074;5.93;
156.2476;-58.5763;5.93;
163.8218;-60.517;5.93;
171.7897;-12.3567;5.93;κ Crt
178.9172;-28.4771;5.93;
194.132;-72.1852;5.93;
195.7722;-71.4757;5.93;
210.8604;-56.2134;5.93;
214.8495;-37.0029;5.93;
220.1766;13.5343;5.93;
234.1218;16.1191;5.93;τ5 Ser
236.0945;-41.8191;5.93;
240.5232;52.9159;5.93;
242.2453;3.4545;5.93;
242.2967;6.3787;5.93;
244.7967;49.0382;5.93;
249.7718;-37.2174;5.93;
257.1981;-30.4037;5.93;
259.8021;-59.6946;5.93;
262.1621;-55.1697;5.93;
266.9032;-14.7258;5.93;
269.0793;-15.8125;5.93;
277.9875;-1.003;5.93;
279.4768;-21.3977;5.93;
282.4413;32.8128;5.93;ν1 Lyr
285.9898;-51.0186;5.93;
286.4216;-15.6604;5.93;
287.9417;31.2835;5.93;
295.6859;32.4267;5.93;
315.6132;-38.531;5.93;
315.9484;53.2859;5.93;
321.4459;36.6674;5.93;
332.9639;16.0406;5.93;
340.4002;41.5491;5.93;
341.0217;39.4653;5.93;
357.5614;-9.9741;5.93;
358.2315;-3.1555;5.93;
3.426;-26.0223;5.94;
7.5831;59.9776;5.94;
8.8868;-0.5056;5.94;
11.2377;-42.6766;5.94;
24.6145;-36.5283;5.94;
27.1622;37.9529;5.94;
27.7268;-50.2061;5.94;
32.8993;-1.8254;5.94;
42.9948;68.8885;5.94;
50.4689;49.0709;5.94;
62.2565;13.3983;5.94;
66.2722;-61.2382;5.94;
68.3778;72.5286;5.94;
81.1605;31.1431;5.94;
99.4224;61.4812;5.94;
102.9268;-36.2303;5.94;
106.8433;34.0093;5.94;
108.1076;-36.5444;5.94;
111.7347;20.2576;5.94;
117.311;-35.2433;5.94;
125.841;18.3322;5.94;d1 Cnc
127.1556;14.2108;5.94;
139.608;35.3641;5.94;
172.6297;43.1732;5.94;
173.1981;-7.8275;5.94;
174.4516;-67.6204;5.94;
185.0449;-22.1757;5.94;
216.0037;8.244;5.94;
236.6448;55.4748;5.94;
254.1199;-52.2837;5.94;
257.9112;-48.8734;5.94;
261.6923;34.6958;5.94;
264.4009;-15.571;5.94;
267.8856;-40.7725;5.94;
271.5988;-36.0198;5.94;
307.4746;-18.5832;5.94;ο Cap
316.3613;5.9582;5.94;
326.222;62.4606;5.94;
330.7659;-76.1184;5.94;
340.0767;53.8459;5.94;
345.3821;-4.7115;5.94;
15.7261;41.3452;5.95;
18.1893;-37.8565;5.95;
23.9782;17.4338;5.95;
41.2071;67.8246;5.95;
53.6109;24.4644;5.95;
57.2838;43.9631;5.95;
64.3301;-6.4722;5.95;
65.0601;41.8081;5.95;
67.1627;-19.4589;5.95;
67.668;-35.6535;5.95;
75.0764;39.3947;5.95;
86.6455;1.1682;5.95;
88.0322;-9.0419;5.95;
89.0595;-22.84;5.95;
99.1942;-13.321;5.95;
105.099;-8.4068;5.95;
108.7381;-41.4264;5.95;
108.9302;-10.5836;5.95;
112.2131;-31.8484;5.95;
112.6288;-54.3994;5.95;
115.3965;3.6248;5.95;
124.5998;-12.6322;5.95;
126.465;-64.6006;5.95;
128.8696;-26.8435;5.95;
134.1422;-16.7087;5.95;
137.1972;26.6291;5.95;
137.2128;33.8822;5.95;
143.2324;-13.5168;5.95;
147.367;-37.1868;5.95;
148.4587;-51.1467;5.95;
154.1345;23.5031;5.95;
161.2668;67.4114;5.95;
162.7725;-3.0927;5.95;
163.6233;-61.8266;5.95;
165.9025;-0.0008;5.95;p3 Leo
173.677;16.7969;5.95;
175.177;-53.9686;5.95;
179.8231;33.167;5.95;
181.2384;-60.9683;5.95;
181.5959;-65.7095;5.95;
182.4221;1.8979;5.95;
186.299;-11.6106;5.95;
191.2475;39.2789;5.95;
197.4387;-10.3293;5.95;
208.912;-82.6662;5.95;
234.9856;-59.9083;5.95;
235.4778;-76.082;5.95;
238.7515;-19.3829;5.95;
244.2726;-67.9413;5.95;
253.4268;-43.051;5.95;
255.1541;-35.9341;5.95;
258.244;-32.4383;5.95;
258.8998;-38.5939;5.95;
269.268;0.0667;5.95;
277.3331;-80.2327;5.95;
286.7317;-48.2991;5.95;
300.0664;-37.7017;5.95;
305.6887;41.026;5.95;
314.6743;-14.4831;5.95;
337.4417;-27.1073;5.95;
353.7057;-15.246;5.95;
354.7924;75.2929;5.95;
356.6531;66.7822;5.95;
357.4141;28.8424;5.95;
359.3329;-62.9566;5.95;
5.3699;-77.4269;5.96;
27.738;51.9334;5.96;
30.9507;-0.3403;5.96;
33.1564;24.1678;5.96;
51.4011;-69.3364;5.96;
72.2098;75.9412;5.96;
79.7103;-18.1301;5.96;
84.6582;-6.574;5.96;
87.5544;4.4234;5.96;
88.0975;19.8678;5.96;
104.7376;3.6024;5.96;
105.6064;17.7555;5.96;
105.8246;9.1384;5.96;
106.8054;-51.9683;5.96;
108.8384;-52.4992;5.96;
121.1767;-50.5904;5.96;
121.5766;22.6355;5.96;
125.3004;-57.9732;5.96;
126.4816;-14.9297;5.96;
129.5791;32.802;5.96;
133.049;45.3128;5.96;
133.1492;28.3308;5.96;Copernicus
139.3799;46.8172;5.96;
144.3683;-36.096;5.96;
144.8661;67.2722;5.96;
159.7484;-58.8169;5.96;
173.6229;-32.8313;5.96;
187.9838;-63.5058;5.96;
204.275;-44.1432;5.96;
205.7293;-41.401;5.96;
205.917;-42.0675;5.96;
210.2185;-66.2689;5.96;
212.396;-51.5047;5.96;
217.4605;0.8289;5.96;
228.9736;-48.0737;5.96;
251.1656;-53.1523;5.96;
273.804;-20.388;5.96;
273.8212;68.7558;5.96;
285.7659;-19.2457;5.96;
305.0008;13.5481;5.96;
307.3649;81.0913;5.96;
314.1449;44.9247;5.96;
324.0104;45.3746;5.96;
326.004;-14.7494;5.96;
326.1305;14.7719;5.96;
329.723;62.698;5.96;
334.7531;-13.305;5.96;
349.8504;-18.0754;5.96;
14.6294;66.3518;5.97;
17.6398;2.4457;5.97;
18.5318;16.1335;5.97;
20.854;20.469;5.97;
25.4135;30.0471;5.97;
30.6462;13.4767;5.97;
44.0574;8.3816;5.97;
47.6616;11.8726;5.97;
49.4406;39.2834;5.97;
54.7547;-5.6262;5.97;
58.2919;17.3271;5.97;
66.238;19.042;5.97;
70.4594;38.2802;5.97;
73.1963;27.8975;5.97;
76.854;-12.4913;5.97;
84.2683;11.035;5.97;
85.7246;-6.7962;5.97;
87.1456;-4.0946;5.97;
87.6251;2.0247;5.97;
89.1168;9.5094;5.97;
94.032;-16.618;5.97;
126.2384;-42.7698;5.97;
149.3067;57.4182;5.97;
154.6177;-41.6685;5.97;
160.4647;-79.7833;5.97;
195.2901;17.1231;5.97;
201.5476;-1.1925;5.97;
206.6805;25.7022;5.97;
207.4396;61.4893;5.97;
226.6383;-30.9185;5.97;
233.8175;53.9221;5.97;
244.7518;-14.8728;5.97;
259.597;38.8114;5.97;
265.3847;6.3132;5.97;
266.2328;-57.5455;5.97;
272.6318;54.2866;5.97;
295.0299;-23.4291;5.97;
302.0076;-0.6782;5.97;
310.0132;43.4589;5.97;
318.329;-36.4235;5.97;
319.7168;11.2034;5.97;
321.2065;80.5248;5.97;
323.0607;-33.9446;5.97;
331.1532;-26.8224;5.97;
333.0337;24.9506;5.97;
338.9016;-23.9911;5.97;
345.6844;-20.8707;5.97;
346.8696;21.1343;5.97;
1.5659;58.4367;5.98;
11.8485;6.741;5.98;
21.5779;43.4577;5.98;
24.9201;16.4059;5.98;
40.3922;-14.5493;5.98;
49.1466;32.184;5.98;
52.654;-47.3751;5.98;
53.4127;54.9749;5.98;
70.8948;-8.7943;5.98;
73.7113;0.4672;5.98;
79.8487;-27.3689;5.98;
84.8263;29.2152;5.98;
90.4294;48.9594;5.98;
111.4633;-5.775;5.98;
111.9289;-22.8592;5.98;
119.7575;-45.2158;5.98;
127.4401;-46.3317;5.98;
133.0418;42.0027;5.98;
138.8094;34.6335;5.98;
152.6572;-41.7152;5.98;
158.1992;-58.6667;5.98;
162.0225;-59.9192;5.98;
175.8633;-37.1902;5.98;
196.8512;-59.8605;5.98;
205.681;34.989;5.98;
210.3351;8.8949;5.98;
227.5305;-38.7925;5.98;
228.5252;31.7878;5.98;
237.0554;13.7891;5.98;
255.1123;-48.6478;5.98;
256.5841;-37.2276;5.98;
257.0619;-17.6091;5.98;
258.8345;-14.5841;5.98;
261.9065;-29.7246;5.98;
262.2337;-36.7783;5.98;
271.2099;-35.9014;5.98;
272.938;33.4471;5.98;
285.0149;-66.6536;5.98;
292.7957;-68.4339;5.98;
294.2186;11.2732;5.98;
295.273;13.8157;5.98;
315.0166;7.5162;5.98;
325.5045;35.5102;5.98;
332.6406;-4.2669;5.98;
340.2038;-57.4223;5.98;
349.5972;41.7737;5.98;
354.8381;74.0026;5.98;
2.0731;-8.8241;5.99;
6.8113;-25.5472;5.99;
10.6748;-60.2628;5.99;
14.5592;33.9509;5.99;
16.01;52.5022;5.99;
34.5191;57.5163;5.99;Misam al Thurayya
35.7179;-73.6458;5.99;κ Hyi
40.5275;-38.3837;5.99;
58.8172;-12.0991;5.99;
71.5701;18.7347;5.99;
71.6853;40.3126;5.99;
79.0756;34.3123;5.99;
80.8271;-8.4156;5.99;
82.7027;41.462;5.99;
84.8798;-3.5647;5.99;
88.6835;0.9686;5.99;
93.8238;-18.4772;5.99;
93.8736;-4.9147;5.99;
99.9488;12.9828;5.99;
108.3501;-22.6742;5.99;
110.5145;0.1771;5.99;
114.9916;-37.5794;5.99;d4 Pup
120.3762;16.4553;5.99;
141.0229;-61.6489;5.99;
145.4497;-55.2138;5.99;
163.4253;-70.7203;5.99;
164.8866;36.0931;5.99;
169.8185;-64.5825;5.99;
190.7882;-56.1762;5.99;
192.9872;-39.6804;5.99;
195.1498;-3.3685;5.99;
215.9524;-53.1762;5.99;
217.7952;-38.8697;5.99;
230.6552;62.0471;5.99;
250.7762;77.514;5.99;
251.2508;-28.5097;5.99;
253.3232;47.4167;5.99;
253.8529;-63.2697;5.99;
258.9228;23.7428;5.99;
262.847;-56.921;5.99;
269.6627;-28.7591;5.99;
274.2213;-3.0074;5.99;
275.6472;12.0297;5.99;
282.4206;-5.9129;5.99;
283.7188;33.9686;5.99;
295.454;50.5251;5.99;c Cyg
300.8183;18.501;5.99;
309.7707;15.8382;5.99;
310.5124;-76.1806;5.99;μ1 Oct
312.8573;-5.6266;5.99;
313.6848;75.9256;5.99;
320.7344;-9.3193;5.99;
340.6537;-47.2108;5.99;
342.8372;-29.5363;5.99;
351.9183;25.1673;5.99;
354.5995;-76.8696;5.99;
354.9793;9.6773;5.99;
9.9665;-44.7963;6;
30.7187;64.9015;6;
32.8426;-10.0522;6;
37.6883;0.2557;6;
38.2256;15.0346;6;
64.567;-20.7153;6;
65.8849;20.982;6;
76.6238;61.1698;6;
86.6896;15.8225;6;
94.1483;-39.2644;6;
95.6516;12.5702;6;
106.3265;22.6375;6;
107.389;-16.2345;6;
110.2288;-26.9638;6;
123.1283;-46.2643;6;
125.168;72.4072;6;
132.5876;-42.0898;6;
154.8616;48.3968;6;
156.8553;-65.7047;6;
156.8668;41.601;6;
182.7499;81.7098;6;
187.4912;-41.7359;6;
189.6859;-18.2501;6;
193.5777;-11.6486;6;
194.6972;75.4725;6;
196.5885;21.1534;6;
200.2014;-55.8007;6;
204.704;-57.6227;6;
205.7338;-56.768;6;
207.6028;5.4972;6;
209.1373;-54.7047;6;
218.0843;26.6773;6;
223.349;19.1528;6;
235.2463;16.0246;6;τ6 Ser
237.8809;-47.0608;6;
240.8932;-32.0005;6;
256.3201;0.7026;6;
259.5206;17.3179;6;
265.3407;51.8182;6;
268.4782;-34.7527;6;
279.9701;52.1961;6;
286.7172;-16.2293;6;
293.4234;49.2623;6;
296.9523;25.3841;6;
297.2592;-10.8708;6;
319.3094;55.798;6;
326.5678;-9.2759;6;
330.033;6.7174;6;
336.9427;31.84;6;
2.3341;79.7145;6.01;
10.9587;-12.0118;6.01;
22.4703;18.3557;6.01;
27.3148;47.8969;6.01;
28.9743;1.85;6.01;
31.7051;25.7046;6.01;
32.8002;25.9369;6.01;
52.4131;-6.8045;6.01;
54.6986;-27.9431;6.01;τ For
67.9657;15.8516;6.01;
68.4507;9.4136;6.01;
69.1214;23.3409;6.01;
91.5935;29.5124;6.01;
99.6476;-16.8735;6.01;
105.2713;-58.9399;6.01;
105.965;12.5942;6.01;
115.148;-8.1854;6.01;
120.0612;-48.9815;6.01;
126.3292;-21.046;6.01;
127.2125;-9.7486;6.01;
133.5748;-5.4345;6.01;
141.593;-1.4641;6.01;
147.8085;-4.2433;6.01;
154.8203;-12.5281;6.01;
155.1298;54.2168;6.01;
156.9125;9.7624;6.01;
159.0694;-16.3443;6.01;φ2 Hya
166.1301;38.2414;6.01;
182.6921;27.2815;6.01;
195.1361;-33.5053;6.01;
195.4455;63.6102;6.01;
197.411;37.4231;6.01;
199.7677;35.128;6.01;
203.0117;-18.7289;6.01;
209.6663;14.6493;6.01;
217.6891;4.7723;6.01;
231.912;25.1016;6.01;
236.8713;-37.9163;6.01;
261.5792;7.5957;6.01;
265.2439;-32.2145;6.01;
268.0197;39.9821;6.01;
270.1516;33.2137;6.01;
274.967;29.6664;6.01;
300.3494;-22.7373;6.01;
303.1322;51.4636;6.01;
310.3175;14.5829;6.01;
312.4074;12.5451;6.01;
315.3036;36.026;6.01;
321.6874;52.8985;6.01;
338.2621;69.9135;6.01;
343.2658;60.101;6.01;
358.8895;47.3558;6.01;
359.2651;42.6582;6.01;
3.7452;8.821;6.02;
29.6385;61.6978;6.02;
47.6127;26.8962;6.02;
61.9249;15.1628;6.02;
75.3938;-39.718;6.02;
77.5784;37.3019;6.02;
81.7492;-68.6225;6.02;
99.888;28.2631;6.02;
104.7619;38.0523;6.02;
108.6177;-10.3162;6.02;
109.1598;-23.3109;6.02;
116.3252;-43.7526;6.02;
118.9441;-43.8451;6.02;
120.4269;60.3244;6.02;
126.1782;42.0052;6.02;
133.2657;-56.6495;6.02;
138.8235;-58.3884;6.02;
139.0168;-44.8987;6.02;
148.0507;2.4541;6.02;
153.624;21.1681;6.02;
160.5469;31.697;6.02;
170.7135;64.3305;6.02;
176.0548;25.2183;6.02;
186.8534;-63.789;6.02;
190.3913;62.713;6.02;
190.4558;-19.7591;6.02;
192.9037;3.0568;6.02;
205.9782;52.0644;6.02;
212.1132;-74.8503;6.02;
218.6604;36.6261;6.02;
228.1416;-72.7706;6.02;
235.6551;-49.4896;6.02;
243.6393;73.3949;6.02;
250.8422;-67.4324;6.02;
250.9654;34.0388;6.02;
251.3736;1.0202;6.02;
277.4448;-14.582;6.02;
277.7623;-41.9138;6.02;
279.527;39.6683;6.02;
281.0761;61.0481;6.02;
288.1531;21.5546;6.02;
289.2141;46.9991;6.02;
310.0746;60.5053;6.02;
310.1512;29.8056;6.02;
322.5847;52.958;6.02;
326.3701;-71.0088;6.02;
330.101;-55.8835;6.02;
352.8623;-44.8436;6.02;
11.5451;44.8615;6.03;
16.2193;5.6563;6.03;
23.8126;-58.1395;6.03;
43.0793;-62.9096;6.03;
49.4961;-66.9269;6.03;
51.0422;12.6296;6.03;
52.1107;22.804;6.03;
75.4002;61.078;6.03;
78.4722;-52.0308;6.03;
84.364;-5.9384;6.03;
87.0932;20.8695;6.03;
89.2338;24.2497;6.03;
97.0604;70.5353;6.03;
99.2579;-38.1465;6.03;
103.2647;35.788;6.03;
103.7455;-2.8036;6.03;
104.3047;57.5633;6.03;
108.0082;-63.1901;6.03;
117.7738;54.1292;6.03;
117.9866;19.3251;6.03;
119.3162;8.6412;6.03;
123.2489;16.5143;6.03;
126.1518;-4.717;6.03;
131.1248;-65.8254;6.03;
164.0605;42.0082;6.03;
165.0862;42.9117;6.03;
185.9459;42.5427;6.03;
186.313;23.9262;6.03;
215.8344;-50.7723;6.03;
219.4427;-67.932;6.03;
226.8349;18.4418;6.03;
243.3207;-53.6712;6.03;
252.1124;-14.9094;6.03;
259.9723;-17.7565;6.03;
268.24;-35.6243;6.03;
269.6763;36.2878;6.03;
274.401;-34.1073;6.03;
288.7612;20.2031;6.03;
289.9711;11.535;6.03;ω2 Aql
291.1257;-27.8659;6.03;
293.9513;36.9445;6.03;
299.1839;36.2506;6.03;
307.5748;10.8959;6.03;
339.8931;37.5928;6.03;
343.408;-48.5983;6.03;τ1 Gru
358.6609;-40.3001;6.03;
358.891;57.4122;6.03;
8.8889;-54.8219;6.04;
12.8183;61.8055;6.04;
18.6766;6.9951;6.04;
19.0788;33.1147;6.04;
30.7376;77.9163;6.04;
41.3371;4.7116;6.04;
71.481;-39.3566;6.04;
72.1859;3.5885;6.04;
76.2272;-3.0397;6.04;
76.6531;-13.1226;6.04;
83.9007;-78.8208;6.04;ι Men
85.1496;31.3582;6.04;Andrews' star
86.862;-10.533;6.04;
88.1671;33.9175;6.04;
90.2519;27.5724;6.04;
90.3046;-25.4178;6.04;
90.7025;49.9057;6.04;
92.8663;13.6386;6.04;
94.7033;-15.025;6.04;
101.3474;-23.4624;6.04;
111.3332;-21.9826;6.04;
124.9578;3.948;6.04;
128.5556;8.4523;6.04;
135.0927;-43.174;6.04;
137.5869;21.9964;6.04;
137.6617;30.9631;6.04;
140.1236;-37.5817;6.04;
157.9528;-28.2371;6.04;
157.986;-45.0697;6.04;
159.7101;-12.4436;6.04;
179.7953;-51.6968;6.04;
199.8291;-72.0356;6.04;
206.8058;-9.7095;6.04;
219.5807;-38.7942;6.04;
233.9724;11.2657;6.04;
239.0285;-39.8644;6.04;
239.7683;49.881;6.04;
245.0178;21.1326;6.04;
254.8396;56.6886;6.04;
262.9546;-46.0368;6.04;
264.1531;30.7852;6.04;
273.2701;38.7735;6.04;
280.9005;36.5566;6.04;Xihe
281.298;-61.0952;6.04;
282.432;-72.9957;6.04;
285.23;33.8022;6.04;
295.9644;34.1627;6.04;
297.2984;-28.789;6.04;
297.7551;-65.6051;6.04;
313.9195;4.5327;6.04;
315.4387;-26.881;6.04;
333.1073;-14.194;6.04;
335.7522;62.4194;6.04;
343.6645;-70.0737;6.04;ρ Ind
350.2091;-50.3066;6.04;
7.0529;16.4451;6.05;
7.0835;10.1898;6.05;
10.6787;-38.4635;6.05;λ1 Scl
26.9435;-80.1763;6.05;τ2 Hyi
32.3555;81.2959;6.05;
33.5102;47.4842;6.05;
33.6212;66.5244;6.05;
43.1339;-12.7697;6.05;
44.1388;47.164;6.05;
46.1586;1.8636;6.05;
57.4795;22.2442;6.05;
59.2659;23.1756;6.05;
59.6788;-57.1024;6.05;
63.4368;72.1261;6.05;
69.5905;-77.656;6.05;
75.5826;74.2694;6.05;
80.3203;-34.3451;6.05;
85.757;56.5815;6.05;
94.265;-22.7152;6.05;
95.5148;59.3721;6.05;
96.3872;23.3272;6.05;
96.7974;-25.8565;6.05;
99.3502;6.1354;6.05;Plaskett's Star
99.9009;-23.6957;6.05;
103.3914;-28.5398;6.05;
112.3411;-14.9987;6.05;
115.6815;34.0002;6.05;
117.9182;-42.8882;6.05;
119.6311;16.5187;6.05;
119.8961;13.2422;6.05;
126.605;-52.8075;6.05;
127.1532;24.1449;6.05;
130.8009;-79.0701;6.05;
137.9205;-39.2588;6.05;
140.9972;-51.7371;6.05;
141.0679;-39.4255;6.05;
141.6837;-64.9297;6.05;
147.1667;-56.4119;6.05;
149.5318;8.314;6.05;
153.4571;27.1358;6.05;
157.1832;-3.7424;6.05;
162.4739;27.9739;6.05;
170.8248;0.132;6.05;
173.3118;-16.2804;6.05;
175.9797;-6.6772;6.05;
177.3116;16.2429;6.05;
178.5479;-57.4102;6.05;
180.5843;-85.6318;6.05;
183.1959;-70.1518;6.05;
184.2639;-16.6937;6.05;
187.0803;-64.341;6.05;
187.8392;7.6043;6.05;
197.7435;-52.5669;6.05;
208.5693;-28.5696;6.05;
221.8069;-21.3249;6.05;
229.0436;-43.485;6.05;
234.6757;-39.1277;6.05;
237.2101;-52.4383;6.05;
249.5065;-6.538;6.05;
250.9483;-38.1563;6.05;
254.7178;-37.6205;6.05;
255.2438;-86.3643;6.05;
262.9349;-26.2697;6.05;
264.9897;31.2025;6.05;
268.2051;-34.1148;6.05;
268.7835;-36.4756;6.05;
273.8782;-18.6616;6.05;
286.8785;-28.6368;6.05;
304.9303;-1.0785;6.05;
316.7303;38.7421;6.05;Bessel's Star
318.7776;-17.3451;6.05;
320.3414;32.6127;6.05;
9.0286;-22.8423;6.06;
10.4002;24.629;6.06;
11.1319;-62.4976;6.06;
15.9543;1.3668;6.06;
44.5097;38.6149;6.06;
46.3375;40.5822;6.06;
56.0268;48.5237;6.06;
63.7575;57.4604;6.06;
66.5879;8.5903;6.06;
68.342;-10.7853;6.06;
72.5674;-41.3208;6.06;ν Cae
73.7135;44.0609;6.06;
109.758;-19.2803;6.06;
114.7513;-53.2734;6.06;
116.3714;-14.6905;6.06;
117.7598;33.2337;6.06;
149.4275;-48.4141;6.06;
155.7519;6.5426;6.06;
165.1699;-31.8394;6.06;
169.3293;-67.8235;6.06;
184.2763;-65.693;6.06;
190.7073;-55.947;6.06;
199.1871;-65.1383;6.06;
200.7191;-72.1467;6.06;
217.4042;-76.7291;6.06;
217.457;31.7912;6.06;
219.7952;-46.5845;6.06;
221.2988;-1.4175;6.06;
224.1286;-32.6368;6.06;
243.7226;-25.477;6.06;
246.7086;2.3479;6.06;
253.759;25.7307;6.06;
255.9918;13.5674;6.06;
257.0569;-1.0795;6.06;
274.2538;-51.0683;6.06;
281.5542;41.4418;6.06;
281.9891;31.7568;6.06;
290.418;79.6028;6.06;
292.7511;70.9893;6.06;
298.3976;59.7087;6.06;
312.9948;-33.178;6.06;β Mic
314.2941;0.4638;6.06;
325.6373;10.8243;6.06;
329.6825;-21.1829;6.06;
340.6795;-44.248;6.06;
356.106;-70.4902;6.06;
1.6533;29.0215;6.07;
4.5719;11.2062;6.07;
13.3676;37.4182;6.07;
17.5477;15.6739;6.07;
20.945;78.7261;6.07;
28.9437;-60.861;6.07;
32.1903;-17.7792;6.07;
39.1793;31.6077;6.07;
40.4514;-3.2138;6.07;
48.7358;42.5036;6.07;
51.1088;20.8035;6.07;
62.0641;37.7275;6.07;
93.4389;51.1725;6.07;
93.9174;6.0662;6.07;
101.7562;-21.0154;6.07;
107.9641;5.6547;6.07;
117.2577;13.3719;6.07;
123.546;-32.1407;6.07;
126.5739;-39.059;6.07;
131.4553;-25.3881;6.07;
133.8734;-7.9712;6.07;
135.4535;27.9026;6.07;
152.8978;-58.8278;6.07;
153.2548;-59.9181;6.07;
157.6108;64.2577;6.07;
166.622;-58.675;6.07;
167.4158;67.2102;6.07;
182.6409;-37.8703;6.07;
187.5177;58.7678;6.07;
202.8157;42.1062;6.07;
212.6288;-70.3055;6.07;
212.7578;-69.7193;6.07;
218.2902;-30.7151;6.07;
221.8024;-52.2053;6.07;
228.33;-19.6476;6.07;
231.0213;45.271;6.07;
238.3004;13.1966;6.07;
240.6643;-29.1358;6.07;
240.9404;4.9868;6.07;
247.8452;-26.5376;6.07;
250.2524;24.8587;6.07;
250.4007;-24.468;6.07;
251.2991;43.2172;6.07;
251.7906;2.0645;6.07;
253.5419;-41.825;6.07;
255.9237;-47.1606;6.07;
272.7684;-47.5131;6.07;
276.9597;3.7486;6.07;
279.0553;65.4887;6.07;
286.2429;30.7334;6.07;
301.3865;-67.3209;6.07;
309.8888;40.5797;6.07;
315.2157;-17.5309;6.07;
317.6305;10.0489;6.07;
318.3601;36.6333;6.07;
320.6752;30.3099;6.07;
324.8671;-10.5769;6.07;
325.3927;40.8052;6.07;
342.1844;62.9384;6.07;
352.6648;38.6623;6.07;
354.8664;-46.6378;6.07;θ Phe
6.1235;-2.2191;6.08;
13.9938;27.2094;6.08;k Psc
47.8282;-3.8116;6.08;
64.6668;-52.8601;6.08;
65.3805;-25.7286;6.08;
76.5506;59.0213;6.08;
78.3815;1.9677;6.08;
81.9021;-21.3757;6.08;
84.2184;40.1824;6.08;
90.8248;42.9116;6.08;
92.8069;-26.4821;6.08;
98.097;11.6735;6.08;
122.8192;9.8212;6.08;
126.2704;35.0114;6.08;
135.3808;5.641;6.08;
147.9981;-16.5348;6.08;
154.0375;-11.2034;6.08;
159.8162;-74.4934;6.08;
163.7542;-42.2511;6.08;
182.7713;-61.2774;6.08;
210.8644;-41.4233;6.08;
224.7199;-4.9893;6.08;
250.2139;12.395;6.08;
255.9732;34.7902;6.08;
258.5559;-56.8885;6.08;
259.1781;-6.245;6.08;
265.0498;-2.1523;6.08;
269.4237;-76.1779;6.08;
282.8423;-3.3179;6.08;
286.9888;16.8534;6.08;
292.5439;2.9041;6.08;
295.4053;-65.8544;6.08;
295.79;30.6779;6.08;
306.4497;-40.7962;6.08;
309.7944;21.8174;6.08;
321.6111;19.3756;6.08;
332.0718;25.5435;6.08;
350.7366;-60.0558;6.08;
356.0055;-45.0831;6.08;
356.8877;46.8326;6.08;
1.224;34.6598;6.09;
16.4037;-9.9793;6.09;
28.3466;-38.5946;6.09;
29.8579;12.2949;6.09;
29.9214;-66.0666;6.09;
32.7201;39.0395;6.09;
37.3973;9.5656;6.09;
40.5352;-46.5244;6.09;
51.4891;49.1208;6.09;
56.1175;20.9287;6.09;
56.8839;55.922;6.09;
59.2572;6.04;6.09;
63.1306;17.2775;6.09;
64.6562;-22.9697;6.09;
68.3538;43.0639;6.09;m Per
68.5591;-6.8378;6.09;
71.0542;40.7865;6.09;
72.4337;15.9042;6.09;
74.943;53.1555;6.09;
80.9071;16.6993;6.09;
81.2316;-44.2257;6.09;
86.2575;4.0081;6.09;
90.8532;11.6811;6.09;
93.859;-9.0358;6.09;
94.0794;23.97;6.09;
99.7721;22.0309;6.09;
106.196;-22.0317;6.09;
106.5094;-38.3829;6.09;
106.7186;-24.9606;6.09;
115.2064;57.0829;6.09;
119.241;-42.4065;6.09;
120.6284;63.0903;6.09;
132.0203;-6.5588;6.09;
146.8252;79.1367;6.09;
150.9208;-9.5738;6.09;
158.3558;-58.1901;6.09;
158.7934;-43.6646;6.09;
166.3916;-11.0889;6.09;
172.0767;-72.474;6.09;
174.6396;46.8342;6.09;
186.3267;-27.749;6.09;
202.2829;-64.6758;6.09;
210.1367;-78.59;6.09;
213.4159;-54.6256;6.09;
223.6774;-65.9911;6.09;ζ Cir
228.2819;-36.0914;6.09;
242.8697;16.6657;6.09;q Her
243.9646;-14.8491;6.09;
247.4384;-57.7563;6.09;
259.09;-35.7503;6.09;
261.4765;16.9176;6.09;
263.8329;-53.3529;6.09;
264.5352;-42.8803;6.09;
267.1586;-55.4017;6.09;
267.796;-53.1303;6.09;υ2 Ara
267.9357;-45.6007;6.09;
268.8486;55.9714;6.09;
272.5364;16.4766;6.09;
284.5887;-31.036;6.09;
289.7504;-15.5366;6.09;
290.639;33.5182;6.09;
292.638;3.4444;6.09;
303.6121;-63.4158;6.09;
305.194;-14.7849;6.09;Dabih Minor
305.6554;31.265;6.09;
307.1947;-35.5959;6.09;
308.9655;-69.6106;6.09;
321.3252;-71.7991;6.09;
343.9647;-31.6332;6.09;
357.1353;-6.3804;6.09;
358.8191;-31.9215;6.09;
4.6757;43.7911;6.1;
14.4152;45.8394;6.1;
29.2499;-51.7662;6.1;
46.4174;56.069;6.1;
56.1705;46.0998;6.1;
66.7749;-46.9475;6.1;
74.0837;36.1685;6.1;
76.1653;74.067;6.1;
76.3488;1.1776;6.1;
80.5923;-56.1344;6.1;κ Pic
84.0119;-47.3137;6.1;
84.0665;47.7153;6.1;
84.2866;-11.7755;6.1;
101.2319;-70.4338;6.1;
103.2559;38.8692;6.1;
106.777;4.9106;6.1;
108.017;-30.8214;6.1;
116.398;-56.7226;6.1;
131.2298;-21.1678;6.1;
132.4589;-72.5512;6.1;
136.6418;-55.8024;6.1;
138.1085;-7.1098;6.1;
147.4587;21.1794;6.1;
157.0087;-49.4058;6.1;
158.7404;-23.1762;6.1;
159.7096;-42.7534;6.1;
170.5963;-44.6459;6.1;
175.9702;-62.8783;6.1;
186.2855;-42.5143;6.1;
198.3017;18.727;6.1;
200.9747;37.0339;6.1;
202.6072;-6.4703;6.1;
208.0767;12.1651;6.1;
213.7552;-29.2819;6.1;
215.6613;-48.3199;6.1;
217.692;63.1858;6.1;
221.2311;-58.4775;6.1;
221.2957;-55.6016;6.1;
224.8633;-43.1598;6.1;
232.1134;-51.5979;6.1;
233.8885;17.6556;6.1;τ3 Ser
239.9756;-54.0209;6.1;
241.0742;-33.2137;6.1;
252.7501;-37.5145;6.1;
268.613;-34.4667;6.1;
274.0232;2.3775;6.1;
278.8063;34.458;6.1;
280.235;62.7495;6.1;
282.9022;36.5391;6.1;
294.9372;33.9789;6.1;
298.8419;58.2502;6.1;
306.4272;-2.8004;6.1;
307.7679;-15.0562;6.1;
314.9987;-36.1296;6.1;
315.7702;38.6574;6.1;
321.5643;-54.6605;6.1;γ Ind
322.7901;12.1375;6.1;
324.2033;-33.0479;6.1;
325.6617;49.6003;6.1;
325.689;59.2708;6.1;
327.1223;38.6486;6.1;
332.7599;-21.2328;6.1;
333.896;-44.4515;6.1;
353.4812;20.8409;6.1;
1.1524;42.0925;6.11;
2.1396;-17.5782;6.11;
4.4294;51.4331;6.11;Pearce's Star
8.3473;-71.2662;6.11;θ Tuc
11.8068;19.5787;6.11;
13.9814;-27.7758;6.11;
19.2711;44.902;6.11;
23.4132;-78.5048;6.11;
23.7116;-31.8923;6.11;
37.1476;-31.1024;6.11;
45.0496;38.1317;6.11;
45.212;-2.8786;6.11;
47.6135;-48.7342;6.11;
47.8413;13.0478;6.11;
55.193;25.3295;6.11;
65.1046;18.7426;6.11;
66.7372;-24.0813;6.11;
69.9468;-1.0525;6.11;
72.9308;9.9751;6.11;
73.721;-58.5477;6.11;
73.7284;-39.6286;6.11;
75.8277;41.4416;6.11;
77.5136;-0.5653;6.11;
84.3305;8.9519;6.11;
88.6713;-49.627;6.11;
95.8997;-9.8747;6.11;
99.42;-12.9851;6.11;
102.5042;-60.2491;6.11;
113.5534;-33.4634;6.11;
117.5236;-19.5235;6.11;
123.4946;-36.3408;6.11;
125.2818;-64.106;6.11;
125.98;10.6321;6.11;
126.4578;17.0463;6.11;d2 Cnc
128.174;-73.3568;6.11;
143.1725;1.8642;6.11;
149.7763;-23.9508;6.11;
150.8358;-46.6362;6.11;
166.2671;-49.3923;6.11;
168.1266;-18.4999;6.11;ψ Crt
169.2424;-7.1347;6.11;Abt's Star
183.794;-10.3124;6.11;
188.7269;-67.7569;6.11;
191.8068;11.9581;6.11;
193.2965;-3.5531;6.11;
194.2825;46.1768;6.11;
203.2009;24.3467;6.11;
204.6905;-70.4448;6.11;
208.0041;-31.6192;6.11;
230.9321;-1.0224;6.11;
237.568;-45.4017;6.11;
239.1391;-14.8294;6.11;
245.1359;-39.4303;6.11;
246.5474;11.4075;6.11;
255.5656;64.6007;6.11;
256.2074;48.804;6.11;
263.9982;20.9962;6.11;
270.0148;80.0008;6.11;
285.7193;19.661;6.11;
287.4506;-19.8037;6.11;
292.7252;-21.3122;6.11;
297.0126;-13.7036;6.11;
300.1104;-43.0433;6.11;
304.0824;21.5987;6.11;
308.5487;-13.7211;6.11;
320.1394;60.7564;6.11;
321.8553;59.7501;6.11;
325.5348;45.7657;6.11;
332.1701;45.7423;6.11;
333.2199;73.3072;6.11;
339.0329;35.5775;6.11;
343.7479;1.0649;6.11;
347.0993;-79.4807;6.11;
4.0897;43.595;6.12;
4.1418;8.2402;6.12;
15.5076;-57.0024;6.12;ω Phe
16.5321;-23.9925;6.12;
30.7935;73.8506;6.12;
32.6081;-50.8237;6.12;
46.9539;-69.2649;6.12;
52.5566;-41.3699;6.12;
54.9982;-1.1212;6.12;
61.1704;-20.3819;6.12;
68.753;-19.9214;6.12;
79.8112;20.1346;6.12;
91.5356;35.3877;6.12;
94.5234;14.3829;6.12;
96.0857;-12.9619;6.12;
108.4019;-27.3564;6.12;
120.346;-54.5155;6.12;
121.1726;-19.7281;6.12;
125.0709;-5.3299;6.12;
125.114;-22.9247;6.12;
129.8421;-36.6067;6.12;
131.3393;30.6978;6.12;
133.1282;-13.2329;6.12;
140.2474;38.1883;6.12;
141.6871;-28.7877;6.12;
142.9821;-10.3703;6.12;
143.2582;-8.5054;6.12;
145.6781;35.0934;6.12;
155.5539;-19.8666;6.12;
163.354;-2.2552;6.12;
165.8106;-0.7523;6.12;
168.2363;-49.7361;6.12;
172.9606;81.1273;6.12;
205.9382;22.7004;6.12;
210.3294;-40.2219;6.12;
223.9941;32.3001;6.12;
228.543;42.1714;6.12;
234.7035;34.675;6.12;
240.2769;-54.5779;6.12;
252.9745;-65.3755;6.12;
257.9178;49.7464;6.12;
258.1044;-27.7621;6.12;
264.7411;13.3293;6.12;
274.2784;40.9367;6.12;
282.067;48.7676;6.12;
283.1544;-29.3797;6.12;
288.1922;-50.4864;6.12;
297.3646;38.7101;6.12;
297.7962;-2.461;6.12;
301.9227;34.4229;6.12;
307.1038;-3.3578;6.12;
318.3399;81.231;6.12;
319.2586;53.9977;6.12;
321.6169;1.1034;6.12;
336.4632;-75.0157;6.12;
340.592;-29.361;6.12;
344.8986;-13.0709;6.12;
346.7919;52.8166;6.12;
348.5274;-62.7;6.12;
350.9393;-43.1244;6.12;
12.5761;45.0023;6.13;
18.142;45.3375;6.13;
21.9439;-10.9016;6.13;
46.857;17.88;6.13;
55.9467;19.665;6.13;
67.3337;-46.5153;6.13;
79.8661;58.1174;6.13;
80.9639;-0.8666;6.13;
88.5556;10.5864;6.13;
103.341;-18.9328;6.13;
120.1207;-48.8718;6.13;
125.6952;-13.0548;6.13;
131.2553;5.6806;6.13;
134.1543;4.2366;6.13;
138.0515;-76.663;6.13;
142.9124;-10.552;6.13;
149.2956;-52.6388;6.13;
156.541;-42.7385;6.13;
171.0919;-42.6691;6.13;
177.5817;-15.8637;6.13;
178.9782;-39.6895;6.13;
219.1004;-39.5974;6.13;
220.0911;21.9759;6.13;
226.6131;-22.0318;6.13;
242.1943;17.2056;6.13;
263.9265;37.3016;6.13;
267.1995;19.255;6.13;
272.1255;-45.767;6.13;
272.7306;-33.8001;6.13;
276.3818;-63.0215;6.13;
280.6505;-7.0737;6.13;
291.0895;-43.7221;6.13;
294.1086;-18.8529;6.13;
297.6953;37.8263;6.13;
298.0684;36.4323;6.13;
303.4284;43.379;6.13;
304.8244;-47.5803;6.13;
307.3806;-22.3916;6.13;
316.5978;26.9244;6.13;
318.9449;-36.2107;6.13;
329.6253;-59.0121;6.13;κ Ind
332.9791;-76.116;6.13;
333.4571;63.1623;6.13;
346.8655;32.8253;6.13;
348.6674;-10.6887;6.13;
350.9772;-53.8087;6.13;
358.0975;21.6711;6.13;
3.4349;-26.285;6.14;
10.1367;-23.8049;6.14;
14.957;6.4832;6.14;
16.6401;12.956;6.14;
27.5841;-47.8164;6.14;
36.7802;27.0124;6.14;
37.6601;19.8553;6.14;
42.4623;-24.5603;6.14;γ1 For
44.6971;-9.7765;6.14;
44.7771;-28.9072;6.14;
49.149;-9.1547;6.14;
50.1066;25.6627;6.14;
51.0096;-69.6246;6.14;
52.5456;59.3659;6.14;
53.5349;17.8328;6.14;
59.0166;-63.4637;6.14;
61.6618;65.5208;6.14;
63.2135;22.4135;6.14;
67.0152;1.8586;6.14;
74.7475;14.5432;6.14;
76.0607;30.4946;6.14;
88.0719;58.9641;6.14;
89.9498;54.547;6.14;
99.4696;4.9567;6.14;
99.5852;-2.5439;6.14;
111.1973;-37.2912;6.14;
117.0356;-40.6524;6.14;
118.6663;-34.8467;6.14;
119.3032;-63.2968;6.14;
125.6257;-6.1792;6.14;
133.482;35.5383;6.14;
138.0537;3.867;6.14;
139.4652;-67.0509;6.14;
140.1823;51.2661;6.14;
142.3518;-2.2052;6.14;
150.8922;-61.884;6.14;
152.3824;-35.8568;6.14;
174.4709;50.6182;6.14;
181.4154;62.9331;6.14;
192.9912;-26.7383;6.14;
203.0226;-38.3988;6.14;
209.0832;-54.1324;6.14;
209.3655;-23.0226;6.14;
212.813;32.2959;6.14;
230.1737;44.4344;6.14;
230.2557;-15.5483;6.14;ο Lib
238.7193;-60.7437;6.14;
243.8498;-42.8994;6.14;
243.9472;27.4221;6.14;
246.3422;-63.1252;6.14;
250.9753;-41.1133;6.14;
261.2611;-34.6961;6.14;
267.7016;22.3163;6.14;
268.3316;-34.7308;6.14;
271.1557;1.919;6.14;
273.319;21.8803;6.14;
275.3683;5.4357;6.14;
276.3403;-35.992;6.14;
284.1067;2.4712;6.14;
284.6035;-22.5295;6.14;
292.4692;-55.4418;6.14;
295.9067;-37.5388;6.14;
296.464;35.0128;6.14;
296.8618;47.9076;6.14;
298.6675;7.1404;6.14;
299.8139;52.0557;6.14;
301.2782;51.8394;6.14;
306.1562;1.0684;6.14;
307.9438;56.7799;6.14;
317.1172;6.9894;6.14;
322.2197;55.4187;6.14;
328.4907;6.8648;6.14;
334.1561;-25.8982;6.14;
340.5867;53.9087;6.14;
342.1996;54.4149;6.14;
343.0417;-63.1887;6.14;
7.4662;-14.8641;6.15;
11.2498;-53.7149;6.15;
11.3505;-4.6292;6.15;
11.3695;-12.8808;6.15;
13.5733;-8.7407;6.15;
22.7172;66.0981;6.15;
28.9606;-78.3485;6.15;σ Hyi
41.0441;-52.5706;6.15;
44.2691;4.501;6.15;
48.0398;42.3759;6.15;
49.0186;45.3461;6.15;
65.161;-6.246;6.15;
65.2197;13.8644;6.15;
74.4362;-14.2319;6.15;
76.9096;9.4718;6.15;
78.7975;59.4057;6.15;
78.8271;-1.409;6.15;
79.5787;33.7673;6.15;
83.1582;0.0119;6.15;
84.3128;64.1547;6.15;
84.3188;-27.8714;6.15;ν1 Col
85.5603;-17.5304;6.15;
89.7545;-9.3822;6.15;
91.671;-42.2988;6.15;π1 Col
91.8615;41.8543;6.15;
92.7551;-6.7542;6.15;
97.7943;-61.8795;6.15;
99.5015;-61.5334;6.15;
106.3834;-34.7777;6.15;
108.0312;5.4743;6.15;
121.437;-33.5694;6.15;
123.9951;-35.9032;6.15;
125.3508;-39.6207;6.15;
137.1814;-26.7676;6.15;
142.3174;-38.4035;6.15;
145.8649;-51.2281;6.15;
156.752;19.3645;6.15;
162.2385;29.4161;6.15;
165.0345;-51.8178;6.15;
173.097;-26.7468;6.15;
177.2553;-0.3187;6.15;
184.4469;-36.094;6.15;
187.14;-56.4078;6.15;
196.5953;62.0419;6.15;
214.1257;-3.1963;6.15;
221.3358;18.885;6.15;
222.0973;24.3669;6.15;
222.2254;-0.8477;6.15;
222.2781;37.8112;6.15;
232.185;47.2015;6.15;
236.1755;17.2642;6.15;τ8 Ser
238.6255;-27.3386;6.15;
241.8424;21.8226;6.15;
254.3583;-10.9634;6.15;
256.6182;-35.451;6.15;
263.3817;57.5587;6.15;
275.5006;-28.43;6.15;
276.2384;-1.5794;6.15;
286.7186;-37.8107;6.15;
299.6197;63.5341;6.15;
306.2288;-83.3106;6.15;
319.7305;41.0405;6.15;
320.0395;-45.0219;6.15;
337.8263;-6.5552;6.15;
337.8267;-2.9113;6.15;
338.8605;-78.7716;6.15;
344.6459;-35.5232;6.15;
346.3036;-17.0793;6.15;
349.5834;-67.4712;6.15;
6.6559;-0.0495;6.16;
20.1159;-11.239;6.16;
36.9657;50.57;6.16;
65.0414;31.9532;6.16;
78.6845;53.2139;6.16;
84.4724;-4.814;6.16;
87.8692;-22.9269;6.16;
92.4011;-5.7114;6.16;
96.6435;-4.5974;6.16;
97.0784;10.3039;6.16;
97.6454;-13.1482;6.16;
100.309;-40.3498;6.16;
102.2652;1.0021;6.16;
103.8111;43.91;6.16;
114.9754;32.0097;6.16;
115.348;-22.3367;6.16;
116.0542;-69.8216;6.16;
117.7302;-11.1286;6.16;
119.0996;4.4856;6.16;
129.9275;73.6297;6.16;
136.7497;1.4627;6.16;
140.3633;32.9022;6.16;
153.0955;-52.1632;6.16;
153.8193;-54.9742;6.16;
155.4596;14.9758;6.16;
164.3158;-75.0998;6.16;
164.8084;-61.3207;6.16;
166.001;-57.9553;6.16;
176.7794;-35.9069;6.16;
180.3716;-57.5038;6.16;
182.5106;-34.7047;6.16;
185.074;26.0019;6.16;
191.2586;-68.8308;6.16;
198.4903;-43.1391;6.16;
205.5532;8.3884;6.16;
208.9583;14.0565;6.16;
210.749;50.9718;6.16;
226.918;5.498;6.16;
227.223;13.2352;6.16;
230.2237;-18.1587;6.16;
241.8504;-56.191;6.16;
249.7196;-60.9904;6.16;
252.6798;32.5537;6.16;
255.3205;60.6488;6.16;
263.1026;-34.2794;6.16;
266.1421;2.5794;6.16;
276.0386;83.1754;6.16;
298.0143;11.6283;6.16;
299.0794;56.687;6.16;
301.12;48.2297;6.16;
305.7182;14.5511;6.16;
324.4117;54.0422;6.16;
325.1804;54.8721;6.16;
331.3188;46.7448;6.16;
334.1402;-1.5964;6.16;
336.8604;39.81;6.16;
346.5756;18.5178;6.16;
3.7428;-34.9042;6.17;
21.1664;-15.6605;6.17;
21.2028;-2.8486;6.17;
22.9125;-45.5757;6.17;
35.173;47.3108;6.17;
36.1412;-40.8405;6.17;
37.6366;-22.5453;6.17;
38.7672;7.471;6.17;
44.1027;64.3324;6.17;
48.4081;-29.8041;6.17;
49.0036;-5.9187;6.17;
57.4314;23.7119;6.17;
78.2617;61.85;6.17;
81.7263;35.4573;6.17;
86.0352;61.4765;6.17;
90.3345;85.1821;6.17;
97.3117;2.6462;6.17;
97.7898;11.2514;6.17;
99.418;2.7042;6.17;
106.4158;52.7586;6.17;
110.8672;22.9453;6.17;
115.7726;0.1893;6.17;
117.6975;3.2773;6.17;
132.5902;-28.6176;6.17;
134.2845;17.1438;6.17;
153.837;-36.5177;6.17;
164.0702;22.3517;6.17;
174.9597;-16.6202;6.17;
178.3617;-35.0666;6.17;
198.7894;-36.3714;6.17;
200.786;-33.1899;6.17;
202.195;-69.6272;6.17;
208.4669;-35.3144;6.17;
224.6522;-39.9072;6.17;
249.2291;63.0728;6.17;
250.2103;-60.4464;6.17;
255.4171;75.2975;6.17;
259.0594;2.1862;6.17;
261.276;-24.2437;6.17;
261.7348;-51.9488;6.17;
268.2647;-10.8996;6.17;
274.9172;-63.8866;6.17;
283.2496;-46.5863;6.17;
283.2598;-48.3609;6.17;
295.1715;43.0778;6.17;
299.8443;1.3777;6.17;
305.0855;14.5693;6.17;
310.6654;60.6013;6.17;
314.629;41.9399;6.17;
319.3466;42.6836;6.17;
322.8644;52.6199;6.17;
323.6144;51.6985;6.17;
324.7349;-79.4426;6.17;
326.9093;-5.9168;6.17;
328.8358;61.5418;6.17;
329.0586;-57.8996;6.17;π Ind
331.8566;53.3074;6.17;
334.2493;-23.1402;6.17;
344.4197;39.3088;6.17;
344.5648;-2.3954;6.17;
350.1704;-5.908;6.17;
0.1287;59.5597;6.18;
2.0504;-2.4477;6.18;
2.9962;48.1524;6.18;
7.6159;-40.9396;6.18;
7.7295;77.0194;6.18;
7.8551;66.5196;6.18;
9.28;24.0141;6.18;
10.6293;58.7534;6.18;
21.3987;23.5115;6.18;
24.1866;-58.271;6.18;
26.0749;57.5366;6.18;
26.8196;-41.7599;6.18;
46.9619;-27.8312;6.18;
54.8573;16.5367;6.18;
57.0753;50.7368;6.18;
59.158;-9.7508;6.18;
65.7415;59.6162;6.18;
67.66;32.4578;6.18;
70.8073;24.0889;6.18;
71.6073;-28.0874;6.18;
81.4459;0.5202;6.18;
81.7137;33.2623;6.18;
81.8079;15.2576;6.18;
82.5579;-84.7851;6.18;
85.5482;-30.5354;6.18;
86.7825;-16.2381;6.18;
87.2694;62.8082;6.18;
90.2918;31.0345;6.18;
92.9321;-4.6654;6.18;
97.7918;16.9386;6.18;
98.3595;-52.3292;6.18;
100.7776;3.0338;6.18;
114.8;24.2225;6.18;
117.1402;23.141;6.18;
121.3346;-46.9784;6.18;
125.0542;-0.9093;6.18;
127.8332;37.2649;6.18;
129.3632;-4.934;6.18;
144.1059;-48.7512;6.18;
144.1929;-52.9437;6.18;
146.1523;64.9841;6.18;
149.2492;-69.1018;6.18;
150.7498;-60.1787;6.18;
153.7819;59.9855;6.18;
156.1855;-73.9717;6.18;
156.3217;-42.4674;6.18;
164.9868;77.7702;6.18;
174.541;8.8838;6.18;
179.7639;0.5307;6.18;
183.6809;53.4346;6.18;
193.9718;-15.327;6.18;
198.2322;-59.8166;6.18;
199.6453;-51.2858;6.18;
200.7188;-47.9432;6.18;
202.5003;7.1789;6.18;
206.3961;-15.7675;6.18;
210.6327;9.6861;6.18;
210.7572;-31.684;6.18;
211.5454;-43.0917;6.18;
214.9206;0.3843;6.18;
216.8516;-6.1203;6.18;
222.7504;-0.2575;6.18;
226.9865;-65.2754;6.18;
227.6851;67.781;6.18;
228.6407;-17.7686;6.18;
229.6721;-31.2093;6.18;
242.3823;-32.649;6.18;
244.2304;-3.9533;6.18;
250.7436;55.6901;6.18;
252.3653;-15.668;6.18;
252.419;43.4304;6.18;
254.1499;-40.8235;6.18;
256.452;-44.105;6.18;
266.0719;14.4101;6.18;
266.94;-22.4778;6.18;
268.1613;-6.1436;6.18;
268.7252;-24.8871;6.18;
270.3996;33.3113;6.18;
271.3756;21.6466;6.18;
274.3504;-28.6521;6.18;
280.8709;53.8718;6.18;
281.6723;18.7059;6.18;
288.9979;27.9263;6.18;
296.6459;32.8886;6.18;
300.1055;-49.3509;6.18;
301.2908;38.4785;6.18;
302.1303;-10.0626;6.18;
315.6008;44.791;6.18;
316.9362;-17.4559;6.18;
317.8372;-72.5444;6.18;
318.5429;29.901;6.18;
324.6882;25.4988;6.18;
326.7698;17.194;6.18;
327.3292;61.2728;6.18;
329.259;-37.7468;6.18;
332.5793;19.6163;6.18;
335.2325;8.1867;6.18;
335.7508;57.2846;6.18;
335.976;38.5736;6.18;
345.6357;-6.574;6.18;
347.1483;-73.5861;6.18;
351.0327;-18.688;6.18;
353.6948;38.024;6.18;
359.1729;22.6481;6.18;
1.7087;-23.1075;6.19;
4.4487;1.6887;6.19;
13.8111;24.5571;6.19;
38.4176;-20.0019;6.19;
39.5743;37.7267;6.19;
54.8559;-10.4373;6.19;
59.3599;24.4619;6.19;
82.5661;-63.9277;6.19;
83.4118;20.4742;6.19;
84.9321;75.0439;6.19;
86.8055;-54.3607;6.19;
97.7496;-40.9163;6.19;
100.3218;11.0032;6.19;
101.5506;-37.7753;6.19;
107.151;37.4451;6.19;
109.517;30.9559;6.19;
128.2702;-24.607;6.19;
134.4251;9.3878;6.19;
134.9163;-19.208;6.19;
137.4878;-52.0829;6.19;
141.6186;-40.5017;6.19;
143.3765;36.4869;6.19;
157.5366;-66.9847;6.19;
163.6757;25.4907;6.19;
164.8074;-84.5939;6.19;η Oct
187.9113;-5.0526;6.19;
198.2118;-42.6997;6.19;
207.5271;-29.0813;6.19;
208.7425;-8.0589;6.19;
212.2162;-43.4708;6.19;
214.3381;51.3074;6.19;
216.0761;8.0846;6.19;
228.3983;38.2647;6.19;
229.8822;-37.0972;6.19;
234.3687;-26.2799;6.19;
234.8267;-77.918;6.19;
240.7889;59.4107;6.19;
255.8759;35.414;6.19;
256.1723;19.5991;6.19;
264.6869;-21.9127;6.19;
267.6817;11.9465;6.19;
268.2191;-41.9965;6.19;
275.3807;-24.9153;6.19;
276.9853;-17.8004;6.19;
282.0683;23.5147;6.19;
283.008;13.9656;6.19;
289.4508;2.0317;6.19;
291.3573;24.9128;6.19;
294.6081;-57.9833;6.19;
301.3396;56.3414;6.19;
307.2623;83.6254;6.19;
308.71;51.8542;6.19;
308.8844;-16.5259;6.19;
324.3661;44.6965;6.19;
324.4319;6.6184;6.19;
327.9239;-18.6229;6.19;
331.5511;45.2487;6.19;
333.2395;-26.3278;6.19;
334.7342;37.7693;6.19;
342.1259;-10.5555;6.19;
342.2536;68.5702;6.19;
347.955;26.8473;6.19;
352.5309;49.1331;6.19;
1.8261;-17.387;6.2;
14.0541;57.9966;6.2;
16.1151;29.6588;6.2;
19.055;87.1455;6.2;
24.1133;48.7228;6.2;
25.3266;25.7457;6.2;
25.3638;-38.1328;6.2;
25.9783;-4.7655;6.2;
37.307;23.469;6.2;
45.5386;-6.4945;6.2;
50.8238;-7.7941;6.2;
53.4866;-31.0801;6.2;
75.7102;66.823;6.2;
76.09;21.2779;6.2;
76.7065;43.1747;6.2;
80.2359;19.8143;6.2;
82.4194;29.1865;6.2;
90.6409;-14.4972;6.2;
103.6752;-1.7565;6.2;
104.6975;26.0811;6.2;
105.4705;-1.3459;6.2;
111.0718;-22.9128;6.2;
114.6356;-38.7815;6.2;
115.7222;-58.2301;6.2;
128.3405;36.4364;6.2;
131.2731;-58.7243;6.2;
132.2052;66.7081;6.2;
135.2976;-26.6637;6.2;
141.965;75.0983;6.2;
150.4196;-53.3641;6.2;
150.4919;-57.3498;6.2;
151.6976;5.6115;6.2;
154.1672;-51.2046;6.2;
157.7448;-7.6375;6.2;
170.2241;67.1007;6.2;
179.2656;-33.3155;6.2;
183.5705;-64.4085;6.2;
185.1176;-65.8427;6.2;
187.7089;53.0766;6.2;
188.995;-20.5275;6.2;
195.1613;18.373;6.2;
196.9735;27.556;6.2;
199.1193;68.408;6.2;
200.1459;-59.7728;6.2;
209.6302;-65.8007;6.2;
211.4437;-54.6694;6.2;
219.2491;-12.3053;6.2;
224.9823;-75.0327;6.2;
232.6511;-20.7286;6.2;
237.91;-14.1336;6.2;
257.7632;24.2377;6.2;
258.964;-30.2107;6.2;
261.759;-12.5125;6.2;
282.0111;4.2414;6.2;
284.0944;-1.7999;6.2;
284.6941;40.6792;6.2;
287.8465;40.4291;6.2;
299.9026;76.4814;6.2;
303.0993;-42.7801;6.2;
304.8721;13.2168;6.2;
305.7314;42.9835;6.2;
307.07;2.9372;6.2;
307.8381;52.3095;6.2;
312.3356;-18.0359;6.2;
312.4962;5.5446;6.2;
318.81;-40.5061;6.2;
321.031;25.3124;6.2;
324.9988;-52.359;6.2;
327.7708;39.5367;6.2;
335.9149;20.8482;6.2;
343.6422;-7.2046;6.2;
352.2528;-9.2661;6.2;
2.1706;36.6271;6.21;
20.654;1.7263;6.21;
21.0106;-8.0074;6.21;
34.7951;46.4723;6.21;
37.7267;17.7039;6.21;
39.6533;3.4432;6.21;
41.0856;-32.5247;6.21;
52.3595;46.9379;6.21;
56.9567;-36.1058;6.21;
58.3039;-18.4344;6.21;
69.8465;25.2183;6.21;
76.0533;73.7639;6.21;
82.583;4.2048;6.21;
85.3347;53.4811;6.21;
89.5488;-0.994;6.21;
90.0736;-12.9;6.21;
90.0787;44.592;6.21;
100.8073;37.1474;6.21;
113.3424;-14.3383;6.21;
119.3336;-47.8907;6.21;
121.1888;18.842;6.21;
121.4044;27.5297;6.21;
122.2925;-35.455;6.21;
130.0762;31.9419;6.21;
130.7506;46.9008;6.21;
131.599;-41.1254;6.21;
135.1283;37.6044;6.21;
140.9156;-46.9088;6.21;
165.6019;-26.8315;6.21;
174.963;-14.4685;6.21;
175.5147;-20.2942;6.21;
180.0775;80.8532;6.21;
184.0992;-72.6145;6.21;
185.5451;24.7739;6.21;
187.107;-61.7948;6.21;
187.5118;51.5356;6.21;
200.374;-19.4893;6.21;
205.0649;31.012;6.21;
206.1903;-25.5009;6.21;
220.4832;-58.6158;6.21;
222.2794;-56.6678;6.21;
225.492;-34.3589;6.21;
230.3971;-40.7495;6.21;
235.2426;-47.7361;6.21;
238.3953;16.0749;6.21;
238.8772;-31.0836;6.21;
240.2238;-40.4355;6.21;
243.1057;67.1442;6.21;
250.9403;-41.1192;6.21;
258.0831;-70.7211;6.21;
278.6297;-52.8915;6.21;
278.9718;16.9757;6.21;
279.1898;43.2218;6.21;
285.5355;-41.9105;6.21;
297.5907;-61.0611;6.21;
298.6685;-61.1708;6.21;
307.7423;20.6061;6.21;
307.7468;36.9358;6.21;
309.3266;0.097;6.21;
309.3483;38.3287;6.21;
315.141;-4.7303;6.21;
333.9993;8.5496;6.21;
346.9884;64.2225;6.21;
357.3817;-15.8613;6.21;
0.3302;49.9816;6.22;
3.5095;33.206;6.22;
12.8908;51.5714;6.22;
22.0955;7.9614;6.22;
35.7401;-18.355;6.22;
43.527;-50.8714;6.22;
44.2111;51.2613;6.22;
54.9098;-3.393;6.22;
58.0185;31.1686;6.22;
64.5338;42.1412;6.22;
67.5417;-13.5924;6.22;
75.2042;-5.7537;6.22;
78.4998;-14.6069;6.22;
79.668;40.4651;6.22;
85.1554;-2.8252;6.22;
85.423;-16.7258;6.22;
86.7691;-28.6389;6.22;
88.2312;68.4715;6.22;
89.4771;1.2243;6.22;
94.783;-8.586;6.22;
96.9861;20.4963;6.22;
104.4276;-27.5375;6.22;
120.4614;8.914;6.22;
122.7454;14.6295;6.22;
123.9689;-30.9259;6.22;
131.5286;-11.0068;6.22;
132.6343;33.2851;6.22;
146.4821;-58.7938;6.22;
154.0134;-59.9034;6.22;
164.8245;51.8824;6.22;
168.7255;-43.7337;6.22;
174.6003;-2.4359;6.22;
179.2218;61.5492;6.22;
182.1031;-60.8471;6.22;
188.8727;-61.8416;6.22;
189.7182;-67.193;6.22;
190.3933;10.4263;6.22;
205.1628;28.0652;6.22;
214.2658;-18.5857;6.22;
215.7784;25.3382;6.22;
215.8568;-11.714;6.22;
217.0685;36.197;6.22;
225.9907;65.9197;6.22;
233.0403;16.0562;6.22;τ2 Ser
235.0431;12.0529;6.22;
238.3455;-62.6066;6.22;
240.9779;-24.7263;6.22;
250.7649;-46.0703;6.22;
262.0328;-63.0362;6.22;
262.6816;57.8768;6.22;
265.8418;14.2952;6.22;
266.4176;31.5047;6.22;
267.0843;3.8042;6.22;
269.2022;45.3509;6.22;
270.0003;-20.3395;6.22;
270.6256;22.9232;6.22;
271.7973;-21.4439;6.22;
275.7622;16.688;6.22;
278.2538;-39.892;6.22;
280.4651;-23.8334;6.22;
281.3495;-56.882;6.22;
282.8995;28.7837;6.22;
284.5988;6.2399;6.22;
287.0147;21.6989;6.22;
290.398;76.5596;6.22;
295.4901;40.2541;6.22;
297.8307;47.3772;6.22;
298.5739;-23.9411;6.22;
305.0634;39.4032;6.22;
309.478;18.2686;6.22;
309.9657;-62.9078;6.22;
323.8627;24.4522;6.22;
324.3907;-0.3906;6.22;
324.5119;-64.8242;6.22;
338.9705;-57.8838;6.22;
345.1579;0.1859;6.22;
351.788;-50.1572;6.22;
358.7825;7.071;6.22;
14.5926;-60.6962;6.23;
17.0056;32.0121;6.23;
19.2657;-66.3979;6.23;
23.9435;14.6614;6.23;
39.2774;32.8911;6.23;
40.8609;-66.7143;6.23;
43.3378;48.57;6.23;
66.7529;2.0794;6.23;
81.5238;16.7002;6.23;
82.8371;-6.7084;6.23;
85.1752;31.9206;6.23;
85.8313;23.2044;6.23;
90.7299;32.6357;6.23;
91.3912;33.599;6.23;
99.6591;1.6135;6.23;
103.4811;-24.5388;6.23;
104.3233;-35.5072;6.23;
104.6739;-45.7676;6.23;
107.3344;-10.3466;6.23;
107.539;-18.6856;6.23;
110.5775;-2.9792;6.23;
112.1969;15.1098;6.23;
115.1966;13.7713;6.23;
117.37;-13.3529;6.23;
118.9201;35.4127;6.23;
128.1394;53.1148;6.23;
148.6326;-22.4875;6.23;
151.2576;-51.3136;6.23;
152.0662;31.6041;6.23;
152.824;-7.3166;6.23;
153.331;-27.0289;6.23;
171.9738;-1.6999;6.23;
173.9264;-61.2879;6.23;
181.4861;-35.6939;6.23;
181.583;-68.6514;6.23;
182.8812;-51.3593;6.23;
184.6318;30.249;6.23;
186.9648;-4.6153;6.23;
210.2937;27.3866;6.23;
213.3052;-26.6123;6.23;
213.5981;41.5188;6.23;
232.5887;-41.919;6.23;
233.0174;-38.6225;6.23;
250.7017;-62.5539;6.23;
289.9018;54.376;6.23;
300.3138;37.099;6.23;
305.1277;53.5957;6.23;
306.5965;17.3156;6.23;
307.0314;8.4374;6.23;
307.503;72.5317;6.23;
309.8052;-2.413;6.23;
313.6463;-50.7273;6.23;
314.0709;56.8875;6.23;
319.1234;42.2518;6.23;
325.8064;-19.621;6.23;
333.6611;-41.3817;6.23;
339.5923;-7.8976;6.23;
342.5421;50.6769;6.23;
345.3485;-7.0612;6.23;
356.1211;-26.2466;6.23;
358.3369;-24.2293;6.23;
0.8571;63.6405;6.24;
2.2172;25.463;6.24;
3.3497;26.9875;6.24;
6.5906;-18.6936;6.24;
17.3008;80.0116;6.24;
18.2478;30.0642;6.24;
24.4071;-9.4038;6.24;
30.9275;18.2532;6.24;
32.8543;31.5264;6.24;
38.4775;-51.0935;6.24;
45.4679;5.3362;6.24;
47.088;18.7951;6.24;
63.394;10.2125;6.24;
68.3877;18.0167;6.24;
70.9345;-41.0648;6.24;λ Cae
77.7418;-2.2541;6.24;
81.5099;-5.5185;6.24;
83.5162;-1.0357;6.24;
83.843;-4.4243;6.24;
86.512;-4.2685;6.24;
89.3959;66.0961;6.24;
94.2446;23.7409;6.24;
94.6681;9.0472;6.24;
96.0095;8.885;6.24;
96.375;-35.0642;6.24;
97.1169;16.2384;6.24;
103.2816;44.8399;6.24;
103.5094;-50.6116;6.24;
111.212;-19.0123;6.24;
112.7131;-5.2265;6.24;
134.8159;-28.806;6.24;
141.434;63.9409;6.24;
147.6253;4.3437;6.24;
152.4854;-12.0953;6.24;
155.9193;-41.9532;6.24;
160.6307;-13.9745;6.24;
168.0148;-58.4234;6.24;
169.3;-38.0144;6.24;
172.9481;-20.7765;6.24;
177.0979;-10.3131;6.24;
180.7153;-7.6836;6.24;
183.8769;-41.9133;6.24;
186.1863;-41.3843;6.24;
188.4476;33.3847;6.24;
196.201;-41.1963;6.24;
210.9823;4.901;6.24;
220.5135;61.2619;6.24;
236.6893;-6.1204;6.24;
245.6621;-2.0799;6.24;
259.1485;-74.533;6.24;
268.559;11.1306;6.24;
274.5321;18.1317;6.24;
281.4833;-50.8727;6.24;
282.405;0.8362;6.24;
283.443;57.4866;6.24;
294.9241;-45.2786;6.24;
295.078;-54.4178;6.24;
298.0907;18.6719;6.24;
301.1855;63.8902;6.24;
302.7648;21.1346;6.24;
302.8376;21.8749;6.24;
304.3814;29.1476;6.24;
306.7206;-37.4029;6.24;
310.4924;17.5215;6.24;
312.3218;-0.5633;6.24;
315.7626;1.5321;6.24;
328.6496;-3.3013;6.24;
329.7291;-4.3731;6.24;
345.378;57.1055;6.24;
349.2865;-28.4383;6.24;
352.9252;-21.3695;6.24;
355.1693;36.7208;6.24;
355.4773;57.26;6.24;
0.4327;42.3671;6.25;
0.7395;-20.0459;6.25;
1.2333;26.6488;6.25;
3.7329;22.2842;6.25;
5.6062;13.4825;6.25;
15.6788;-65.4561;6.25;
22.3772;-46.7564;6.25;
26.1924;57.0892;6.25;
28.7241;40.702;6.25;
33.3381;74.0277;6.25;
36.3168;56.6098;6.25;
42.3781;57.0843;6.25;
47.8197;-16.025;6.25;
48.7511;-26.1005;6.25;
49.0078;34.6885;6.25;
53.6561;-9.8683;6.25;
54.8545;75.7396;6.25;
62.3426;54.8289;6.25;
63.4577;12.7537;6.25;
65.8992;42.4279;6.25;
67.8504;40.0102;6.25;
67.8577;-13.6442;6.25;
74.3216;-1.0673;6.25;
83.622;-0.0123;6.25;
85.8758;-39.4069;6.25;
104.6621;7.6223;6.25;
115.8424;22.3995;6.25;
118.6219;47.386;6.25;
121.1789;-62.8363;6.25;
121.6142;-9.2445;6.25;
122.1769;13.6409;6.25;
128.3761;-46.9707;6.25;
133.1191;28.2592;6.25;
134.4944;30.2338;6.25;
135.5266;-39.4022;6.25;
138.811;-45.5555;6.25;
142.3851;-4.2466;6.25;
143.3329;-7.1902;6.25;
146.3791;78.1347;6.25;
152.1476;-15.6119;6.25;
155.8048;-30.1623;6.25;
158.553;-60.9876;6.25;
160.3508;-1.7415;6.25;
161.0834;-70.8597;6.25;
177.7896;33.375;6.25;
186.7006;-48.9132;6.25;
192.1742;48.4668;6.25;
193.4571;12.4184;6.25;
193.5545;33.5345;6.25;
197.4251;38.5339;6.25;
198.106;80.4713;6.25;
210.9032;7.5462;6.25;
214.1368;20.1218;6.25;
215.8137;1.2416;6.25;
227.3563;-63.6429;6.25;
240.7187;-62.5416;6.25;
242.0207;17.0544;6.25;κ Her
247.7616;35.2251;6.25;
250.1438;-20.4086;6.25;
250.2981;-1.0003;6.25;
253.5442;-1.6123;6.25;
259.3994;23.0906;6.25;
261.113;36.9519;6.25;
264.7854;2.0281;6.25;
267.5421;78.3065;6.25;
279.8877;40.9351;6.25;
285.4073;-22.6954;6.25;
285.5899;8.3735;6.25;
288.8884;-24.1794;6.25;Gumala
289.1192;-69.1908;6.25;τ Pav
289.7548;37.4453;6.25;
290.4046;-19.2344;6.25;
292.3251;0.2461;6.25;
294.8939;45.9574;6.25;
295.4665;50.5175;6.25;c Cyg
296.1425;13.3028;6.25;ψ Aql
297.8239;9.6299;6.25;
303.1464;0.8671;6.25;
310.2318;-42.3967;6.25;
315.7925;-27.7316;6.25;
317.3875;-20.5567;6.25;
323.8297;28.1976;6.25;
327.035;36.5804;6.25;
346.9489;63.6335;6.25;
350.1837;44.1162;6.25;
353.4291;45.0581;6.25;
7.1797;-50.5329;6.26;
8.2045;28.2802;6.26;
20.144;-3.247;6.26;
21.1746;-44.5286;6.26;
37.5692;33.8337;6.26;
40.0654;6.1119;6.26;
42.2313;69.6343;6.26;
56.3489;-71.6581;6.26;
56.9543;32.1954;6.26;
76.2525;-54.4074;6.26;
76.5387;-73.0377;6.26;
78.8652;22.2849;6.26;
81.1929;-52.3162;6.26;θ Pic
84.0429;-28.708;6.26;
84.3168;66.6967;6.26;
92.1443;-44.3562;6.26;
96.2325;-63.8281;6.26;
96.3042;7.0857;6.26;
97.8956;-36.94;6.26;
98.0773;17.7843;6.26;
99.4787;73.6956;6.26;
100.6919;-22.4486;6.26;
104.3566;11.9076;6.26;
104.6656;-55.7291;6.26;
104.9136;-21.6029;6.26;
112.008;-26.839;6.26;
122.3461;42.4306;6.26;
124.5658;54.1437;6.26;
128.4377;13.2573;6.26;
130.5868;-55.7746;6.26;
133.83;-45.0417;6.26;
142.4578;-23.3453;6.26;
143.4964;23.4539;6.26;
145.4104;25.9129;6.26;
161.1123;-72.4435;6.26;
161.5711;-60.6029;6.26;
163.3382;-58.8935;6.26;
169.9022;-75.1425;6.26;
176.3026;-49.0698;6.26;
179.183;-47.0724;6.26;
184.83;23.0347;6.26;
188.3427;-19.7925;6.26;
189.9827;-66.5111;6.26;
192.5812;-48.4595;6.26;
193.1025;-53.8299;6.26;
198.3618;-18.8264;6.26;
200.1732;2.9423;6.26;
217.9284;60.2256;6.26;
231.472;19.4807;6.26;
233.2896;-24.4904;6.26;
234.0473;-33.0928;6.26;
238.9161;18.6207;6.26;
243.2358;-4.2208;6.26;
255.4474;-58.9582;6.26;
256.7218;-26.513;6.26;
263.8958;-59.8461;6.26;
264.3622;-38.0664;6.26;
269.4281;-56.8963;6.26;
270.7871;48.4643;6.26;
279.965;7.3586;6.26;
281.2308;54.8972;6.26;
287.4409;65.9785;6.26;
292.6951;36.2285;6.26;
301.8962;-55.016;6.26;
305.421;-49.9994;6.26;
312.1781;51.9103;6.26;
314.9006;-19.0353;6.26;
315.1809;-53.7391;6.26;
331.4634;48.2315;6.26;
336.4196;18.4443;6.26;
338.3201;70.3737;6.26;
351.8116;1.1226;6.26;
352.3837;-4.5327;6.26;
354.4156;16.8255;6.26;
355.3616;49.5124;6.26;
359.284;-26.6234;6.26;
12.3893;-23.3621;6.27;
13.4483;52.6893;6.27;
19.1287;79.91;6.27;
21.7764;34.3776;6.27;
23.1515;-49.7277;6.27;
26.2326;20.0831;6.27;
31.5511;8.2481;6.27;
41.743;35.9835;6.27;
61.4854;-8.8561;6.27;
72.426;-13.7697;6.27;
83.4092;34.7256;6.27;
83.9812;27.6623;6.27;
92.4464;-26.7011;6.27;
94.7577;17.3253;6.27;
95.9423;-15.0713;6.27;
104.1904;-35.3413;6.27;
113.3048;-40.0585;6.27;
114.0696;-8.3113;6.27;
122.4487;-42.6408;6.27;
138.3278;-42.2733;6.27;
140.8557;-48.2869;6.27;
142.2596;-1.2569;6.27;
142.8876;-66.719;6.27;
147.5983;65.5932;6.27;
149.1952;-26.5497;6.27;
151.3137;-36.3844;6.27;
161.0606;19.7588;6.27;
161.2894;2.488;6.27;
168.0425;-46.2668;6.27;
172.9373;14.3645;6.27;
181.1171;85.5871;6.27;
183.8345;87.7001;6.27;
191.8893;-6.3018;6.27;
201.8361;-49.3813;6.27;
210.8848;10.7868;6.27;
218.4096;79.6604;6.27;
221.3071;32.7883;6.27;
222.9638;-18.3553;6.27;
226.5581;-36.2646;6.27;
228.2543;-61.7438;6.27;
230.169;-67.4815;6.27;
241.4081;8.0962;6.27;
247.8676;72.6123;6.27;
254.2666;-19.5399;6.27;
254.3794;25.3528;6.27;
255.3877;14.9497;6.27;
259.8771;-50.0638;6.27;
270.3463;-17.1569;6.27;
276.2436;27.3948;6.27;
277.5596;-5.7242;6.27;
280.5601;-81.8081;6.27;
283.2575;-9.5755;6.27;
284.3096;-43.917;6.27;
288.8299;50.0711;6.27;
291.092;16.9377;6.27;
293.8894;-12.2531;6.27;
295.9832;27.1354;6.27;
297.2295;-52.8881;6.27;
299.7351;-30.5384;6.27;
300.5842;64.6344;6.27;
304.7625;-63.2307;6.27;
305.1347;-55.0509;6.27;
316.8902;15.6587;6.27;
317.6956;-9.3541;6.27;
318.3699;15.9824;6.27;
323.3245;45.854;6.27;
327.3619;20.4624;6.27;
328.0758;21.2732;6.27;
341.3674;19.3666;6.27;
345.346;-22.7909;6.27;
0.0796;-44.2906;6.28;
7.2361;36.8997;6.28;
12.2364;-46.6976;6.28;
13.7717;48.6785;6.28;
15.8237;-29.5258;6.28;
16.5467;32.1815;6.28;
20.9061;34.2459;6.28;
28.2114;51.4748;6.28;
28.7403;37.1283;6.28;
38.0615;-36.4273;6.28;
41.7649;35.5547;6.28;
47.1616;8.4711;6.28;
66.0509;-57.0713;6.28;
66.7536;57.5853;6.28;
67.78;15.105;6.28;
69.2122;-30.7168;6.28;
73.2735;-72.4077;6.28;
84.2291;-66.5603;6.28;
87.8573;32.1247;6.28;
88.8974;-4.7886;6.28;
91.2889;75.5859;6.28;
92.6664;-45.282;6.28;
92.9413;52.6472;6.28;
97.5125;-65.5682;6.28;
100.3414;16.3977;6.28;
100.5683;-38.3988;6.28;
101.048;53.2959;6.28;
103.8942;8.3243;6.28;
105.1771;-28.4896;6.28;
113.5207;10.5681;6.28;
119.0947;-30.2846;6.28;
120.3815;-55.4547;6.28;
120.8734;-42.9483;6.28;
124.3819;8.8663;6.28;
125.8206;-38.2861;6.28;
126.1376;82.4308;6.28;
128.6219;-37.6112;6.28;
133.8453;17.2313;6.28;
139.8853;-55.1865;6.28;
148.2418;-27.3322;6.28;
153.0119;-28.606;6.28;
166.5239;-51.2129;6.28;
172.8127;-61.2785;6.28;
175.4312;55.172;6.28;
180.1759;-21.8375;6.28;
188.3926;24.283;6.28;
205.0891;57.2076;6.28;
210.5508;45.7535;6.28;
211.1559;2.2975;6.28;
216.3715;38.3931;6.28;
224.3071;-29.1577;6.28;
228.7108;-5.5026;6.28;
232.9309;-20.1649;6.28;
238.6678;8.5803;6.28;
253.4952;-41.9943;6.28;
255.4636;-18.8855;6.28;
256.2724;-45.5021;6.28;
259.5803;-16.3119;6.28;
260.7137;-2.3882;6.28;
265.5151;-50.5107;6.28;
269.2332;6.4877;6.28;
269.4908;-39.1365;6.28;
270.2386;15.0936;6.28;
276.1755;-7.0759;6.28;
277.0257;-26.7572;6.28;
280.7931;70.7928;6.28;
283.0302;41.3832;6.28;
283.118;-26.6508;6.28;
284.9921;22.8145;6.28;
286.7847;-18.7382;6.28;
287.8284;-29.5023;6.28;
295.9146;57.0427;6.28;
304.0143;38.898;6.28;
304.7332;-47.7108;6.28;
310.3528;-42.1338;6.28;
311.7648;-2.4869;6.28;
321.0698;-69.7339;6.28;
324.7755;-33.6789;6.28;
326.1228;-38.5525;6.28;
326.5998;25.5635;6.28;
330.5494;-17.9035;6.28;
332.588;-3.8941;6.28;
339.1221;-40.5827;6.28;σ1 Gru
339.2028;35.6524;6.28;
340.5251;-5.102;6.28;
341.8298;-34.1617;6.28;
344.3867;3.8102;6.28;
350.6688;20.8287;6.28;
359.5884;-15.8475;6.28;
19.5423;47.4197;6.29;
31.6221;0.0354;6.29;
35.9656;55.3649;6.29;
39.6165;38.0891;6.29;
44.3038;-29.8553;6.29;
48.2562;-35.9437;6.29;
51.8278;12.7353;6.29;
52.8722;49.2098;6.29;
54.1256;-78.3231;6.29;
54.5822;56.9327;6.29;
56.1412;-54.274;6.29;
62.3649;59.9081;6.29;
75.0551;-78.3;6.29;
82.6806;22.4623;6.29;
86.8279;-35.6741;6.29;
87.7349;51.5146;6.29;
94.909;-22.1031;6.29;
105.0752;-5.3672;6.29;Citalá
109.3819;-6.68;6.29;
113.6649;-51.4745;6.29;
130.1125;19.5448;6.29;Meleph
132.0009;-52.8502;6.29;
148.764;61.1161;6.29;
158.8532;-76.309;6.29;
159.0188;-26.6755;6.29;
159.0893;36.3269;6.29;
161.6548;-43.1927;6.29;
161.91;-57.4674;6.29;
162.9453;-57.2723;6.29;
172.4315;56.7376;6.29;
174.6347;33.6258;6.29;
174.6871;45.1084;6.29;
183.9229;72.5512;6.29;
186.3231;-65.7699;6.29;
188.262;10.2957;6.29;
192.196;24.8402;6.29;
193.1146;16.1225;6.29;
204.9202;-39.7476;6.29;
225.2178;22.0456;6.29;
226.1787;-40.8613;6.29;
227.6864;-61.4223;6.29;
230.5968;12.5675;6.29;
238.2338;17.4031;6.29;
239.0585;-31.7859;6.29;
244.7822;-20.2181;6.29;
252.6504;41.8965;6.29;
253.9906;-33.5069;6.29;
254.0697;73.1279;6.29;
256.1889;-20.4947;6.29;
256.5492;-21.5646;6.29;
274.3507;-9.7586;6.29;
274.5123;13.777;6.29;
282.7104;-22.1622;6.29;
284.3933;-39.8232;6.29;
286.7284;-50.3231;6.29;
289.9125;37.3305;6.29;
292.6442;-55.1101;6.29;μ Tel
295.8101;58.0166;6.29;
305.7533;-9.6547;6.29;
310.3511;-25.9999;6.29;
311.9707;52.4072;6.29;
320.0586;22.0262;6.29;
332.987;59.0846;6.29;
336.5446;-23.6824;6.29;
338.9724;50.0708;6.29;
341.0687;-60.4996;6.29;
349.9231;48.3809;6.29;
358.2698;2.0906;6.29;
14.4771;13.6959;6.3;
30.7156;-23.8866;6.3;
35.549;-43.1998;6.3;
40.7577;48.2652;6.3;
43.2987;16.4835;6.3;
46.2971;-8.2742;6.3;
48.9464;32.8567;6.3;
49.0905;-5.7305;6.3;
57.8161;13.0461;6.3;
72.9583;13.6552;6.3;
75.9748;-41.745;6.3;
81.1601;31.2239;6.3;
81.7698;-11.901;6.3;
86.8112;42.5267;6.3;
88.5657;3.2256;6.3;
95.3574;2.2685;6.3;
95.7561;-63.6831;6.3;
96.1854;-40.284;6.3;
96.3674;14.722;6.3;
98.1953;-11.1664;6.3;
100.8473;-39.1931;6.3;
103.0953;-5.3163;6.3;
103.3433;10.9967;6.3;
109.2384;-30.897;6.3;
111.3415;81.2575;6.3;
117.0813;-56.4711;6.3;
118.03;3.2773;6.3;
119.917;-60.2074;6.3;
120.2004;19.8162;6.3;
126.6961;26.9355;6.3;φ2 Cnc
127.6635;-44.7373;6.3;
134.7947;18.1349;6.3;
138.8393;84.181;6.3;
140.2312;-15.6178;6.3;
140.8638;-60.3023;6.3;
141.232;51.5739;6.3;
149.0406;-71.3893;6.3;
151.0117;-18.1014;6.3;
167.9323;14.4002;6.3;
169.1159;-45.88;6.3;
172.6034;46.6575;6.3;
174.1697;-37.2372;6.3;
181.1885;-59.2533;6.3;
181.4734;-65.5469;6.3;
186.956;-16.6318;6.3;
205.62;41.6743;6.3;
210.9712;-22.4216;6.3;
220.1365;-56.4408;6.3;
221.8837;-43.5568;6.3;
223.1379;-30.5773;6.3;
229.5392;-41.0612;6.3;
233.955;38.3739;6.3;
235.8536;-15.0432;6.3;
239.3743;39.6951;6.3;
242.915;33.3428;6.3;
243.5567;5.9018;6.3;
244.3372;-53.0864;6.3;
249.45;13.687;6.3;
250.185;-51.4783;6.3;
253.7639;-42.0908;6.3;
254.0368;-50.6748;6.3;
257.6276;52.4088;6.3;
258.069;-38.8225;6.3;
262.2536;-43.9739;6.3;
265.1716;31.2875;6.3;
265.9459;-7.0796;6.3;
270.4512;-36.3779;6.3;
273.8853;45.2093;6.3;
274.6673;-42.2884;6.3;
274.9836;51.3478;6.3;
276.4775;-33.9457;6.3;
280.9635;-6.8181;6.3;
281.1679;23.5899;6.3;
283.3;-51.9314;6.3;
286.0042;-57.96;6.3;
287.0607;-24.6574;6.3;
290.1377;35.186;6.3;
291.9016;37.9412;6.3;
293.292;60.1587;6.3;
298.2552;47.8077;6.3;
303.9609;-30.0053;6.3;
304.095;-12.3371;6.3;
304.0984;-36.4536;6.3;
310.7207;-39.5588;6.3;
311.6608;46.5317;6.3;
321.0868;-46.6147;6.3;
332.7154;30.553;6.3;
337.0812;64.0852;6.3;
339.2702;12.5768;6.3;
339.9341;-28.3257;6.3;
345.1027;-25.6268;6.3;
355.6828;16.3357;6.3;
0.9652;66.7122;6.31;
16.7894;53.4982;6.31;
20.0808;77.5707;6.31;
23.3262;8.2087;6.31;
32.5323;53.8431;6.31;
43.2114;-9.4412;6.31;
57.9241;68.5075;6.31;
59.126;71.8216;6.31;
60.1537;17.2967;6.31;
61.6527;54.0087;6.31;
63.7169;37.5427;6.31;
63.9428;15.4007;6.31;
64.9059;10.1214;6.31;
75.1659;-2.066;6.31;
85.7888;-1.6132;6.31;
95.8103;-31.7903;6.31;
97.85;-32.8685;6.31;
102.4333;-24.0761;6.31;
102.6763;-8.041;6.31;
103.8133;45.8264;6.31;
104.2504;-8.1793;6.31;
107.0553;33.8324;6.31;
109.807;-33.7272;6.31;
116.6392;-37.7726;6.31;
116.9105;-15.9907;6.31;
120.5256;-37.05;6.31;
122.2369;-11.3397;6.31;
124.8128;-10.1658;6.31;
127.8529;-39.0641;6.31;
128.2221;69.3199;6.31;
129.2031;74.7237;6.31;
138.3576;-38.6165;6.31;
141.2827;-43.9766;6.31;
141.3854;16.5856;6.31;
144.9475;-10.5703;6.31;
151.2933;52.3713;6.31;
152.1433;83.9184;6.31;
154.6577;-36.8046;6.31;
154.9978;-9.059;6.31;
163.1504;-0.2017;6.31;
166.6146;-50.9567;6.31;
178.4595;0.5521;6.31;
186.2765;63.8028;6.31;
190.5209;-69.4076;6.31;
191.7596;5.9504;6.31;
193.0226;-48.0943;6.31;
194.388;-22.7535;6.31;
198.035;24.258;6.31;
201.7766;-49.1437;6.31;
205.0968;50.5194;6.31;
209.0436;32.0326;6.31;
213.9112;-45.0008;6.31;
228.3828;22.9834;6.31;
238.9568;58.9118;6.31;
239.2661;-48.1622;6.31;
239.6283;-37.5039;6.31;
247.181;51.4077;6.31;
259.2353;89.0377;6.31;λ UMi
259.9981;-5.9175;6.31;
267.116;-26.9749;6.31;
271.7228;50.8228;6.31;
276.9323;-26.6348;6.31;
278.3462;-38.72;6.31;κ1 CrA
279.2877;16.1983;6.31;
281.0331;-36.7183;6.31;
285.3896;-15.2826;6.31;
289.7198;9.6181;6.31;
290.7685;-7.4006;6.31;
291.3433;20.2717;6.31;
291.8913;14.2825;6.31;
295.5122;-9.1937;6.31;
300.3616;-40.8143;6.31;
327.4209;-12.7229;6.31;
331.8749;18.0007;6.31;
337.2885;58.4041;6.31;δ Cep
341.9842;-25.912;6.31;
344.3216;-4.8101;6.31;
344.7931;52.6545;6.31;
359.1248;-24.7372;6.31;
1.2659;-0.503;6.32;
2.26;-54.0019;6.32;
8.9783;13.2071;6.32;
25.9589;32.192;6.32;
26.1105;46.1397;6.32;
32.52;-43.8156;6.32;
40.6206;10.7417;6.32;
44.9096;-32.5072;6.32;
48.1101;47.7259;6.32;
59.6215;38.8403;6.32;
63.87;6.1869;6.32;
72.0293;55.6026;6.32;
76.109;-35.7051;6.32;γ Cae
83.7393;-61.176;6.32;
87.6201;-52.7679;6.32;
91.2608;37.9643;6.32;
91.2843;59.3932;6.32;
95.2726;-11.8173;6.32;
95.358;17.7635;6.32;
96.6777;-14.6034;6.32;
97.1768;-41.0749;6.32;
98.8784;-22.1091;6.32;
102.654;-25.7784;6.32;
103.3058;38.438;6.32;
103.6112;-42.3656;6.32;
105.0345;-20.1584;6.32;
108.4889;-30.3398;6.32;
110.9931;-35.8378;6.32;
111.4291;-31.7387;6.32;
117.3678;-44.7512;6.32;
120.4323;25.0895;6.32;
122.1027;-63.8008;6.32;
124.3464;-16.2851;6.32;
126.9033;45.653;6.32;
129.6679;-19.7369;6.32;
138.854;-15.0249;6.32;
138.8946;-57.5777;6.32;
143.9704;14.3796;6.32;
149.2254;-27.4752;6.32;
157.4768;65.6262;6.32;
161.0955;-59.9933;6.32;
174.2551;-32.9882;6.32;
175.1542;-62.5681;6.32;
175.2554;-83.0999;6.32;
180.2572;-1.7682;6.32;
185.1724;27.0545;6.32;
186.4093;-86.1506;6.32;
193.0511;17.0739;6.32;
197.3093;-9.5381;6.32;
197.9711;-63.303;6.32;
203.6207;-48.2722;6.32;
204.8;-75.6838;6.32;
210.767;-17.367;6.32;
214.455;48.002;6.32;
218.5488;32.5345;6.32;
228.13;-48.219;6.32;
232.3379;62.0995;6.32;
234.5659;-28.2067;6.32;
236.4146;0.891;6.32;
239.0601;-14.3994;6.32;
241.764;-14.0713;6.32;
241.9662;-24.4623;6.32;
243.6635;-18.5356;6.32;
246.2256;-45.3495;6.32;
252.5927;-2.6544;6.32;
259.1225;60.6706;6.32;
263.5703;-48.5268;6.32;
269.3097;23.9959;6.32;
271.5309;-0.4461;6.32;
271.7762;49.7104;6.32;
274.504;-68.2293;6.32;
275.7588;-10.219;6.32;
280.7296;-19.2842;6.32;
284.7475;50.8091;6.32;
286.4464;29.9217;6.32;
289.6578;49.5695;6.32;
293.8742;-7.4603;6.32;
299.6744;70.3669;6.32;
301.2225;68.0272;6.32;
304.3711;42.7221;6.32;
306.4338;10.056;6.32;
309.3824;31.5725;6.32;
312.4511;7.8642;6.32;
313.2548;-23.7832;6.32;
315.9311;46.8632;6.32;
319.502;-64.6816;6.32;
323.5715;-42.9247;6.32;
329.4627;74.9967;6.32;
340.1998;-3.5542;6.32;
348.5599;50.6179;6.32;
349.8642;34.7932;6.32;
356.5052;-40.1826;6.32;
0.6007;8.9568;6.33;
4.6773;-43.2356;6.33;
18.5204;28.5296;6.33;
20.2719;64.6581;6.33;
25.3395;-79.1482;6.33;τ1 Hyi
25.743;61.4211;6.33;
25.8188;45.3226;6.33;
26.949;-37.1595;6.33;
26.9501;46.2297;6.33;
34.7438;-25.9457;6.33;
47.0161;52.2135;6.33;
51.5491;-41.6369;6.33;
63.2159;68.5012;6.33;
68.9273;19.8818;6.33;
71.6007;-2.9545;6.33;
74.0649;24.5922;6.33;
76.9575;-12.5927;6.33;
78.4469;0.5604;6.33;
79.897;-1.4119;6.33;
81.1504;2.3532;6.33;
82.5865;-7.4348;6.33;
94.5703;46.3604;6.33;
96.4464;-3.889;6.33;
103.2513;-26.9576;6.33;
110.2629;42.6559;6.33;
113.8402;-74.275;6.33;
116.774;-39.331;6.33;
119.8157;-73.2442;6.33;
126.8184;-31.6727;6.33;
129.0321;15.3136;6.33;
130.9764;-68.2116;6.33;
131.7052;-34.6229;6.33;
139.4262;-54.4948;6.33;
141.9544;-71.7811;6.33;
143.8908;-19.5834;6.33;
145.554;-66.9148;6.33;
153.4857;-40.3108;6.33;
156.0549;2.368;6.33;
156.6538;-0.9881;6.33;
159.8451;-64.1118;6.33;
168.4171;41.0888;6.33;
171.6065;33.4506;6.33;
184.2139;86.4358;6.33;
185.4844;47.1822;6.33;
186.6008;71.9298;6.33;
189.5184;3.2824;6.33;
191.1084;80.621;6.33;
194.3028;-12.0669;6.33;
206.738;6.3504;6.33;
214.9489;38.7941;6.33;
216.556;-42.3186;6.33;
221.4907;-15.4595;6.33;
227.0814;50.055;6.33;
229.8752;32.5149;6.33;
234.839;-23.1502;6.33;
240.3315;-31.8891;6.33;
242.262;57.9379;6.33;
249.4697;78.9187;6.33;
249.913;-9.5546;6.33;
253.0738;-67.6816;6.33;
254.0077;-16.8063;6.33;
255.4957;8.4507;6.33;
259.0557;-26.5461;6.33;
260.6634;-37.8046;6.33;
264.1664;69.5707;6.33;
267.9977;-1.2368;6.33;
269.3624;11.0445;6.33;
272.8116;-19.842;6.33;
283.3884;75.7874;6.33;
290.5397;-42.016;6.33;
291.0228;-68.3711;6.33;
294.0348;22.5858;6.33;
294.9561;-23.4277;6.33;
295.5534;12.1933;6.33;
299.6432;38.1057;6.33;
312.4777;46.6613;6.33;
315.7575;14.73;6.33;
321.1024;10.1743;6.33;
325.1405;-55.738;6.33;
329.5555;-5.4249;6.33;
337.8931;29.5428;6.33;
339.9459;19.6811;6.33;
341.8468;58.483;6.33;
343.2974;40.1674;6.33;
346.7893;-49.6061;6.33;
349.417;-11.7129;6.33;
350.8831;0.2913;6.33;
357.2249;59.979;6.33;
2.4672;-62.2968;6.34;
3.779;31.5357;6.34;
21.443;70.9799;6.34;
21.5366;34.5797;6.34;
25.1455;8.7608;6.34;
36.2433;-2.78;6.34;
61.4446;-20.5126;6.34;
64.0874;-60.9485;6.34;
65.999;24.301;6.34;
69.007;-3.6116;6.34;
71.4269;23.628;6.34;
74.5455;-2.2127;6.34;
80.0863;-34.6989;6.34;
80.8794;5.3231;6.34;
86.1183;-20.1266;6.34;
88.5584;-29.1472;6.34;
92.0964;41.0557;6.34;
104.8341;7.317;6.34;
106.502;-30.6557;6.34;
108.4516;-22.9058;6.34;
108.9471;-23.7403;6.34;
114.3205;-23.7754;6.34;
114.3241;40.0254;6.34;
117.4166;-14.0854;6.34;
117.8347;-43.0952;6.34;
120.2533;23.5831;6.34;
120.4799;35.4131;6.34;
120.6082;-6.3371;6.34;
121.6734;-48.4974;6.34;
127.8733;-54.394;6.34;
129.7495;52.9251;6.34;
130.1814;-57.5455;6.34;
133.1008;5.3403;6.34;
137.9818;5.4686;6.34;
148.0499;0.0756;6.34;
149.4869;45.4143;6.34;
152.0069;-37.3334;6.34;
152.7457;40.6616;6.34;
155.5434;-58.2656;6.34;
155.961;-57.9539;6.34;
161.5937;57.3659;6.34;
161.7003;-69.2098;6.34;
163.3871;-15.4458;6.34;
165.9022;-13.4349;6.34;
167.8731;-71.4362;6.34;
177.8412;-12.1878;6.34;
179.8567;-62.8309;6.34;
182.4461;74.6614;6.34;
182.9371;57.0544;6.34;
183.3039;-34.1253;6.34;
183.4034;-33.7929;6.34;
183.4853;-78.5739;6.34;
191.1129;44.103;6.34;
197.1159;-67.7968;6.34;
199.7012;-79.976;6.34;
200.5163;43.9034;6.34;
201.9985;52.7456;6.34;
207.9021;-36.4333;6.34;
210.461;68.6787;6.34;
212.2344;-59.2767;6.34;
220.4988;-77.0115;6.34;
221.979;-12.84;6.34;
224.5367;-48.863;6.34;
230.1959;-2.4133;6.34;
253.6498;-30.5873;6.34;
256.7207;-1.6562;6.34;
256.9445;40.5161;6.34;
257.9385;7.8948;6.34;
261.1408;15.606;6.34;
261.1543;-18.4458;6.34;
265.2958;15.1784;6.34;
271.1675;23.942;6.34;
272.1406;14.2847;6.34;
281.5048;-19.6064;6.34;
287.465;-0.4281;6.34;
287.7579;-39.0047;6.34;
290.7015;9.9132;6.34;
292.3371;20.2797;6.34;
296.6861;68.438;6.34;
302.1595;10.7259;6.34;
302.9912;-12.3924;6.34;ξ1 Cap
309.1597;-63.121;6.34;
310.807;57.114;6.34;
311.5884;52.9953;6.34;
315.9672;41.6282;6.34;
316.1891;2.2698;6.34;
331.7901;58.8407;6.34;
342.4968;-32.8055;6.34;
348.2666;29.4415;6.34;
349.786;-79.4724;6.34;
352.0029;-35.5445;6.34;
358.5892;-27.0429;6.34;
3.794;27.2834;6.35;
4.0581;76.9508;6.35;
4.9232;40.7295;6.35;
16.4551;4.9084;6.35;
20.627;-19.0812;6.35;
25.0546;53.8683;6.35;
25.5738;58.6277;6.35;
27.3309;-31.0725;6.35;
33.6583;28.6912;6.35;
37.0183;-64.2998;6.35;
40.8343;-40.5279;6.35;
40.9635;25.6383;6.35;
43.2168;52.9974;6.35;
55.0477;-15.2265;6.35;
58.3937;25.6829;6.35;
59.9187;10.3304;6.35;
67.9873;36.7427;6.35;
71.9566;-30.0204;6.35;ζ Cae
80.2472;27.9573;6.35;
82.1449;13.679;6.35;
85.3622;-33.4007;6.35;
85.5166;22.6603;6.35;
87.8462;-64.0336;6.35;
89.1407;28.9423;6.35;
91.1185;-45.0366;6.35;
96.1823;25.0487;6.35;
96.2199;16.0571;6.35;
96.6869;-7.5119;6.35;
99.1711;-22.6147;6.35;
99.9912;44.0141;6.35;
101.8477;18.1935;6.35;
113.0928;-35.9612;6.35;
119.3179;1.127;6.35;
119.8013;-49.9769;6.35;
121.136;-25.6997;6.35;
121.7914;43.2604;6.35;
128.2504;24.0848;6.35;υ2 Cnc
128.854;2.7434;6.35;
129.805;-60.3173;6.35;
131.9183;-41.7368;6.35;
133.2748;59.0561;6.35;
154.9251;-65.1372;6.35;
160.323;-59.6769;6.35;
161.8775;-69.4377;6.35;
165.2391;-15.7927;6.35;
168.0616;-32.4338;6.35;
169.6433;-79.6687;6.35;
171.4586;3.8601;6.35;
175.1143;57.9704;6.35;
186.8702;-58.3164;6.35;
189.6928;40.8747;6.35;
211.1124;-14.9717;6.35;
213.1024;-24.3634;6.35;
214.7798;-27.1411;6.35;
225.1613;47.2774;6.35;
226.6464;36.4561;6.35;
235.0647;-31.2138;6.35;
241.4356;-6.2911;6.35;
246.8845;2.8706;6.35;
247.6617;77.4465;6.35;
253.1142;-40.7232;6.35;
253.8166;13.6199;6.35;
254.4263;24.3813;6.35;
255.9694;19.6905;6.35;
257.2272;-3.883;6.35;
260.3893;16.7312;6.35;
273.9914;-3.618;6.35;
275.9499;53.3008;6.35;
280.5943;-64.643;6.35;
281.3277;-21.0016;6.35;
284.5421;-83.4222;6.35;
285.1034;-24.9422;6.35;
285.5293;52.2611;6.35;
287.8791;26.7359;6.35;
293.4418;5.4657;6.35;
304.7397;39.0042;6.35;
306.5067;13.9116;6.35;
307.7367;-29.1127;6.35;
308.2182;-24.9438;6.35;
313.354;-30.719;6.35;
321.0964;24.5284;6.35;
323.4774;-82.6831;6.35;
338.1955;15.8633;6.35;
342.3228;-70.348;6.35;
344.6776;7.3401;6.35;
349.3287;75.299;6.35;
349.9298;-33.7081;6.35;
352.3624;-1.7912;6.35;
354.1271;32.9042;6.35;
0.1818;45.2533;6.36;
16.8038;-23.9963;6.36;
19.3505;31.7446;6.36;
20.8392;58.143;6.36;
29.4722;-65.4247;6.36;
34.8532;-41.8484;6.36;
38.8663;39.6644;6.36;
42.6992;-39.9322;6.36;
47.772;-13.2643;6.36;
50.5679;-25.5878;6.36;
61.0363;-16.5887;6.36;
63.3988;-40.3578;6.36;
64.762;-33.9046;6.36;
72.6516;70.9415;6.36;
73.7432;19.4854;6.36;
78.648;76.4728;6.36;
81.8142;2.3412;6.36;
84.4409;33.5592;6.36;
90.4234;22.401;6.36;
92.3342;-18.1264;6.36;
98.9751;-36.0886;6.36;
99.2136;-41.5571;6.36;
100.4968;6.3454;6.36;
100.9032;-73.1182;6.36;
103.9782;-31.7902;6.36;
104.5315;-27.1644;6.36;
108.4918;71.8166;6.36;
110.5716;59.902;6.36;
112.1663;27.5529;6.36;
118.1518;55.2094;6.36;
118.7518;-52.5833;6.36;
119.569;43.9774;6.36;
122.1568;-37.6812;6.36;
127.4016;-55.1909;6.36;
128.2438;-34.634;6.36;
128.2577;-45.7529;6.36;
132.7561;15.3507;6.36;
133.7251;-58.2397;6.36;
138.2109;-60.9168;6.36;
145.6796;48.431;6.36;
147.464;-36.2685;6.36;
151.4205;15.7575;6.36;
153.5373;-23.8139;6.36;
155.924;29.6159;6.36;
160.2147;-35.7417;6.36;
163.1193;-79.5594;6.36;
164.1434;25.5002;6.36;
164.4508;-59.7322;6.36;
179.7945;-45.8322;6.36;
184.4344;15.1447;6.36;
185.8079;-67.6315;6.36;
186.9253;8.6103;6.36;
199.3744;-0.6761;6.36;
203.3995;-65.6327;6.36;
209.9553;-3.5498;6.36;
210.4034;17.6684;6.36;
213.5888;-5.9477;6.36;
216.4156;-66.1729;6.36;
216.7078;-39.874;6.36;
217.4034;41.7959;6.36;
224.149;-39.416;6.36;
228.4966;-61.343;6.36;
230.2787;24.958;6.36;
233.5869;-39.3492;6.36;
243.1337;75.2107;6.36;
249.1789;15.4975;6.36;
253.0802;-41.8545;6.36;
254.4591;42.5125;6.36;
259.5855;-32.5531;6.36;
260.1407;48.1888;6.36;
260.4232;-24.9061;6.36;
262.4473;-5.9195;6.36;
263.4282;14.8416;6.36;
265.1565;43.4707;6.36;
265.9517;-13.5087;6.36;
269.1012;-65.7217;6.36;
270.0653;0.6295;6.36;
270.2202;6.2683;6.36;
272.2926;30.4695;6.36;
273.1776;41.1468;6.36;
274.349;-28.289;6.36;
276.015;-3.5832;6.36;
277.3036;-43.8459;6.36;
278.0861;-14.6443;6.36;
278.3446;-5.9117;6.36;
278.9985;-29.6991;6.36;
279.9037;5.2643;6.36;
289.5408;-53.3871;6.36;
294.7041;3.3815;6.36;
296.2043;40.7168;6.36;
302.7809;-57.5242;6.36;
303.9302;50.2329;6.36;
308.9492;-44.3376;6.36;
310.049;-23.7739;6.36;
313.2807;29.6491;6.36;
315.3667;-68.2096;6.36;
319.0714;44.2382;6.36;
324.0583;30.0554;6.36;
328.5726;19.7181;6.36;
330.5057;10.9738;6.36;
331.1438;32.9417;6.36;
332.3707;-23.6591;6.36;
332.5637;72.1113;6.36;
332.5918;14.6299;6.36;
337.5723;-14.5857;6.36;
340.3805;30.9659;6.36;
342.0891;-61.6844;6.36;
343.8775;-20.1394;6.36;
348.652;24.1029;6.36;
357.2997;58.9632;6.36;
358.1055;75.5446;6.36;
20.4963;76.2388;6.37;
22.4284;-25.6177;6.37;
27.4536;-38.4028;6.37;
29.0392;-49.8364;6.37;
29.6112;-33.0668;6.37;
33.9906;47.8119;6.37;
46.1694;15.856;6.37;
47.6475;-23.7385;6.37;
50.9125;4.8821;6.37;
52.5808;71.8639;6.37;
53.4218;57.8687;6.37;
59.1153;-13.5975;6.37;
61.8398;-64.2223;6.37;
66.5056;4.3735;6.37;
68.02;5.41;6.37;
68.6589;-24.0405;6.37;
77.4354;64.9195;6.37;
79.8227;-18.5199;6.37;
89.1435;-23.2153;6.37;
92.7574;18.1305;6.37;
93.4387;-23.8619;6.37;
93.9749;1.1691;6.37;
96.1828;-28.7801;6.37;
101.0522;36.1093;6.37;
102.9141;3.042;6.37;
106.2875;47.775;6.37;
113.9832;43.031;6.37;
114.5599;24.3604;6.37;
116.1827;-66.0719;6.37;
117.9204;-12.8194;6.37;
119.8065;-49.9738;6.37;
122.1816;-20.3632;6.37;
130.9991;4.3346;6.37;
136.5318;-64.4998;6.37;
137.8027;80.8289;6.37;
145.0836;-10.7692;6.37;
157.1522;45.2122;6.37;
163.0571;1.025;6.37;
177.7306;12.279;6.37;
181.4992;-3.1316;6.37;
187.5199;-13.3932;6.37;
198.8567;-69.6793;6.37;
200.7608;-48.5628;6.37;
203.5911;38.7893;6.37;
219.852;-49.0553;6.37;
257.5261;-61.6755;6.37;
260.3802;28.7581;6.37;
262.0097;-8.2084;6.37;
264.0892;27.5666;6.37;
265.2729;24.5133;6.37;
268.0038;46.6436;6.37;
271.3619;-81.4866;6.37;
276.4801;14.9662;6.37;
282.6898;10.9764;6.37;
284.8616;-18.5664;6.37;
285.7792;-19.103;6.37;
290.8917;33.222;6.37;
292.339;-7.0441;6.37;
292.8065;55.7318;6.37;
293.8547;2.9136;6.37;
294.0654;14.3911;6.37;
294.8556;16.5711;6.37;
294.9674;-66.6855;6.37;
295.7949;38.6717;6.37;
301.3606;15.5004;6.37;
307.9926;25.805;6.37;
315.8587;50.3519;6.37;
327.9052;65.7527;6.37;
332.1777;-33.1257;6.37;
338.9666;56.0706;6.37;
341.3936;30.4426;6.37;
343.5235;-19.1751;6.37;
345.6881;44.0588;6.37;
351.037;41.6129;6.37;
352.0216;-11.4498;6.37;
1.0847;-29.2688;6.38;
9.9469;82.4938;6.38;
12.7391;51.508;6.38;
24.6326;45.3997;6.38;
26.5044;-27.3488;6.38;
32.1398;44.4594;6.38;
32.8716;57.6455;6.38;
42.9844;-30.8145;6.38;
45.8757;28.2699;6.38;
46.9473;47.3087;6.38;
52.9735;-25.6141;6.38;
65.7823;-35.5448;6.38;
66.3297;-44.1609;6.38;
67.2166;30.3615;6.38;
77.0552;-15.0954;6.38;
82.6879;39.8259;6.38;
85.9214;-45.8329;6.38;
87.3922;-44.8754;6.38;
90.7229;43.3783;6.38;
97.906;15.9035;6.38;
109.2642;26.6895;6.38;
111.6158;10.6081;6.38;
112.2142;-64.5098;6.38;
112.7866;11.203;6.38;
114.4376;-38.0104;6.38;
116.9384;-16.0145;6.38;
117.7226;0.0796;6.38;
123.4211;-33.5695;6.38;
128.139;-15.0301;6.38;
128.2146;-31.5009;6.38;
132.4681;-39.1416;6.38;
132.9585;-44.1509;6.38;
138.3398;-29.6644;6.38;
153.353;-33.0317;6.38;
154.8848;-5.1061;6.38;
161.5237;6.3732;6.38;
165.2736;63.4211;6.38;
173.4845;36.8156;6.38;
175.7289;-79.3064;6.38;
178.686;-66.3762;6.38;
184.873;28.1569;6.38;
188.4963;-49.9098;6.38;
190.9945;-36.3492;6.38;
213.6707;21.8734;6.38;
214.1011;39.7447;6.38;
220.4635;-30.9332;6.38;
223.7251;-69.861;6.38;
225.5357;-7.5753;6.38;
232.3005;16.3956;6.38;
240.5186;-51.1208;6.38;
252.037;13.5903;6.38;
254.3835;13.8841;6.38;
256.5402;9.7339;6.38;
256.5544;10.4539;6.38;
261.5036;26.8787;6.38;
262.3567;-38.5169;6.38;
265.7731;44.0843;6.38;
271.2533;41.9463;6.38;
272.4059;38.4578;6.38;
272.4307;-13.9344;6.38;
272.4898;-59.0402;6.38;
291.6104;62.5571;6.38;
296.4152;36.091;6.38;
299.7208;-68.7626;6.38;
301.2726;-11.5994;6.38;
305.5127;41.1321;6.38;
306.5978;56.6387;6.38;
309.4676;-25.1092;6.38;
311.9495;3.3065;6.38;
313.2733;-11.5737;6.38;
318.427;64.404;6.38;
318.6544;0.0923;6.38;
321.033;-22.7471;6.38;
321.2153;-3.3984;6.38;
327.5541;-16.8449;6.38;
331.2644;14.8159;6.38;
331.5565;56.3434;6.38;
334.1235;27.804;6.38;
335.462;42.0782;6.38;
339.5725;45.1829;6.38;
344.5986;-1.4102;6.38;
346.771;35.6365;6.38;
350.6191;25.9185;6.38;
354.5126;-15.0951;6.38;
5.7158;-12.2094;6.39;
8.7307;13.3711;6.39;
11.6604;69.3254;6.39;
12.8264;3.385;6.39;
14.2298;68.7757;6.39;
19.5578;57.8032;6.39;
23.0316;34.8;6.39;
23.9691;41.0764;6.39;
24.1814;7.8315;6.39;
31.7169;-19.1389;6.39;
36.3602;-66.494;6.39;
51.4827;-35.9209;6.39;χ1 For
53.64;-31.8748;6.39;
60.3118;36.9895;6.39;
64.4659;80.5358;6.39;
80.1695;66.7469;6.39;
82.2371;-3.3074;6.39;
91.1213;51.5734;6.39;
94.0991;17.1816;6.39;
96.468;11.1259;6.39;
98.3611;-20.924;6.39;
99.4037;10.8533;6.39;
103.5358;-5.8522;6.39;
105.2073;-33.4655;6.39;
111.6717;11.0088;6.39;
114.0067;-55.8877;6.39;
116.6863;-12.6753;6.39;
123.5875;13.0483;6.39;
127.7943;-47.8666;6.39;
130.0267;20.0078;6.39;
133.1701;-52.1289;6.39;
133.9829;-23.8183;6.39;
135.4198;39.7135;6.39;
135.7722;-53.5504;6.39;
136.8621;22.9809;6.39;
144.4842;73.0804;6.39;
145.6723;-35.5017;6.39;
149.0222;-40.8245;6.39;
149.0912;-51.3362;6.39;
155.8861;-3.6429;6.39;
166.6011;-64.84;6.39;
168.145;-21.7493;6.39;
180.9352;5.5578;6.39;
185.9031;-39.3024;6.39;
185.9493;-30.3354;6.39;
189.7591;22.6595;6.39;
189.8203;35.952;6.39;
190.7672;61.1554;6.39;
207.7463;68.3153;6.39;
211.0607;-5.3814;6.39;
211.6048;-59.7159;6.39;
212.0596;-63.208;6.39;
216.0083;27.4132;6.39;
217.7359;-40.8451;6.39;
218.3345;36.959;6.39;
218.821;-60.0156;6.39;
219.0286;23.2504;6.39;
220.8673;-62.9667;6.39;
224.1597;-62.3644;6.39;
232.7049;-71.6541;6.39;
232.8429;36.6166;6.39;
238.0533;-29.8866;6.39;
241.4992;-6.1398;6.39;
243.0273;39.0555;6.39;
244.5407;68.5545;6.39;
268.6113;75.1713;6.39;
272.4998;-32.7196;6.39;
275.2798;49.7255;6.39;
281.9547;-77.8682;6.39;
285.4515;33.6213;6.39;
288.1168;-21.6584;6.39;
293.7551;52.502;6.39;
296.1591;34.4142;6.39;
299.0071;-81.3498;6.39;
300.7034;31.9588;6.39;
302.0271;16.6644;6.39;
302.792;-8.8423;6.39;
306.7824;34.3291;6.39;
309.9661;11.2496;6.39;
320.2559;40.3451;6.39;
322.1035;8.1956;6.39;
322.2506;-53.7059;6.39;
323.8165;-23.4543;6.39;
329.0999;21.2399;6.39;
330.4692;-77.6625;6.39;
330.6094;-16.9648;6.39;
333.1828;-4.7207;6.39;
334.5178;-0.2377;6.39;
337.9222;-10.9056;6.39;
338.9533;-17.4604;6.39;
340.768;47.1688;6.39;
343.6484;16.9418;6.39;
346.3235;1.3071;6.39;
350.0599;61.9701;6.39;
352.7548;-6.2881;6.39;
352.9899;-1.0859;6.39;
6.9936;19.514;6.4;
9.326;-54.3938;6.4;
15.1292;70.983;6.4;
17.5498;-8.9061;6.4;
18.2911;61.7062;6.4;
30.6178;-29.6656;6.4;
32.3463;17.2242;6.4;
35.481;57.2429;6.4;
39.5031;7.6953;6.4;
41.0796;17.7639;6.4;
49.4169;31.127;6.4;
50.1883;-26.6065;6.4;
50.3893;-47.7767;6.4;
54.4493;15.4306;6.4;
55.6368;-85.262;6.4;
69.3303;-41.8729;6.4;
73.2908;52.8412;6.4;
77.6858;-25.9105;6.4;
80.11;-5.3675;6.4;
83.8996;-3.2528;6.4;
84.8176;-17.8494;6.4;
85.3374;29.4874;6.4;
88.1653;39.5747;6.4;
94.4656;-52.733;6.4;
96.4951;-7.895;6.4;
104.8664;25.9142;6.4;
106.5052;59.8019;6.4;
110.5559;38.9959;6.4;
113.3535;37.1879;6.4;
114.0309;-22.1605;6.4;
114.8508;-16.8473;6.4;
115.5426;-58.6309;6.4;
116.0586;12.8601;6.4;
121.4568;-0.5733;6.4;
123.2148;-37.9245;6.4;
125.54;74.8204;6.4;
128.6238;-27.0982;6.4;
139.464;11.5011;6.4;
139.9497;-34.1033;6.4;
140.3483;45.3701;6.4;
144.4646;-9.4244;6.4;
144.938;-62.9429;6.4;
151.8988;-48.2608;6.4;
162.2078;65.1325;6.4;
163.8634;-43.0205;6.4;
166.6835;17.7374;6.4;
168.0456;68.2719;6.4;
172.7206;47.9289;6.4;
174.7518;-24.7211;6.4;
182.6318;16.8093;6.4;
189.1942;-50.3354;6.4;
201.8111;-40.1627;6.4;
202.4283;-23.2813;6.4;
206.7953;-62.5897;6.4;
213.8388;-53.5099;6.4;
217.2163;-47.9921;6.4;
220.476;21.1236;6.4;
226.7332;-52.0298;6.4;
233.3514;-40.4909;6.4;
239.9797;-78.0273;6.4;
241.0258;-59.1762;6.4;
243.4396;-24.4221;6.4;
244.2455;-53.6962;6.4;
244.2467;-20.1041;6.4;
250.3197;1.2454;6.4;
254.1053;65.0391;6.4;
255.2793;-56.5551;6.4;
264.0338;28.1851;6.4;
265.8238;-27.884;6.4;
271.9515;-64.5502;6.4;
278.3728;-58.7088;6.4;
280.4269;-14.5642;6.4;
281.4088;79.9427;6.4;
289.7123;0.339;6.4;
290.9455;20.2644;6.4;
309.0347;25.8826;6.4;
319.7257;-28.7658;6.4;
320.3192;-49.9382;6.4;
326.3017;52.2676;6.4;
335.1647;50.9808;6.4;
340.8094;-6.9629;6.4;
343.8121;-36.3886;6.4;
353.8836;-7.4644;6.4;
355.6311;61.6794;6.4;
2.1369;63.204;6.41;
8.3303;70.9818;6.41;
8.4325;-35.0021;6.41;
11.6769;59.5745;6.41;
16.7507;56.935;6.41;
17.5307;-57.6944;6.41;
23.7149;-23.6997;6.41;
44.3859;-38.1909;6.41;
47.3339;20.7611;6.41;
49.3814;65.6584;6.41;
52.2658;3.2487;6.41;
52.9543;49.4011;6.41;
54.5008;42.5828;6.41;
63.0011;-17.2747;6.41;
67.0394;-41.9598;6.41;
81.6618;6.8687;6.41;
82.0039;33.7637;6.41;
82.0061;1.2983;6.41;
85.4181;-2.8965;6.41;
90.5389;-60.0968;6.41;
95.2997;29.5408;6.41;
95.827;3.7645;6.41;
103.1893;-59.3412;6.41;
104.6821;-30.998;6.41;
115.3405;-44.6322;6.41;
120.1839;-2.8819;6.41;
128.6331;-32.5987;6.41;
131.3365;-2.6011;6.41;
132.688;18.8322;6.41;
133.1612;-36.5453;6.41;
140.8824;25.1828;6.41;
144.4063;60.2137;6.41;
150.7059;-62.1567;6.41;
157.6635;-61.3565;6.41;
165.1065;51.5021;6.41;
168.1348;35.8141;6.41;
170.0172;-71.9943;6.41;
180.6186;-71.489;6.41;
186.1117;25.5824;6.41;
188.1367;-21.2121;6.41;
190.868;-58.9027;6.41;
204.5318;-58.4146;6.41;
213.7209;3.3359;6.41;
215.814;-47.417;6.41;
223.3473;15.7052;6.41;
226.7044;-16.4844;6.41;
236.2482;-50.7855;6.41;
236.8563;-40.1942;6.41;
237.0075;31.7356;6.41;
243.6203;-21.1076;6.41;
245.7354;32.333;6.41;
254.7607;69.1862;6.41;
255.5713;31.8841;6.41;
266.7804;-38.1122;6.41;
267.4709;-61.7147;6.41;
268.4922;-34.8311;6.41;
270.8107;19.6132;6.41;
275.9887;38.7392;6.41;
278.0287;3.6596;6.41;
280.4221;31.6176;6.41;
306.174;1.3686;6.41;
307.1816;-15.7415;6.41;
308.7761;-71.1888;6.41;
311.8365;45.5799;6.41;
313.5274;-27.9252;6.41;
316.1735;2.9423;6.41;
319.3064;-13.279;6.41;
322.3937;6.5814;6.41;
323.6782;1.8292;6.41;
328.9818;-30.6059;6.41;
329.2963;66.1562;6.41;
332.0679;49.797;6.41;
335.1511;-57.5098;6.41;
337.5062;-12.9151;6.41;
337.5271;49.3564;6.41;
338.078;54.037;6.41;
346.7936;59.7274;6.41;
348.5905;29.7718;6.41;
350.1439;62.2133;6.41;
352.9293;28.4035;6.41;
353.121;23.8436;6.41;
357.1627;64.8765;6.41;
21.6139;-0.399;6.42;
21.8611;41.1012;6.42;
27.9075;-6.8741;6.42;
29.29;-10.2424;6.42;
47.5368;27.8198;6.42;
53.1624;44.8558;6.42;
53.2148;-61.0169;6.42;
66.0603;12.158;6.42;
72.7354;-53.4597;6.42;ι Pic
74.0374;7.9047;6.42;
75.9672;-14.3702;6.42;
77.9096;29.9036;6.42;
79.171;1.9473;6.42;
83.4349;-54.9023;6.42;
84.863;21.7629;6.42;
89.9409;55.3209;6.42;
91.6631;63.4538;6.42;
96.5398;-3.5157;6.42;
102.8857;-48.2928;6.42;
108.8309;-0.1613;6.42;
110.5086;-8.9794;6.42;
112.2193;46.3146;6.42;
115.9288;-38.2019;6.42;
117.3846;12.8143;6.42;
119.5246;7.2135;6.42;
122.757;-37.2924;6.42;
124.4423;-36.0676;6.42;
124.5601;15.6779;6.42;
125.6836;60.6312;6.42;
127.1215;-2.5171;6.42;
130.092;19.6699;6.42;
130.7375;-35.9433;6.42;
132.0609;-28.6388;6.42;
132.156;-1.0448;6.42;
133.4615;-40.4475;6.42;
139.9821;74.0166;6.42;
147.8401;-6.1819;6.42;
150.2999;-56.0966;6.42;
151.0973;-39.9759;6.42;
153.3383;-61.6588;6.42;
154.7447;46.7608;6.42;
154.7529;24.7121;6.42;
157.0162;48.7849;6.42;
157.0761;-63.1646;6.42;
157.2656;-65.1762;6.42;
159.4678;34.0786;6.42;
162.37;63.81;6.42;
168.9281;-57.3559;6.42;
178.2449;37.7187;6.42;Groombridge 1830
179.5299;32.2739;6.42;
179.7266;-25.9089;6.42;
191.9642;3.5727;6.42;
193.3838;19.4811;6.42;
202.191;50.7186;6.42;
202.3122;-1.3644;6.42;
206.306;10.3253;6.42;
206.5605;-54.6834;6.42;
209.4953;-25.9981;6.42;
212.88;1.3624;6.42;
214.9717;-6.7462;6.42;
216.092;-82.8482;6.42;
240.2946;-63.7765;6.42;
248.8595;17.0573;6.42;
258.6152;-39.7666;6.42;
260.6582;-35.9107;6.42;
261.7304;-25.9435;6.42;
261.9337;8.442;6.42;
263.062;11.93;6.42;
270.1152;19.5058;6.42;
272.1608;-21.4496;6.42;
278.3471;8.2683;6.42;
289.2522;-65.2277;6.42;
290.6573;-51.2313;6.42;
295.5173;55.4632;6.42;
297.2108;33.4373;6.42;
308.4997;4.8987;6.42;
308.6975;-30.4735;6.42;
312.6964;-32.0546;6.42;
313.0016;32.8489;6.42;
319.3283;58.6115;6.42;
322.2497;17.9059;6.42;
323.0128;-84.8101;6.42;
323.7208;-29.6961;6.42;
335.6842;-45.9479;6.42;π1 Gru
339.1514;11.6966;6.42;
346.0032;6.6163;6.42;
0.0996;26.9181;6.43;
1.9338;-2.5487;6.43;
3.9785;61.0002;6.43;
5.7683;-15.9426;6.43;
9.1569;-65.1244;6.43;
9.377;3.1354;6.43;
9.7033;-25.1078;6.43;
21.8471;-22.3382;6.43;
23.9607;-39.9471;6.43;
24.467;-3.4407;6.43;
28.8318;-60.3125;6.43;
31.052;-11.8598;6.43;
33.4234;58.5606;6.43;
33.4731;-9.0646;6.43;
53.7542;60.0414;6.43;
56.5121;24.5279;6.43;Sterope
62.6911;-35.2738;6.43;
73.3771;-66.6754;6.43;
77.403;69.6394;6.43;Mago
80.1823;2.5448;6.43;
84.5726;-50.641;6.43;
93.3021;10.6271;6.43;
96.898;32.5629;6.43;
99.8812;24.6002;6.43;
101.2165;-27.3417;6.43;
107.5278;21.247;6.43;
110.618;0.7008;6.43;
115.0876;-11.7526;6.43;
117.7503;-24.5286;6.43;
123.9604;60.3806;6.43;
124.4928;-30.0037;6.43;
127.0825;-8.8163;6.43;
132.0366;-42.4634;6.43;
133.2721;-16.9525;6.43;
136.1999;-57.8526;6.43;
143.0766;-28.6278;6.43;
143.282;-39.1291;6.43;
149.4329;-1.9418;6.43;
151.0351;3.2011;6.43;
152.9092;13.3551;6.43;
159.3171;-53.8553;6.43;
161.1347;-70.8553;6.43;
167.991;-26.8061;6.43;
170.4554;57.0749;6.43;
170.4871;-77.6084;6.43;
173.7454;-4.3613;6.43;
190.8594;-40.1778;6.43;
191.9735;-24.8517;6.43;
192.5721;22.8634;6.43;
196.2073;73.025;6.43;
196.3782;-52.1157;6.43;
197.085;-78.446;6.43;
199.1344;19.7853;6.43;
205.7276;-50.7902;6.43;
207.4372;36.6328;6.43;
207.5808;-39.9009;6.43;
207.8347;-24.3904;6.43;
211.7349;74.5938;6.43;
211.92;-48.704;6.43;
216.1701;-44.3111;6.43;
221.5453;-21.176;6.43;
232.2444;-28.8669;6.43;
242.3582;55.829;6.43;
242.4803;-18.3406;6.43;
248.7823;-45.2444;6.43;
255.4431;-51.131;6.43;
259.9438;2.1395;6.43;
262.6675;38.8822;6.43;
262.9473;-33.7032;6.43;
267.9936;15.3264;6.43;
273.4676;2.3935;6.43;
276.9256;59.5491;6.43;
280.008;30.8495;6.43;
284.8012;39.2173;6.43;
294.2901;29.3337;6.43;
295.311;22.4528;6.43;
296.1721;8.7265;6.43;
301.9599;9.3998;6.43;
307.4998;45.9286;6.43;
310.1881;19.9355;6.43;
319.6351;61.1844;6.43;
322.959;23.8452;6.43;
323.1386;-24.5904;6.43;
323.3234;-52.7378;6.43;
325.9921;22.8153;6.43;
328.6106;80.3086;6.43;
332.4912;-48.1077;6.43;
337.7241;-26.0738;6.43;ζ PsA
338.1478;20.23;6.43;
340.731;37.8027;6.43;
341.2047;52.5172;6.43;
344.6462;9.3569;6.43;
345.5472;44.5729;6.43;
345.8391;58.5639;6.43;
346.2762;16.5628;6.43;
347.4565;-14.5106;6.43;
348.0522;-80.9127;6.43;
351.6478;-21.7408;6.43;
352.2534;-44.4981;6.43;
355.5611;44.9917;6.43;
6.8795;16.0255;6.44;
7.0879;-20.3351;6.44;
13.3019;-24.7769;6.44;
14.3317;61.4219;6.44;
16.1357;-33.5328;6.44;
16.9986;1.993;6.44;
18.4386;7.5783;6.44;ζ Psc
19.6959;37.3863;6.44;
21.5983;20.0708;6.44;
23.7138;-3.5239;6.44;
27.8598;-39.8359;6.44;
27.9421;-15.6475;6.44;
28.4521;55.5976;6.44;
31.2125;7.7357;6.44;
34.8445;48.9555;6.44;
42.6471;36.9483;6.44;
49.2977;40.483;6.44;
57.0273;24.9884;6.44;
66.4055;15.941;6.44;
81.4021;-1.4913;6.44;
83.1408;57.2211;6.44;
84.7862;41.3586;6.44;
89.2042;-31.9762;6.44;
94.0783;-59.2135;6.44;
97.5492;-19.2149;6.44;
98.2927;-38.6252;6.44;
98.693;7.5725;6.44;
99.3637;24.5909;6.44;
105.5645;-43.4039;6.44;
105.9894;-10.1238;6.44;
113.4647;51.3141;6.44;
119.5893;-51.4485;6.44;
122.5546;25.8445;6.44;ψ1 Cnc
123.8469;-50.4492;6.44;
124.873;-34.5901;6.44;
126.414;-17.4394;6.44;
127.3742;-54.2118;6.44;
128.8022;-39.9705;6.44;
136.6798;59.3445;6.44;
146.8582;11.5682;6.44;
163.1336;52.5036;6.44;
165.151;-53.1118;6.44;
165.8169;-31.9608;6.44;
165.8641;70.0307;6.44;
166.8922;-48.64;6.44;
169.4119;-34.7373;6.44;
171.9945;-35.3288;6.44;
175.285;-29.1963;6.44;
180.9354;-74.2141;6.44;
184.7584;26.0083;6.44;
194.5785;64.9255;6.44;
196.2777;-47.1169;6.44;
200.9878;-20.9246;6.44;
201.1272;12.4318;6.44;
206.0667;-51.0125;6.44;
214.0891;-6.6215;6.44;
221.3284;-51.3149;6.44;
222.8751;-77.176;6.44;
227.895;-45.2775;6.44;
229.229;-46.2024;6.44;
231.6341;54.0203;6.44;
232.3303;-38.635;6.44;
247.5251;48.9611;6.44;
249.6989;-8.6186;6.44;
257.0029;31.2062;6.44;
261.2504;67.3067;6.44;
261.4912;-1.6518;6.44;
265.7786;-33.0513;6.44;
267.3293;1.9614;6.44;
285.2679;-37.0616;6.44;
285.456;22.2644;6.44;
287.218;-55.7204;6.44;
287.4156;-39.8272;6.44;
291.0252;36.4521;6.44;
294.4201;35.0225;6.44;
297.1271;10.6941;6.44;
297.4726;-66.8131;6.44;
299.4838;42.2608;6.44;
300.9346;-22.5956;6.44;
304.025;4.5808;6.44;Chechia
306.2709;59.6001;6.44;
306.8091;20.4765;6.44;
313.4933;-6.8895;6.44;
317.4928;2.9437;6.44;
326.4355;35.8573;6.44;
332.5006;-28.2924;6.44;
335.7792;55.9632;6.44;
345.4316;3.5309;6.44;
346.6329;19.9109;6.44;
349.3195;45.1642;6.44;
353.9831;24.561;6.44;
355.7711;51.9393;6.44;
357.4566;-25.3313;6.44;
9.0132;-14.973;6.45;
26.182;-6.7662;6.45;
31.1463;-54.8817;6.45;
34.1899;83.5614;6.45;
34.7414;23.1678;6.45;
36.0838;-25.8475;6.45;
36.8475;10.1983;6.45;
36.9997;1.9608;6.45;
41.8798;44.2722;6.45;
42.3621;37.3264;6.45;
53.3842;58.7652;6.45;
56.0266;-40.6603;6.45;
56.4045;38.6763;6.45;
62.9839;-8.8375;6.45;
63.409;-1.1497;6.45;
65.4063;-6.2842;6.45;
69.7679;-51.6728;6.45;
75.5001;1.6089;6.45;
79.044;-11.3526;6.45;
80.8453;28.9368;6.45;
83.5103;-7.0238;6.45;
84.7391;26.6181;6.45;
93.2482;6.0163;6.45;
96.1108;-63.4289;6.45;
98.6367;55.353;6.45;
100.3371;28.1966;6.45;
101.6736;-54.695;6.45;
109.4501;-26.7976;6.45;
110.0285;15.1429;6.45;
117.6771;-44.5799;6.45;
118.8077;-30.9176;6.45;
120.2642;-6.4192;6.45;
123.7135;-46.4859;6.45;
124.2246;84.0576;6.45;
124.7733;-48.1979;6.45;
129.6867;-53.0904;6.45;
131.3953;4.6644;6.45;
139.2377;-11.1031;6.45;
141.1545;-70.0758;6.45;
144.4414;-3.1706;6.45;
146.3417;-30.2028;6.45;
147.7583;13.0662;6.45;
151.986;-62.2214;6.45;
153.1582;-19.153;6.45;
155.0616;53.7794;6.45;
155.8682;-0.9022;6.45;
160.9677;-60.1178;6.45;
163.3892;-56.4205;6.45;
163.7982;-20.665;6.45;
172.3131;-63.5539;6.45;
173.7656;20.4415;6.45;Formosa
193.4088;-4.2247;6.45;
203.1436;-29.5653;6.45;
207.6156;58.5395;6.45;
211.923;-49.8676;6.45;
212.2525;-10.3345;6.45;
213.6484;13.9755;6.45;
215.0361;30.4291;6.45;
219.3686;2.2772;6.45;
224.808;-37.8812;6.45;
232.2368;55.1949;6.45;
232.5949;31.2859;6.45;
234.667;-8.7915;6.45;
234.7897;57.9244;6.45;
235.0481;-70.2279;6.45;
243.4108;-1.4751;6.45;
245.9863;-33.1994;6.45;
247.0881;67.044;6.45;
252.6503;-50.0449;6.45;
256.2706;43.8122;6.45;
270.3924;-85.2148;6.45;
274.5322;23.2969;6.45;
276.1381;-49.6529;6.45;
280.0508;38.3672;6.45;
280.819;39.3001;6.45;
284.1135;-31.689;6.45;
286.291;49.9232;6.45;
297.478;28.4397;6.45;
300.9117;22.9411;6.45;
302.0853;-66.3547;6.45;
306.5049;19.8655;6.45;
308.7311;-38.0899;6.45;
309.7508;56.0048;6.45;
312.3225;64.0423;6.45;
316.9355;-45.3795;6.45;
318.9049;47.974;6.45;
319.0741;-9.2147;6.45;
320.2086;32.4522;6.45;
321.4649;0.5343;6.45;
323.6416;22.7545;6.45;
326.7535;70.1509;6.45;
331.0993;-29.9165;6.45;
332.6258;20.978;6.45;
335.7095;36.659;6.45;
340.7642;-8.3114;6.45;
341.2651;58.147;6.45;
352.2737;23.0481;6.45;
358.9778;15.2303;6.45;
359.2921;-20.8336;6.45;
0.7827;-24.1451;6.46;
4.3863;-19.0511;6.46;
5.1289;48.9686;6.46;
14.038;13.952;6.46;
15.7564;47.3762;6.46;
23.4613;89.0156;6.46;
29.6917;-11.301;6.46;
33.208;79.6915;6.46;
42.9412;58.3143;6.46;
48.9528;50.9559;6.46;
57.3323;57.1183;6.46;
58.6415;-52.6904;6.46;
71.2413;-63.2297;6.46;
71.5024;76.611;6.46;
75.0967;39.6547;6.46;
85.1925;-10.4087;6.46;
92.1988;-6.8214;6.46;
101.744;-87.025;6.46;
103.4878;38.505;6.46;ψ8 Aur
104.6515;-56.3948;6.46;
106.8178;-59.7164;6.46;
108.2045;27.2248;6.46;
116.0318;2.4054;6.46;
116.8108;-36.0736;6.46;
119.4784;-40.7844;6.46;
122.5857;-49.2373;6.46;
129.8523;8.0176;6.46;
130.5409;-11.966;6.46;
136.0241;-47.4414;6.46;
136.2295;32.3768;6.46;
138.5129;-14.6948;6.46;
144.0282;74.3188;6.46;
154.117;28.6825;6.46;
161.973;-64.2628;6.46;
169.3097;-41.9343;6.46;
169.9615;-72.9583;6.46;
174.5848;-63.3727;6.46;
178.6076;-37.7489;6.46;
185.6335;5.3054;6.46;
188.0183;-32.5338;6.46;
189.8107;-75.3706;6.46;
199.0595;19.0517;6.46;
203.6781;76.5467;6.46;
203.6816;-33.3109;6.46;
204.7595;18.2653;6.46;
217.1812;-59.1975;6.46;
218.5664;57.0653;6.46;
229.2158;-47.8645;6.46;
230.7574;-15.134;6.46;
234.2226;29.9912;6.46;
235.9803;-60.2872;6.46;
241.0888;-53.7104;6.46;
247.1763;0.0549;6.46;
247.6251;-7.5145;6.46;
250.9113;-32.1059;6.46;
254.2544;-71.1116;6.46;
257.0711;50.8423;6.46;
259.2731;-44.7786;6.46;
260.2193;-10.6964;6.46;
261.3502;52.7907;6.46;
269.2329;-40.3056;6.46;
271.5384;-51.7439;6.46;
275.2299;-37.4876;6.46;
282.1892;-18.6011;6.46;
288.889;18.5164;6.46;
297.4825;27.0852;6.46;
299.1882;50.9025;6.46;
302.266;-47.0679;6.46;
304.707;46.3222;6.46;
305.2162;-35.6737;6.46;
309.7744;-4.9295;6.46;
317.629;47.6922;6.46;
320.9516;37.3515;6.46;
326.3281;-49.4988;6.46;
330.1113;33.0059;6.46;
334.368;49.127;6.46;
335.1615;58.4099;6.46;
335.2502;26.9352;6.46;
336.6898;37.4437;6.46;
339.6861;-28.7482;6.46;
343.2177;50.4123;6.46;
344.7875;59.8147;6.46;
345.6421;-36.4209;6.46;
351.0166;-21.7744;6.46;
356.2017;55.7997;6.46;
1.255;27.6748;6.47;
2.2507;28.2475;6.47;
4.6744;-8.053;6.47;
8.6038;66.7504;6.47;
11.4238;-16.4242;6.47;
14.5787;21.4045;6.47;
15.411;-16.2656;6.47;
34.8366;-2.9776;6.47;Mira
35.7775;-37.5761;6.47;
41.7964;-22.4858;6.47;
43.2277;-65.4553;6.47;
47.2258;62.3846;6.47;
50.9013;0.9101;6.47;
51.6475;28.7151;6.47;
57.2373;23.8571;6.47;
57.5674;-1.5226;6.47;
60.8531;-20.1438;6.47;
63.4987;37.9671;6.47;
67.5095;10.2622;6.47;
76.7906;-19.3919;6.47;
80.4805;-17.6036;6.47;
86.2554;12.8883;6.47;
86.7502;51.5209;6.47;
87.9983;-29.4494;6.47;
95.7765;56.9763;6.47;
95.9455;-58.5439;6.47;
101.0533;-54.6955;6.47;
101.4758;12.6936;6.47;
103.1964;-43.9756;6.47;
106.3182;-50.36;6.47;
106.5596;-68.8376;6.47;
106.8537;28.1767;6.47;
111.1152;15.5172;6.47;
111.8577;66.3316;6.47;
122.3966;29.0931;6.47;
123.5464;17.676;6.47;
124.4822;-59.1668;6.47;
129.792;59.9391;6.47;
133.977;-15.4395;6.47;
137.0173;32.5404;6.47;
140.9369;-37.7569;6.47;
146.4192;-57.186;6.47;
147.7533;-80.0611;6.47;
153.7764;31.4681;6.47;
155.3694;-23.7108;6.47;
161.9347;-59.8753;6.47;
167.0657;-29.9725;6.47;
178.8086;36.7564;6.47;
183.0042;28.5363;6.47;
185.203;15.541;6.47;
185.814;-4.9745;6.47;
192.0597;13.553;6.47;
206.3051;55.8793;6.47;
212.1919;59.3376;6.47;
214.2031;-8.8845;6.47;
214.503;-7.5424;6.47;
214.733;54.8638;6.47;
228.3225;-24.0083;6.47;
228.3694;-25.3093;6.47;
228.9613;50.9385;6.47;
228.9732;6.4648;6.47;
242.1521;8.6132;6.47;
250.235;-8.3096;6.47;
250.6212;-37.0794;6.47;
251.5266;-46.532;6.47;
256.1404;-68.2787;6.47;
262.5944;11.924;6.47;
263.8271;-22.0438;6.47;
266.7835;47.6122;6.47;
273.568;-63.6897;6.47;
278.9021;4.936;6.47;
280.3778;-48.0947;6.47;
283.0497;-41.7092;6.47;
284.2279;-62.8019;6.47;
284.3687;58.225;6.47;
285.2726;19.3096;6.47;
288.4334;5.5156;6.47;
293.6931;63.4342;6.47;
293.9831;50.2386;6.47;
294.4863;49.2844;6.47;
296.4676;-2.8835;6.47;
297.2091;-12.3194;6.47;
297.8618;4.0886;6.47;
298.2766;-14.6032;6.47;
298.7713;-33.0463;6.47;
301.5509;-4.0782;6.47;
302.0398;-52.5778;6.47;
303.2684;-0.3308;6.47;
303.3849;-47.7132;6.47;
303.5203;36.6049;6.47;
304.1173;37.0564;6.47;
307.9011;34.3304;6.47;
308.0851;2.1328;6.47;
312.0768;-44.1968;6.47;
314.8526;42.3245;6.47;
317.3431;-36.7059;6.47;
317.9222;-14.4724;6.47;
320.9829;-25.2025;6.47;
323.3381;-80.0394;6.47;
323.6913;18.3289;6.47;
323.8581;68.2193;6.47;
325.9157;7.5287;6.47;
341.2208;39.201;6.47;
342.9373;-59.8814;6.47;
347.4364;-67.8763;6.47;
347.5514;-66.8576;6.47;
348.4973;19.6339;6.47;
351.781;-66.5809;6.47;
353.8691;1.3131;6.47;
357.2057;2.2144;6.47;
357.5926;51.6217;6.47;
359.3897;60.0236;6.47;
6.159;14.3155;6.48;
15.3627;49.5442;6.48;
15.5769;51.0349;6.48;
29.4968;47.0955;6.48;
32.395;-24.3458;6.48;
34.2155;57.0552;6.48;
39.2522;24.6472;6.48;
39.6035;-37.9905;6.48;
40.8705;-2.5315;6.48;
41.6879;-21.6395;6.48;
45.9864;47.8485;6.48;
53.7184;-25.5828;6.48;
76.3838;19.8067;6.48;
78.3227;37.3373;6.48;
78.9117;-52.1822;6.48;
81.2476;73.7072;6.48;
86.8944;25.5686;6.48;
89.3099;-53.4257;6.48;
91.7579;-45.0915;6.48;
92.3476;-49.5628;6.48;
92.8067;60.4535;6.48;
96.7816;-37.8955;6.48;
97.0699;1.9127;6.48;
99.5955;-23.5803;6.48;
100.4073;35.9319;6.48;
104.3271;37.3947;6.48;
106.6499;-12.3939;6.48;
109.4277;38.8763;6.48;
120.6491;57.2736;6.48;
122.8253;54.5402;6.48;
123.0252;-43.4004;6.48;
123.3407;-1.1659;6.48;
128.1661;10.066;6.48;
128.3328;-38.3707;6.48;
131.8395;-17.0529;6.48;
132.4373;-21.0484;6.48;
137.1855;-16.2773;6.48;
137.4375;-49.4244;6.48;
137.4434;11.5644;6.48;
138.4053;21.2832;6.48;
143.7993;-35.8238;6.48;
147.9217;-11.3405;6.48;
149.6085;27.759;6.48;
153.3429;-56.5867;6.48;
154.3341;-46.8349;6.48;
154.6367;43.0484;6.48;
159.0082;80.4946;6.48;
164.3341;-69.0381;6.48;
165.5577;-41.1141;6.48;
166.9154;23.3238;6.48;
175.5622;-75.2273;6.48;
176.8159;-30.2865;6.48;
177.6549;-27.2779;6.48;
181.0696;-51.4725;6.48;
182.7551;-68.261;6.48;
185.8286;-11.8121;6.48;
192.8455;-10.3382;6.48;
194.2426;-54.5873;6.48;
200.9671;-49.8228;6.48;
202.8882;-28.1127;6.48;
203.8893;10.205;6.48;
204.1662;49.4866;6.48;
204.2107;-34.4678;6.48;
208.2852;40.338;6.48;
214.2298;-77.6642;6.48;
216.449;-26.8522;6.48;
226.3913;-30.5509;6.48;
226.5101;-48.8834;6.48;
235.7939;13.6677;6.48;
243.1895;26.6706;6.48;
249.3907;5.2775;6.48;
250.6159;49.9364;6.48;
254.6732;-14.8697;6.48;
255.9866;-37.8441;6.48;
261.0094;38.5828;6.48;
261.7912;-15.8534;6.48;
263.9295;-37.4399;6.48;
265.1854;-67.8542;6.48;
268.3258;-65.4886;6.48;
268.979;-18.8022;6.48;
269.7179;45.4762;6.48;
278.6979;10.892;6.48;
282.6299;-13.5723;6.48;
283.8482;-37.3866;6.48;
286.1006;-5.6848;6.48;
290.374;-34.9835;6.48;
293.0583;-44.5464;6.48;
310.8508;35.5878;6.48;
316.666;3.8031;6.48;
319.1645;-1.6078;6.48;
327.4171;41.1488;6.48;
337.0464;27.0188;6.48;
344.1002;-31.5656;6.48;
349.4834;45.4889;6.48;
0.1431;-53.0977;6.49;
3.9787;-75.9116;6.49;
10.1191;-16.5167;6.49;
12.5157;-43.3949;6.49;
17.8707;10.2919;6.49;
24.4467;64.7394;6.49;
32.452;-40.8665;6.49;
33.0657;2.7456;6.49;
52.048;-35.8534;6.49;χ3 For
52.0983;60.2557;6.49;
53.7045;6.4177;6.49;
53.9885;-5.125;6.49;
55.3075;-11.8024;6.49;
56.2103;-48.0613;6.49;
61.7949;74.0004;6.49;
62.4292;3.3227;6.49;
69.3116;18.543;6.49;
70.951;32.8655;6.49;
76.5038;35.9364;6.49;
78.3802;62.6911;6.49;
78.8535;-73.5885;6.49;
79.8489;33.9854;6.49;
80.0097;44.4254;6.49;
80.3304;4.0119;6.49;
80.8;-26.7054;6.49;
81.1867;36.1999;6.49;
82.4234;-0.8025;6.49;
84.8785;-9.7066;6.49;
86.8843;63.5988;6.49;
90.6881;47.8095;6.49;
95.1465;-23.638;6.49;
102.4345;37.5127;6.49;
105.1639;-9.203;6.49;
106.4653;70.7319;6.49;
111.1547;-71.4707;6.49;
117.4198;-19.5055;6.49;
117.7129;4.4595;6.49;
117.8139;37.0821;6.49;
123.4402;-46.5787;6.49;
126.7406;-52.705;6.49;
128.1688;-47.0421;6.49;
132.9816;-40.9866;6.49;
133.1089;-32.5093;6.49;
134.862;13.0744;6.49;
138.0731;14.996;6.49;
143.2969;45.5138;6.49;
146.125;18.8635;6.49;
146.8425;23.6477;6.49;
156.4372;35.4254;6.49;
158.9119;-18.569;6.49;
171.6888;3.0131;6.49;
173.4014;2.499;6.49;
174.4263;77.5957;6.49;
174.7047;64.347;6.49;
179.789;-10.4759;6.49;
179.9891;34.0347;6.49;
181.5216;-32.9612;6.49;
197.9133;-26.5517;6.49;
199.2127;17.0172;6.49;
202.0078;-26.4022;6.49;
202.1093;40.7296;6.49;
204.5329;14.3019;6.49;
204.8121;51.8042;6.49;
209.3836;61.4929;6.49;
210.0725;-61.481;6.49;
216.1702;-11.6697;6.49;
216.3233;-13.3532;6.49;
218.7114;-20.4394;6.49;
219.3017;-53.0608;6.49;
222.3849;51.3745;6.49;
226.984;-61.1287;6.49;
228.05;-19.1065;6.49;
230.8541;-46.1404;6.49;
232.0796;-88.133;6.49;
232.9593;-32.8811;6.49;
233.4696;17.1374;6.49;
236.5535;-28.0615;6.49;
247.204;-8.1288;6.49;
253.6315;-49.7108;6.49;
261.5202;58.6519;6.49;
277.0268;-84.3873;6.49;
277.6735;20.815;6.49;
278.8389;-20.8404;6.49;
279.5187;-14.0048;6.49;
279.5992;-3.1936;6.49;
280.5337;34.7463;6.49;
282.1646;-6.0043;6.49;
284.7957;-39.5347;6.49;
284.872;-70.4687;6.49;
295.055;60.5071;6.49;
297.5728;7.9024;6.49;
298.6586;-8.237;6.49;
298.8312;-6.7348;6.49;
300.064;26.1879;6.49;
302.3432;56.0268;6.49;
304.9835;46.8373;6.49;
305.3677;-66.7497;6.49;
306.1349;53.5519;6.49;
308.5416;20.9852;6.49;
311.5775;-36.1202;6.49;
325.996;-57.3252;6.49;
327.2837;66.792;6.49;
341.6179;-49.6858;6.49;
341.8986;-65.5603;6.49;
349.2076;-41.1944;6.49;
349.7637;-28.3878;6.49;
355.0117;37.6526;6.49;
357.6485;-47.3769;6.49;
0.4144;73.6118;6.5;
3.1424;44.7072;6.5;
4.1764;-20.2101;6.5;
20.6451;-0.4497;6.5;
21.4682;-3.9274;6.5;
32.0237;-41.8804;6.5;
33.3896;53.0586;6.5;
34.9199;-4.3456;6.5;
37.5572;-25.1864;6.5;
47.7531;64.8963;6.5;
51.1508;-51.0627;6.5;
52.8762;40.7599;6.5;
54.7503;20.9158;6.5;
55.5411;-45.9579;6.5;
67.695;16.1487;6.5;
73.9931;5.399;6.5;
82.9506;85.9385;6.5;
83.3642;32.8012;6.5;
86.3733;31.3248;6.5;
90.768;57.0183;6.5;
96.7536;-4.3557;6.5;
100.24;-71.7752;6.5;
106.4568;-10.6601;6.5;
107.9452;16.9763;6.5;
114.8624;-26.8631;6.5;
115.8383;4.9458;6.5;
116.6142;62.8305;6.5;
118.0161;45.933;6.5;
119.9641;36.0821;6.5;
121.8167;-17.3687;6.5;
125.1212;53.5741;6.5;
127.1502;-23.071;6.5;
127.9221;18.9877;6.5;
142.4489;55.7452;6.5;
143.3262;28.3679;6.5;
145.3197;55.8665;6.5;
145.779;54.3637;6.5;
148.2504;-55.3732;6.5;
150.1439;-56.9461;6.5;
151.53;-52.1879;6.5;
155.2832;-17.985;6.5;
159.6891;-59.2624;6.5;
170.9856;-57.8804;6.5;
183.7767;-29.2373;6.5;
192.4085;48.74;6.5;
195.6684;59.7163;6.5;
198.3998;36.8876;6.5;
201.4994;63.2613;6.5;
214.01;45.5663;6.5;
215.5583;29.3699;6.5;
222.4044;-68.9362;6.5;
224.265;21.5554;6.5;
228.1965;10.7023;6.5;
229.5943;0.9394;6.5;
230.6884;-29.3419;6.5;
242.4966;-62.9672;6.5;
244.4307;1.4967;6.5;
255.0594;-44.9885;6.5;
259.7154;-62.8746;6.5;
260.143;-19.3337;6.5;
272.7798;60.4095;6.5;
276.6705;26.4492;6.5;
276.7869;-8.0404;6.5;
282.7444;-41.0627;6.5;
284.3223;62.3968;6.5;
288.7832;83.4627;6.5;
289.7017;19.6105;6.5;
291.2564;-4.8845;6.5;
294.5741;20.7834;6.5;
298.163;-54.9764;6.5;
300.5921;22.1515;6.5;
308.4523;41.7727;6.5;
311.1376;69.7518;6.5;
311.3047;-27.2473;6.5;
312.407;50.1271;6.5;
315.5873;39.509;6.5;
315.7026;45.8489;6.5;
315.7484;-0.9247;6.5;
324.021;15.082;6.5;
329.0144;-52.4638;6.5;
329.7487;19.0203;6.5;
331.4602;45.1125;6.5;
333.2917;18.2798;6.5;
333.5767;17.1893;6.5;
352.8813;-4.0874;6.5;
4.1903;10.2448;6.51;
4.4953;-13.4556;6.51;
9.0837;27.2548;6.51;
11.5627;55.3054;6.51;
11.9785;20.9253;6.51;
30.0704;-55.0128;6.51;
32.1325;-6.678;6.51;
32.8896;-17.743;6.51;
33.374;5.0127;6.51;
35.0186;30.1881;6.51;
41.7903;60.5708;6.51;
41.8906;-35.5506;6.51;η1 For
42.7201;35.3939;6.51;
44.5523;-12.0058;6.51;
48.4787;18.9733;6.51;
50.9359;-32.7071;6.51;
51.4496;53.9215;6.51;
59.9166;38.8204;6.51;
60.0647;-51.565;6.51;
67.5836;28.1319;6.51;
70.824;59.5211;6.51;
72.1152;2.7153;6.51;
76.0675;45.7793;6.51;
77.0614;-35.7183;6.51;
77.2101;19.8599;6.51;
77.234;3.2187;6.51;
78.1073;-81.5417;6.51;
81.9779;48.2266;6.51;
93.0796;22.9085;6.51;
95.5254;-15.6634;6.51;
96.4439;2.2717;6.51;
100.1331;6.3713;6.51;
101.5432;23.3712;6.51;
103.5888;21.1613;6.51;
107.7627;-3.898;6.51;
108.9073;45.4095;6.51;
112.9969;12.6613;6.51;
115.2042;4.0718;6.51;
126.4057;-8.9561;6.51;
126.6658;24.5342;6.51;
129.3735;-33.7457;6.51;
140.7119;-9.8388;6.51;
146.4807;63.6533;6.51;
148.7505;-16.1939;6.51;
157.7141;-26.4838;6.51;
160.9546;18.313;6.51;
162.1728;-47.7499;6.51;
166.673;-13.0028;6.51;
166.9768;-30.1746;6.51;
168.9157;-12.5926;6.51;
169.0168;52.7732;6.51;
174.2495;-22.9481;6.51;
176.2976;14.2633;6.51;
177.8041;-61.8462;6.51;
179.157;65.2429;6.51;
180.9014;-39.0091;6.51;
186.8881;41.3551;6.51;
196.5427;29.0292;6.51;
198.1496;18.7518;6.51;
200.2125;43.9902;6.51;
202.4902;6.0135;6.51;
204.4289;50.7148;6.51;
205.976;-5.4989;6.51;
205.9889;-59.236;6.51;
206.5572;30.897;6.51;
218.5209;46.7865;6.51;
219.4023;-43.1113;6.51;
219.5736;-49.9011;6.51;
230.6222;-74.3995;6.51;
231.1286;37.3473;6.51;μ2 Boo
234.0736;-65.6133;6.51;
234.1174;15.1014;6.51;τ4 Ser
234.1405;-0.5615;6.51;
235.2788;-39.9828;6.51;
239.991;-40.6531;6.51;
240.6185;-56.8545;6.51;
242.2877;-56.0579;6.51;
245.3626;-48.1886;6.51;
246.6334;47.9576;6.51;
247.9853;9.4144;6.51;
253.0202;14.9742;6.51;
259.72;6.0855;6.51;
264.9904;-0.6392;6.51;
266.0824;-72.2209;6.51;
266.4935;39.3225;6.51;
266.7807;-59.9943;6.51;
266.9863;36.5551;6.51;
268.2162;-56.1548;6.51;
268.5315;-11.3375;6.51;
269.9202;-41.4871;6.51;
271.4304;12.0038;6.51;
271.8374;2.4817;6.51;
272.9923;-28.9015;6.51;
273.2344;-50.5588;6.51;
273.6833;29.2073;6.51;
273.8693;86.6578;6.51;
274.674;-25.6048;6.51;
278.6286;51.7823;6.51;
286.3274;-1.5122;6.51;
286.571;41.4138;6.51;
290.8491;50.2713;6.51;
293.6414;-23.8588;6.51;
294.236;38.3838;6.51;
302.486;20.915;6.51;θ Sge
303.2631;11.8509;6.51;
304.2519;8.9632;6.51;
308.0377;22.8243;6.51;
309.3863;31.5219;6.51;
310.1496;-26.6451;6.51;
310.2515;39.0823;6.51;
310.4337;-75.3508;6.51;μ2 Oct
321.4523;-23.8221;6.51;
325.4426;-25.1015;6.51;
328.0542;79.5518;6.51;
329.2593;48.6686;6.51;
331.662;2.4395;6.51;
337.4728;52.4166;6.51;
340.9279;10.9394;6.51;
342.2303;-63.7184;6.51;
345.1433;45.3748;6.51;
345.6829;55.2364;6.51;
347.0517;44.5618;6.51;
348.9429;28.2479;6.51;
349.7601;45.1368;6.51;
354.2724;-31.8711;6.51;
3.2896;16.9215;6.52;
4.2248;49.4619;6.52;
7.5362;4.8601;6.52;
10.2995;9.3551;6.52;
16.5951;62.7614;6.52;
19.2459;-2.2792;6.52;
23.6386;68.9481;6.52;
29.1443;-32.1383;6.52;
29.4975;-2.0595;6.52;
31.1664;65.1035;6.52;
37.354;55.5362;6.52;
40.0103;-30.6337;6.52;
40.5004;10.5448;6.52;
51.2891;41.2573;6.52;
52.0759;44.3772;6.52;
60.2367;23.2015;6.52;
63.3802;8.8903;6.52;
65.2045;9.2248;6.52;
73.6166;-3.2259;6.52;
81.6301;2.9359;6.52;
83.4666;-29.8492;6.52;
84.1257;25.9402;6.52;
93.193;-17.7632;6.52;
93.3895;-29.3957;6.52;
97.1961;-0.5724;6.52;
103.1651;-42.5044;6.52;
103.342;-24.6844;6.52;
106.5872;-43.6108;6.52;
112.0476;-58.0729;6.52;
125.3345;-1.602;6.52;
126.8648;-55.0112;6.52;
129.5845;-6.6623;6.52;
138.5133;71.6558;6.52;
141.696;-59.5788;6.52;
142.4185;-26.5942;6.52;
146.9331;-49.9433;6.52;
155.3994;-22.5285;6.52;
158.3024;-13.4042;6.52;
158.4324;53.4974;6.52;
158.9555;-58.2243;6.52;
159.2979;-11.7486;6.52;
171.475;-13.7513;6.52;
172.5536;54.3622;6.52;
179.2714;-52.1003;6.52;
184.8343;14.5416;6.52;
185.6942;-52.293;6.52;
187.159;26.227;6.52;
197.4591;62.2291;6.52;
198.3668;67.288;6.52;
203.3069;-77.5694;6.52;
217.3126;44.2621;6.52;
220.8577;-9.6997;6.52;
223.2653;78.1767;6.52;
226.7842;-71.905;6.52;
228.7152;68.9457;6.52;
232.6159;36.8046;6.52;
233.5867;-5.6951;6.52;
240.6632;47.2404;6.52;
242.874;9.712;6.52;
248.9556;-71.8943;6.52;
250.4065;-27.8097;6.52;
254.3747;-60.6001;6.52;
255.7935;14.5113;6.52;
258.0567;-25.2552;6.52;
259.0662;-15.2237;6.52;
263.0041;34.2711;6.52;
263.5916;13.161;6.52;
263.9476;19.8438;6.52;
269.2811;-23.9392;6.52;
271.18;40.0842;6.52;
274.369;-18.4634;6.52;
281.7461;46.3149;6.52;
284.6877;19.7944;6.52;
284.7193;69.5313;6.52;
284.8493;-19.2794;6.52;
287.6151;-30.0071;6.52;
289.9422;64.3908;6.52;
292.7717;2.0117;6.52;
295.118;20.4771;6.52;
298.0649;10.3516;6.52;
298.3442;4.4004;6.52;
299.8002;11.3056;6.52;
302.1217;-15.032;6.52;
314.417;-44.1294;6.52;
322.2656;-31.2386;6.52;
326.5692;43.0608;6.52;
326.6327;-2.2128;6.52;
336.2641;51.2559;6.52;
341.3851;-25.2369;6.52;
342.6631;19.1412;6.52;
348.9364;-29.8476;6.52;
355.5873;64.5154;6.52;
358.2343;36.9543;6.52;
358.8459;25.955;6.52;
0.0533;38.304;6.53;
2.9836;-42.1721;6.53;
5.0215;48.8654;6.53;
6.7808;80.0521;6.53;
13.4222;-4.5256;6.53;
14.1278;42.9788;6.53;
16.195;51.0098;6.53;
23.9602;33.8353;6.53;
30.7399;11.0188;6.53;
31.2661;55.6223;6.53;
34.2935;23.7678;6.53;
35.3074;-19.9154;6.53;
43.6965;-0.0482;6.53;
54.1659;29.224;6.53;
54.4339;56.7394;6.53;
54.9382;56.383;6.53;
59.048;59.6419;6.53;
65.4403;-37.7818;6.53;
67.3326;27.4042;6.53;
70.074;-58.9439;6.53;
71.6122;42.3486;6.53;
79.8263;-18.5096;6.53;
82.357;77.9775;6.53;
83.2806;-1.7174;6.53;
84.5288;-27.2107;6.53;
87.6411;56.9189;6.53;
88.5451;-50.3626;6.53;
94.3944;46.424;6.53;
95.6289;-60.2187;6.53;
95.8043;-34.9968;6.53;
96.428;21.645;6.53;
98.4277;33.024;6.53;
100.2892;8.9847;6.53;
101.2607;-30.5864;6.53;
105.0807;-22.1191;6.53;
105.0872;67.3306;6.53;
105.8525;-52.4253;6.53;
113.3055;-43.0862;6.53;
114.4117;-14.4408;6.53;
115.7456;-17.0616;6.53;
116.2699;-37.8879;6.53;
116.2889;20.316;6.53;
117.3096;-40.7011;6.53;
117.8082;-47.2164;6.53;
122.3754;-51.8428;6.53;
123.0924;14.0041;6.53;
123.1913;-29.9108;6.53;
124.3269;4.2192;6.53;
129.3333;-40.1477;6.53;
135.8109;6.816;6.53;
137.5958;-23.1767;6.53;
140.6524;-39.7753;6.53;
141.1889;19.7866;6.53;
141.811;-9.2237;6.53;
142.829;-47.9525;6.53;
147.2872;-43.4828;6.53;
151.3031;-42.1723;6.53;
152.2819;63.9524;6.53;
153.5571;-39.1037;6.53;
154.5045;73.0735;6.53;
154.5438;27.4155;6.53;
162.9941;-55.1383;6.53;
163.6473;29.6301;6.53;
164.9212;11.7059;6.53;
173.9377;-72.8419;6.53;
183.9446;-23.3539;6.53;
188.3742;38.069;6.53;
208.9351;-31.285;6.53;
219.7482;-59.141;6.53;
230.7377;-26.6888;6.53;
231.92;62.2757;6.53;
235.5074;-64.1803;6.53;
236.8619;1.546;6.53;
236.883;59.5686;6.53;
239.2717;-16.0344;6.53;
242.9913;-54.3529;6.53;
250.1976;-72.2996;6.53;
251.7314;-68.102;6.53;
254.5646;-65.2045;6.53;
260.0528;-70.0454;6.53;
260.8444;57.0117;6.53;
264.8205;3.5552;6.53;
266.4738;38.8814;6.53;
272.3438;-36.6725;6.53;
278.6365;-24.2224;6.53;
281.3984;21.9847;6.53;
285.0794;40.684;6.53;
291.0939;28.0876;6.53;
297.2222;11.6851;6.53;
301.3597;-12.6652;6.53;
301.3835;-32.9998;6.53;
301.7977;50.2296;6.53;
308.8735;6.9471;6.53;
315.1361;-5.4774;6.53;
317.37;63.2957;6.53;
317.4336;-44.2098;6.53;
317.7657;36.2996;6.53;
320.4546;-29.1661;6.53;
320.6497;2.9185;6.53;
329.6139;14.0222;6.53;
343.9933;62.4323;6.53;
344.2145;11.8483;6.53;
347.6941;-29.5251;6.53;
349.1127;61.9629;6.53;
352.3205;-54.5014;6.53;
352.8755;28.6662;6.53;
353.8802;32.1979;6.53;
359.7052;32.3817;6.53;
4.4846;12.7715;6.54;
18.0972;-30.8021;6.54;
20.4664;50.122;6.54;
22.2629;7.2941;6.54;
27.8205;64.855;6.54;
30.46;15.0671;6.54;
39.3368;39.8961;6.54;
40.9815;-7.9125;6.54;
43.4426;9.3358;6.54;
51.7634;18.7566;6.54;
56.8332;-29.9017;6.54;
59.5131;34.814;6.54;
64.6027;9.4872;6.54;
72.8056;68.1688;6.54;
80.1632;46.9638;6.54;
83.4296;32.7489;6.54;
86.5582;-23.6444;6.54;
86.9506;-72.7023;6.54;λ Men
90.1012;16.299;6.54;
95.2171;11.7562;6.54;
96.3948;-2.9914;6.54;
96.944;20.7895;6.54;
102.4904;-45.4504;6.54;
105.4563;-11.3009;6.54;
107.2184;33.9339;6.54;
111.7094;21.5356;6.54;
112.0958;-37.8102;6.54;
113.2109;22.8876;6.54;
113.6659;80.8967;6.54;
115.4918;-38.5284;6.54;
117.4386;-20.2076;6.54;
120.6129;-44.667;6.54;
121.1355;-17.6655;6.54;
122.5853;69.7251;6.54;
123.114;-36.9892;6.54;
129.5216;9.5746;6.54;
131.0422;36.9183;6.54;
132.8659;-42.5045;6.54;
140.1227;52.451;6.54;
142.3879;-62.3609;6.54;
143.5815;46.9021;6.54;
143.7114;-12.1295;6.54;
144.1403;-24.7028;6.54;
145.6638;-72.1908;6.54;
150.7054;-30.5775;6.54;
152.1902;-10.8848;6.54;
153.7092;-41.7261;6.54;
155.8109;5.6943;6.54;
161.9163;-64.5472;6.54;
166.0121;-54.1978;6.54;
168.9737;-47.9209;6.54;
170.1302;-10.2945;6.54;
172.7927;48.7896;6.54;
173.5415;11.0239;6.54;
178.774;46.4768;6.54;
179.2343;-13.7546;6.54;
183.0032;-64.5104;6.54;
185.5771;-15.5554;6.54;
188.0367;-56.1295;6.54;
189.2189;70.1847;6.54;
207.6441;-19.8979;6.54;
211.574;-8.8916;6.54;
211.6233;16.9702;6.54;
212.5368;68.8634;6.54;
214.599;-33.2206;6.54;
223.5863;-28.3482;6.54;
238.2364;-65.1525;6.54;
244.716;-57.8998;6.54;
258.9615;-33.737;6.54;
275.0215;-7.9813;6.54;
276.0354;79.2227;6.54;
279.6317;-48.7208;6.54;
280.3376;-50.4727;6.54;
281.0214;38.5331;6.54;
281.7463;-50.0946;6.54;
282.3361;43.7344;6.54;
283.5914;10.8083;6.54;
287.4015;-36.1648;6.54;
288.0655;47.375;6.54;
288.5667;-8.7191;6.54;
288.9873;27.4559;6.54;
295.7019;22.8516;6.54;
295.7046;29.3318;6.54;
301.2441;23.2104;6.54;
302.8158;-43.6623;6.54;
308.4738;10.0597;6.54;
311.6129;-50.8055;6.54;
314.5649;30.3959;6.54;
316.6728;-20.1803;6.54;
317.9869;30.6191;6.54;
318.9213;-57.6314;6.54;
319.4689;-48.7183;6.54;
324.3713;4.6825;6.54;
327.5081;-47.7251;6.54;
327.6477;-8.9826;6.54;
329.6457;-44.0626;6.54;
332.3744;-7.5487;6.54;
332.6768;-75.8814;6.54;
335.4701;40.6664;6.54;
338.3942;40.819;6.54;
338.5276;-9.6085;6.54;
339.4489;-39.8571;6.54;
344.4503;73.1335;6.54;
347.4879;14.4266;6.54;
356.3408;10.1798;6.54;
5.4267;67.823;6.55;
5.8025;-31.0358;6.55;
10.3936;-25.1966;6.55;
11.1636;-65.6495;6.55;
14.5412;39.4754;6.55;
17.7114;67.7801;6.55;
18.1277;2.4716;6.55;
24.8397;-33.5648;6.55;
26.4272;8.5592;6.55;
26.6471;17.4127;6.55;
26.9118;-20.8452;6.55;
33.868;-9.4665;6.55;
38.4936;71.2943;6.55;
39.8822;-64.2817;6.55;
43.5951;51.1669;6.55;
44.0665;29.1641;6.55;
54.9395;-40.3522;6.55;
57.3296;-1.4533;6.55;
61.1541;55.0665;6.55;
66.2352;-34.7575;6.55;
68.8508;85.527;6.55;
72.8626;-51.7256;6.55;
73.3921;23.3157;6.55;
74.2898;59.1203;6.55;
79.2011;-17.1423;6.55;
81.3039;34.855;6.55;
81.3339;-12.5541;6.55;
81.3795;-0.5439;6.55;
83.3697;42.109;6.55;
86.9847;35.1593;6.55;
88.3452;-42.9213;6.55;
89.2693;49.0297;6.55;
92.196;8.6694;6.55;
96.9623;47.4049;6.55;
99.0004;4.498;6.55;
105.3209;32.4146;6.55;
112.5773;-40.9892;6.55;
112.6192;-50.609;6.55;
113.6925;2.7255;6.55;
117.2458;4.3337;6.55;
119.0718;80.2655;6.55;
128.831;19.5901;6.55;
131.3472;0.1978;6.55;
144.0216;-64.9502;6.55;
146.3114;23.4746;6.55;
149.1306;32.3847;6.55;
154.3234;41.4674;6.55;
156.6953;-4.3883;6.55;
159.3356;56.4313;6.55;
160.8247;-31.7597;6.55;
172.0086;11.9731;6.55;
177.2796;5.1834;6.55;
181.5461;-73.5568;6.55;
182.6133;-7.774;6.55;
188.3008;-52.0828;6.55;
194.2417;67.2429;6.55;
198.4899;1.4564;6.55;
198.7926;18.9189;6.55;
222.8957;-17.7904;6.55;
227.4637;-23.986;6.55;
233.7691;1.6692;6.55;
238.0548;-45.2844;6.55;
243.5497;-31.6637;6.55;
250.0539;-33.7436;6.55;
251.2499;6.0882;6.55;
266.7216;36.0875;6.55;
267.8084;40.0725;6.55;
268.0217;1.1112;6.55;
268.2324;-35.0189;6.55;
269.1581;18.6124;6.55;
269.3051;-55.3812;6.55;
278.346;30.8921;6.55;
282.2318;24.0559;6.55;
283.0777;14.5355;6.55;
283.8988;42.0603;6.55;
286.7876;0.641;6.55;
287.4848;35.661;6.55;
288.0408;-37.5831;6.55;
292.5722;33.7285;6.55;
293.8634;15.6106;6.55;
294.5061;35.259;6.55;
299.2046;-30.5702;6.55;
299.2404;-57.9256;6.55;
299.4221;-38.0589;6.55;
304.1102;-35.1985;6.55;
305.3835;22.8489;6.55;
306.7024;81.4341;6.55;
307.2529;-17.8754;6.55;
313.1246;18.0273;6.55;
313.5933;28.522;6.55;
313.7845;-1.373;6.55;
315.2847;-13.53;6.55;
315.6468;-9.9956;6.55;
320.8459;37.4065;6.55;
327.2268;-56.274;6.55;
328.9806;-46.928;6.55;
329.3508;66.1391;6.55;
333.6592;-15.8185;6.55;
335.0261;56.918;6.55;
335.1764;14.0323;6.55;
338.4715;61.7781;6.55;
341.3759;-88.8183;6.55;
341.5878;46.2151;6.55;
342.3839;10.4786;6.55;
359.6935;46.4132;6.55;
359.9194;-5.8931;6.55;
3.0126;-13.8132;6.56;
10.7198;16.6625;6.56;
14.4592;-1.766;6.56;
42.9703;44.8942;6.56;
43.5866;-64.4356;6.56;
53.8013;73.3469;6.56;
58.2849;-6.6337;6.56;
59.1317;-10.8531;6.56;
69.623;26.9393;6.56;
82.11;34.6975;6.56;
83.8795;-4.364;6.56;
84.0626;-5.6479;6.56;
86.7929;58.7855;6.56;
90.537;-5.137;6.56;
94.2435;7.0526;6.56;
95.7561;-3.277;6.56;
96.1624;35.255;6.56;
97.2182;0.128;6.56;
99.0093;56.3861;6.56;
99.7059;4.7006;6.56;
101.3586;-52.2009;6.56;
103.1959;-54.0903;6.56;
105.0984;-49.1351;6.56;
110.32;-8.8779;6.56;
112.9818;38.8961;6.56;
113.7392;3.2766;6.56;
115.7791;-49.993;6.56;
115.913;-25.5038;6.56;
116.6393;-40.0595;6.56;
120.4636;-44.5999;6.56;
122.0807;-23.6178;6.56;
123.4237;23.1377;6.56;
123.5214;-44.5758;6.56;
126.4515;1.5743;6.56;
128.3896;-16.1096;6.56;
131.2115;-44.5426;6.56;
134.207;-17.4334;6.56;
134.5762;18.3083;6.56;
155.3106;-13.7865;6.56;
156.6831;-47.6598;6.56;
162.775;-18.3322;6.56;
162.9723;-49.1576;6.56;
174.3919;-60.9032;6.56;
183.5644;-5.7166;6.56;
185.338;-62.2816;6.56;
189.0511;-52.4177;6.56;
201.5261;-16.8585;6.56;
202.8438;-42.4648;6.56;
203.7571;12.514;6.56;
207.2294;-35.7042;6.56;
210.0195;-8.1616;6.56;
211.3084;-16.336;6.56;
213.8208;52.5359;6.56;
222.7115;-53.3683;6.56;
225.2593;-64.5761;6.56;
233.2697;16.012;6.56;
234.6664;-8.7947;6.56;
245.1175;-12.911;6.56;
249.6356;48.8623;6.56;
258.6395;26.0519;6.56;
275.0071;-48.7652;6.56;
280.9646;10.9011;6.56;
284.4882;77.0508;6.56;
290.1091;-31.8176;6.56;
290.2263;22.1988;6.56;
299.353;-6.6979;6.56;
300.6509;-45.196;6.56;
300.8025;4.7303;6.56;
303.7956;55.6565;6.56;
305.1162;-29.1972;6.56;
306.9658;65.7558;6.56;
317.5417;-43.3827;6.56;
319.9401;-26.3529;6.56;
320.5886;77.0903;6.56;
322.1761;25.9213;6.56;
328.0019;55.792;6.56;
331.028;44.3451;6.56;
337.0146;44.1206;6.56;
337.4335;35.7256;6.56;
338.1643;13.0445;6.56;
341.682;-46.9394;6.56;
345.6391;31.7816;6.56;
345.6466;16.2324;6.56;
356.3722;20.4154;6.56;
357.9901;77.5994;6.56;
359.2318;55.8403;6.56;
5.2275;10.9769;6.57;
5.9716;60.9614;6.57;
7.7665;55.7026;6.57;
14.6906;-5.8828;6.57;
21.4799;-8.5044;6.57;
21.7421;-32.5432;6.57;
21.9977;-22.0369;6.57;
25.8395;59.6328;6.57;
30.533;28.4002;6.57;
32.2844;71.552;6.57;
33.579;-76.3575;6.57;
34.7686;57.1355;6.57;
35.5276;22.8736;6.57;
42.7176;-67.5224;6.57;
48.7814;73.8681;6.57;
56.9694;33.5999;6.57;
60.8911;-25.8479;6.57;
62.0546;43.1911;6.57;
64.2029;16.2144;6.57;
77.8993;-37.3953;6.57;
80.1595;71.7147;6.57;
83.8411;-4.4942;6.57;
84.4504;-34.6897;6.57;
85.4782;23.3262;6.57;
86.4563;40.5072;6.57;
88.6446;-4.0647;6.57;
91.7326;16.3667;6.57;
92.4548;2.8695;6.57;
95.1753;72.146;6.57;
95.9282;-16.4672;6.57;
96.8157;14.8892;6.57;
97.2349;26.9675;6.57;
97.5233;9.0297;6.57;
100.6978;-4.1409;6.57;
103.6657;15.8379;6.57;
106.0841;1.4885;6.57;
108.4468;-31.0836;6.57;
110.0956;-56.2946;6.57;
112.8223;-1.1259;6.57;
118.9942;-12.6082;6.57;
126.8886;-20.844;6.57;
128.2241;-47.6055;6.57;
133.0683;8.0629;6.57;
140.3139;15.3714;6.57;
140.9574;-35.2475;6.57;
142.5587;-24.2741;6.57;
142.6677;-28.7665;6.57;
154.1911;-20.6697;6.57;
155.1421;-31.8137;6.57;
157.9011;2.8448;6.57;
160.6562;3.5831;6.57;
166.2399;-59.8589;6.57;
169.8822;32.8251;6.57;
173.8072;-60.8946;6.57;
173.9309;10.9113;6.57;
180.4345;22.0943;6.57;
184.5399;-3.9488;6.57;
188.7765;18.3771;6.57;
198.3833;72.7991;6.57;
205.1569;-44.3302;6.57;
207.0749;-6.8374;6.57;
207.9658;10.1359;6.57;
210.0786;-46.1272;6.57;
211.6735;-14.2049;6.57;
212.0661;24.3151;6.57;
214.0764;-33.2413;6.57;
216.797;-66.568;6.57;
221.4657;13.1014;6.57;
230.3754;-38.2187;6.57;
231.2966;-47.2174;6.57;
232.2966;80.4486;6.57;π1 UMi
232.731;8.5791;6.57;
233.0745;-10.4388;6.57;
239.9701;-31.1685;6.57;
242.5163;26.7427;6.57;Kamui
244.0697;23.1227;6.57;
245.0759;36.9756;6.57;
250.6624;-61.785;6.57;
253.6676;-11.7925;6.57;
255.1225;6.5837;6.57;
255.2901;27.1965;6.57;
257.9161;45.3244;6.57;
258.9954;27.1341;6.57;
261.9784;-47.0262;6.57;
267.5307;-64.3051;6.57;
268.6181;3.7321;6.57;
278.5815;20.4664;6.57;
279.3026;11.4215;6.57;
281.328;-35.8568;6.57;
284.0001;-80.7279;6.57;
286.2192;19.1443;6.57;
287.1842;-18.9528;6.57;
289.3332;39.1211;6.57;
289.9059;-51.5726;6.57;
290.1128;-1.3098;6.57;
292.0578;29.4503;6.57;
296.0075;9.5176;6.57;
302.5325;8.4434;6.57;
303.6651;36.7521;6.57;
304.3549;39.5935;6.57;
304.6123;-72.9793;6.57;
307.5833;49.7802;6.57;
308.0564;65.3992;6.57;
311.1519;47.2969;6.57;
314.0761;-3.5617;6.57;
314.578;23.0463;6.57;
317.1984;-76.2125;6.57;
321.231;49.3231;6.57;
322.4982;-19.1478;6.57;
326.4853;25.5834;6.57;
328.4001;-10.3116;6.57;
332.0782;24.1568;6.57;
345.2281;38.7078;6.57;
346.7416;-30.0481;6.57;
348.8479;-56.6919;6.57;
348.9912;24.7709;6.57;
350.8419;-55.5534;6.57;
352.9652;-41.7524;6.57;
352.9833;-25.7441;6.57;
354.0402;-26.8763;6.57;
358.2538;17.8998;6.57;
359.1158;83.1911;6.57;
3.0057;23.4717;6.58;
6.6644;56.6412;6.58;
8.7901;36.8322;6.58;
19.0502;-42.0097;6.58;
24.3426;74.301;6.58;
40.1671;-69.233;6.58;
42.6085;31.9729;6.58;
42.8997;-63.5407;6.58;
43.8678;73.3711;6.58;
44.2019;-35.3778;6.58;
50.8867;58.722;6.58;
55.3433;-19.5844;6.58;
56.8322;-50.754;6.58;
62.1412;-45.8648;6.58;
68.4087;16.3233;6.58;
70.0459;40.789;6.58;
82.2546;42.2705;6.58;
83.4899;1.4076;6.58;
86.9047;54.4947;6.58;
90.2126;-42.8705;6.58;
90.5713;1.6941;6.58;
91.744;-6.2027;6.58;
93.3886;18.6803;6.58;
94.7268;23.6033;6.58;
97.6384;-12.081;6.58;
97.8729;-21.4055;6.58;
100.1307;61.9225;6.58;
102.8892;-6.9665;6.58;
103.0752;-5.1737;6.58;
104.5355;-10.3157;6.58;
105.4467;-35.5479;6.58;
105.528;-3.7548;6.58;
111.0391;-58.4919;6.58;
111.788;11.955;6.58;
112.2972;12.76;6.58;
112.3284;6.5821;6.58;
115.9496;-40.3093;6.58;
124.242;59.1894;6.58;
126.5044;-10.5166;6.58;
128.6208;-51.0931;6.58;
129.5068;-11.7437;6.58;
130.8251;-38.8824;6.58;
131.6666;28.7651;6.58;ι Cnc
135.9375;-17.4966;6.58;
141.5159;-1.2349;6.58;
145.8775;-20.3658;6.58;
151.7493;-71.478;6.58;
159.0725;-10.5834;6.58;
166.7848;-32.587;6.58;
170.6739;40.1755;6.58;
179.4388;-8.5487;6.58;
180.0212;-78.1929;6.58;
185.4443;-49.949;6.58;
190.527;-54.7609;6.58;
195.1397;-33.0513;6.58;
205.4398;-33.5974;6.58;
206.575;-62.4516;6.58;
214.989;-73.9684;6.58;
223.2776;-38.257;6.58;
228.4621;-1.3514;6.58;
229.1188;-44.5037;6.58;
237.6452;-26.2896;6.58;
240.1952;-72.4629;6.58;
244.598;-73.0434;6.58;
251.0725;-27.4562;6.58;
251.4739;-83.2399;6.58;
254.0401;15.3837;6.58;
255.1348;-45.4518;6.58;
257.6906;12.467;6.58;
258.9968;-87.5663;6.58;
264.7065;32.7394;6.58;
266.0999;-22.1949;6.58;
267.5625;25.291;6.58;
273.8611;-48.8516;6.58;
278.0474;52.1155;6.58;
281.3801;19.9699;6.58;
283.0349;-21.9215;6.58;
283.6352;-49.8791;6.58;
287.2177;-2.2872;6.58;
289.1365;-33.5223;6.58;
291.0527;-62.9982;6.58;
293.1188;-30.8695;6.58;
298.7771;30.1949;6.58;
300.2333;-74.0126;6.58;
303.419;24.239;6.58;
307.3381;20.0877;6.58;
314.9803;40.2588;6.58;
316.8411;-0.7651;6.58;
317.2392;-5.5819;6.58;
323.0711;48.4438;6.58;
327.5103;52.6973;6.58;
329.8452;57.6585;6.58;
339.7316;-38.4773;6.58;
351.5513;-27.4246;6.58;
354.4937;46.1994;6.58;
0.8055;17.5523;6.59;
4.0528;-79.8512;6.59;
7.4542;-32.116;6.59;
18.1987;-6.7834;6.59;
19.1219;42.9394;6.59;
20.962;17.8183;6.59;
21.7231;3.5356;6.59;
21.9454;40.3358;6.59;
22.1812;-33.764;6.59;
25.9506;74.6045;6.59;
27.9466;18.29;6.59;
35.0535;64.3369;6.59;
38.0474;-32.6063;6.59;
43.3259;-22.0908;6.59;
43.8734;-25.3047;6.59;
57.8798;-21.2811;6.59;
61.8552;-42.9168;6.59;
62.8819;-0.4225;6.59;
64.3013;50.8658;6.59;
67.2491;16.1591;6.59;
72.2698;-56.6666;6.59;
76.1538;32.3203;6.59;
77.374;-2.135;6.59;
84.6828;41.8392;6.59;
87.7142;14.0481;6.59;
88.6344;11.7632;6.59;
89.4056;45.9013;6.59;
93.1342;-61.474;6.59;
93.5021;33.2443;6.59;
94.0166;59.215;6.59;
94.3888;14.0587;6.59;
97.2507;11.0192;6.59;
97.9819;-18.0623;6.59;
98.5903;-3.0741;6.59;
99.9872;-38.159;6.59;
102.947;86.6843;6.59;
105.4803;5.5572;6.59;
108.1007;-27.4748;6.59;
110.2212;-22.8504;6.59;
114.4367;-35.2772;6.59;
117.7762;-18.2473;6.59;
120.1518;12.6418;6.59;
120.6563;-36.4012;6.59;
129.9613;19.5408;6.59;
129.9731;-17.303;6.59;
133.6594;-11.3774;6.59;
134.5342;1.5416;6.59;
137.8863;-57.9684;6.59;
144.7948;43.1442;6.59;
145.4679;-30.3034;6.59;
149.1093;54.2438;6.59;
149.3134;-64.4894;6.59;
153.7533;-44.4678;6.59;
162.6524;23.4063;6.59;
172.5861;-25.7986;6.59;
173.0522;36.2473;6.59;
176.7825;61.4019;6.59;
178.076;-51.3148;6.59;
181.0014;-10.2961;6.59;
182.8692;-44.2829;6.59;
202.4462;1.0953;6.59;
205.0023;-70.7878;6.59;
207.0213;42.0475;6.59;
207.5058;78.9957;6.59;
208.5891;-17.1801;6.59;
213.4561;11.9977;6.59;
218.5332;-42.0993;6.59;
219.2326;42.8312;6.59;
220.6768;14.7086;6.59;
222.3122;-59.4074;6.59;
224.9377;-43.8113;6.59;
225.6249;-7.8404;6.59;
225.7773;44.6445;6.59;
225.9021;34.5658;6.59;
226.7786;2.3626;6.59;
229.5844;26.8404;6.59;
229.871;-71.7921;6.59;
234.636;-39.1607;6.59;
242.5663;-26.9091;6.59;
243.676;7.8582;6.59;
248.3997;-53.2002;6.59;
248.4243;38.0911;6.59;
252.3137;29.9647;6.59;
254.4593;-39.1157;6.59;
256.116;-28.5827;6.59;
257.2932;-68.8467;6.59;
258.2893;-37.9524;6.59;
259.5025;-24.2841;6.59;ο Oph
259.5297;-24.073;6.59;
263.6135;16.5044;6.59;
269.067;-32.475;6.59;
270.6444;30.5555;6.59;
273.2917;-4.0116;6.59;
277.9722;-19.1251;6.59;
282.3215;-34.7492;6.59;
287.0082;24.726;6.59;
288.3892;-62.9226;6.59;
290.3558;57.7668;6.59;
295.0887;-5.4475;6.59;
298.9192;40.1729;6.59;
305.3145;15.1043;6.59;
309.0662;16.8147;6.59;
316.0588;-50.4354;6.59;
328.593;-85.0336;6.59;
333.1245;-40.2032;6.59;
333.2958;86.2214;6.59;
333.2979;25.9406;6.59;
336.7466;56.4336;6.59;
337.5349;31.2158;6.59;
347.3853;29.6696;6.59;
349.4858;-13.7952;6.59;
349.6919;-47.4354;6.59;
350.4927;26.6089;6.59;
354.7046;62.135;6.59;
357.4364;-62.8395;6.59;
358.7053;74.4101;6.59;
0.4287;24.2531;6.6;
4.9845;16.2509;6.6;
7.6221;-39.5185;6.6;
17.7941;46.1839;6.6;
20.3526;-50.9369;6.6;
22.1015;17.0793;6.6;
23.1988;35.8427;6.6;
23.2647;-9.0147;6.6;
24.9001;45.8778;6.6;
28.5923;8.781;6.6;
40.0873;49.5603;6.6;
43.8815;2.0183;6.6;
45.3711;32.4127;6.6;
50.029;69.7313;6.6;
53.3374;47.9501;6.6;
57.6748;1.5639;6.6;
60.182;-71.1668;6.6;
61.6538;-18.0508;6.6;
65.395;14.4098;6.6;
68.3818;-6.9881;6.6;
76.3637;46.9164;6.6;
76.4726;26.4299;6.6;
80.1539;-43.534;6.6;
82.3222;-62.3143;6.6;
89.0143;13.9249;6.6;
91.1945;-48.4583;6.6;
91.6598;-16.5184;6.6;
92.9296;-18.1861;6.6;
93.2475;10.2874;6.6;
93.8486;-11.9044;6.6;
96.4641;0.8127;6.6;
96.6634;13.1012;6.6;
106.8659;-52.2046;6.6;
108.349;13.763;6.6;
110.3943;-5.8972;6.6;
112.7446;-10.1075;6.6;
113.3408;-68.7685;6.6;
115.2192;-31.6612;6.6;
118.6063;-28.1053;6.6;
122.3773;-59.5416;6.6;
124.2259;-21.3207;6.6;
126.9737;-26.133;6.6;
130.0556;6.5656;6.6;
131.6898;-18.7578;6.6;
131.7724;-45.0747;6.6;
131.7804;28.1618;6.6;
142.3438;-43.1903;6.6;
146.5374;-45.918;6.6;
151.0299;-81.5655;6.6;μ2 Cha
151.3606;-34.8827;6.6;
152.312;6.1709;6.6;
152.8423;49.4542;6.6;
154.0669;17.7403;6.6;
168.2814;67.3229;6.6;
169.7496;14.2686;6.6;
179.3108;40.3437;6.6;
184.9803;-26.7369;6.6;
188.8744;-61.7408;6.6;
205.3786;-23.4498;6.6;
205.5269;65.2731;6.6;
206.6525;-62.9096;6.6;
207.434;8.4086;6.6;
217.2006;-5.2187;6.6;
218.3981;65.3954;6.6;
224.258;-51.4473;6.6;
225.6278;31.6839;6.6;
225.687;-3.0314;6.6;
230.1521;-5.1197;6.6;
251.3757;-19.1369;6.6;
254.0268;50.0389;6.6;
256.1813;-25.6454;6.6;
264.9498;49.7799;6.6;
267.2595;54.1944;6.6;
268.13;16.9005;6.6;
277.7344;-48.0148;6.6;
277.8121;65.436;6.6;
279.2253;3.7899;6.6;
280.5937;-47.761;6.6;
283.327;40.9952;6.6;
289.7656;33.3888;6.6;
290.6704;37.5812;6.6;
291.4449;58.0273;6.6;
292.5621;-32.0914;6.6;
292.7832;58.586;6.6;
294.1351;43.7061;6.6;
294.9814;-39.4329;6.6;
304.6818;-61.9067;6.6;
304.9513;37.1325;6.6;
312.3003;35.5636;6.6;
317.4943;45.5026;6.6;
318.8635;42.0264;6.6;
319.6846;-61.3528;6.6;
327.8905;0.7705;6.6;
337.9385;-35.2904;6.6;
338.967;39.6281;6.6;
343.5754;17.795;6.6;
344.2786;-3.2452;6.6;
345.1767;31.083;6.6;
351.5873;61.0868;6.6;
358.9404;-13.1526;6.6;
0.005;38.8593;6.61;
1.2291;58.5322;6.61;
11.1475;-78.0822;6.61;
13.9707;-53.1925;6.61;
15.3924;-38.2148;6.61;
16.6107;-35.6607;6.61;
19.1021;48.0822;6.61;
30.3891;23.3954;6.61;
37.8626;58.0248;6.61;
43.3516;31.6447;6.61;
43.5829;-55.8792;6.61;
44.5782;32.4609;6.61;
48.8823;-8.7701;6.61;
49.3225;-23.5203;6.61;
52.8365;27.5718;6.61;
55.1168;5.1259;6.61;
57.5145;37.8739;6.61;
62.6765;18.4233;6.61;
63.2002;-23.8212;6.61;
69.5315;-58.2038;6.61;
73.4825;1.5694;6.61;
87.7546;65.7541;6.61;
88.6235;-8.4126;6.61;
90.0252;27.2722;6.61;
90.313;65.5254;6.61;
93.6748;-73.6265;6.61;
93.9223;18.2975;6.61;
94.9174;16.0132;6.61;
94.9498;-39.4865;6.61;
95.0256;-48.7411;6.61;
95.9486;-19.7854;6.61;
96.9526;-62.1499;6.61;
98.2667;78.9795;6.61;
98.7237;16.2058;6.61;
99.0631;58.1068;6.61;
101.0217;62.963;6.61;
101.1265;82.1153;6.61;
105.4872;63.6769;6.61;
106.75;-26.6568;6.61;
110.9768;-30.217;6.61;
112.9279;-35.8878;6.61;
114.6001;-39.992;6.61;
117.0142;5.4098;6.61;
118.1182;-13.8628;6.61;
120.6706;-49.9505;6.61;
122.8402;38.7313;6.61;
124.6203;54.5638;6.61;
126.2887;-55.4728;6.61;
126.822;-6.4097;6.61;
127.2169;-42.5875;6.61;
130.0477;19.9711;6.61;
136.7134;38.2784;6.61;
136.8278;-57.4637;6.61;
138.3799;-49.0945;6.61;
138.5894;-32.5569;6.61;
139.7451;17.7054;6.61;
139.814;26.2518;6.61;
144.4579;24.6703;6.61;
147.3686;36.7474;6.61;
155.8231;-13.3772;6.61;
156.1053;2.3933;6.61;
156.7052;-73.168;6.61;
157.2566;29.7275;6.61;
159.7272;16.1274;6.61;
162.322;-4.0239;6.61;
169.6823;-58.1864;6.61;
169.8443;-1.6549;6.61;
173.883;11.1886;6.61;
175.904;-80.4835;6.61;
180.7779;-48.1949;6.61;
182.7621;-45.4229;6.61;
183.9816;-54.0568;6.61;
186.0891;-47.3729;6.61;
186.2163;-72.6039;6.61;
187.2522;-83.8027;6.61;
188.9698;-12.0691;6.61;
189.2817;8.7969;6.61;
190.9487;-12.0142;6.61;
192.5584;-62.6413;6.61;
199.3416;-11.4835;6.61;
202.3169;-45.5378;6.61;
208.6321;-22.245;6.61;
212.7603;-48.7824;6.61;
217.1331;-10.0043;6.61;
220.0803;-45.7938;6.61;
221.5976;56.6164;6.61;
224.5559;-11.1548;6.61;
240.1772;31.5682;6.61;
241.8547;-48.4224;6.61;
242.5512;1.6011;6.61;
242.6013;43.8176;6.61;
244.2449;-21.3041;6.61;
247.9358;-64.4734;6.61;
253.5821;-41.8199;6.61;
259.6246;25.808;6.61;
263.1717;74.2274;6.61;
263.9273;-6.1203;6.61;
266.9669;34.2779;6.61;
267.8573;-53.8388;6.61;
271.9515;13.0711;6.61;
272.0302;2.2187;6.61;
275.1055;28.9835;6.61;
276.3133;-13.9784;6.61;
281.5161;-27.499;6.61;
283.3689;42.9026;6.61;
285.927;21.2683;6.61;
288.7092;31.8603;6.61;
289.0934;-75.8001;6.61;
293.2824;5.0294;6.61;
293.4018;38.762;6.61;
294.6807;-10.1567;6.61;
300.4814;31.1176;6.61;
302.6404;48.2312;6.61;
304.7111;26.9912;6.61;
306.9343;-30.8678;6.61;
308.218;43.1916;6.61;
309.5706;48.0701;6.61;
309.8464;45.6669;6.61;
310.0522;-2.6551;6.61;
314.0533;51.075;6.61;
314.9784;-13.0516;6.61;
316.887;-0.1639;6.61;
319.5677;-75.3468;6.61;
319.6647;24.6595;6.61;
322.0581;-11.5683;6.61;
326.1059;46.8628;6.61;
328.3326;53.9972;6.61;
328.5918;12.7511;6.61;
335.2664;-62.5483;6.61;
336.7953;61.9122;6.61;
338.9571;20.2743;6.61;
351.0863;86.4178;6.61;
353.2353;46.1237;6.61;
355.2791;-24.1605;6.61;
358.8859;52.7356;6.61;
0.4235;-40.1487;6.62;
1.5022;28.2769;6.62;
11.26;62.5286;6.62;
22.8745;-29.985;6.62;
29.4709;75.3361;6.62;
29.753;-22.9198;6.62;
44.9016;-7.18;6.62;
45.6084;26.6092;6.62;
48.796;-64.4439;6.62;
52.9748;48.7351;6.62;
57.3406;24.381;6.62;
60.9141;-47.8619;6.62;
63.0386;0.7356;6.62;
68.4443;13.2519;6.62;
69.1581;36.9528;6.62;
70.935;-52.2633;6.62;
76.1582;27.696;6.62;
77.8648;30.8053;6.62;
80.2218;9.7247;6.62;
80.4625;-13.7557;6.62;
81.7465;-2.3606;6.62;
83.3147;32.2893;6.62;
84.4673;71.6544;6.62;
85.8451;29.2002;6.62;
86.992;-40.653;6.62;
88.5497;-64.4822;6.62;
89.0602;51.804;6.62;
89.9073;-1.4441;6.62;
93.1858;-2.5048;6.62;
93.7751;-71.7028;6.62;
94.7244;35.2079;6.62;
101.5134;-39.5403;6.62;
102.5695;-17.292;6.62;
104.9231;-33.4757;6.62;
105.0407;-31.1417;6.62;
106.0712;37.564;6.62;
107.4674;-16.2347;6.62;
111.6695;-23.7126;6.62;
113.8899;-26.6287;6.62;
117.0628;-54.7143;6.62;
120.0814;-45.457;6.62;
121.2638;-33.5913;6.62;
123.6235;-40.8259;6.62;
127.6934;-41.515;6.62;
128.1567;-14.418;6.62;
129.4835;-74.5739;6.62;
139.8912;-11.315;6.62;
139.9632;5.216;6.62;
142.638;-45.5706;6.62;
149.4153;-16.5221;6.62;
150.8481;-33.2383;6.62;
151.4386;-30.8917;6.62;
156.3488;-29.1938;6.62;
157.5934;-57.0774;6.62;
160.7893;-61.1685;6.62;
168.3321;33.4437;6.62;
174.3111;-69.6742;6.62;
177.8047;-43.9331;6.62;
178.3201;-36.5774;6.62;
179.0716;35.4482;6.62;
181.396;-5.8459;6.62;
194.1107;-0.9546;6.62;
194.7406;-21.5468;6.62;
195.9767;-3.6631;6.62;
199.713;3.6876;6.62;
201.8271;-74.6918;6.62;ι2 Mus
202.9906;-65.3218;6.62;
213.3659;51.7879;6.62;κ1 Boo
214.3443;-9.0228;6.62;
214.3563;-55.7652;6.62;
221.7723;0.9709;6.62;
224.4374;18.9869;6.62;
228.0169;22.3134;6.62;
229.9687;62.4743;6.62;
236.0171;-31.6033;6.62;
249.4989;-46.1546;6.62;
252.9587;28.6664;6.62;
253.8856;-21.5695;6.62;
259.2923;13.1342;6.62;
265.6466;-4.8498;6.62;
266.2073;35.2177;6.62;
274.2702;1.0057;6.62;
283.8767;14.385;6.62;
284.5854;-24.8769;6.62;
289.4165;-15.9671;6.62;
290.9038;-53.9461;6.62;
293.3628;33.2019;6.62;
294.0526;6.0074;6.62;
299.0441;-38.3265;6.62;
299.2517;20.9983;6.62;
300.8725;36.0251;6.62;
300.926;21.4965;6.62;
305.0604;-34.5853;6.62;
308.0213;-5.2424;6.62;
309.4329;-41.2276;6.62;
314.3046;35.3117;6.62;
314.9619;16.8243;6.62;
315.679;3.3503;6.62;
318.9984;-13.2027;6.62;
319.6089;-20.3355;6.62;
328.0885;-3.1747;6.62;
332.8632;-43.8425;6.62;
333.7024;22.5234;6.62;
334.5851;76.488;6.62;
335.4384;66.7063;6.62;
337.5779;57.2254;6.62;
341.5196;-55.0636;6.62;
350.0867;60.2748;6.62;
350.7028;20.5589;6.62;
351.0686;3.7155;6.62;
358.5168;39.2825;6.62;
3.2002;46.0954;6.63;
3.303;62.0409;6.63;
3.5867;-62.772;6.63;
3.6686;-14.8052;6.63;
10.7114;-9.9217;6.63;
16.7297;70.9314;6.63;
25.4217;-50.0386;6.63;
31.9415;18.0294;6.63;
34.9053;39.8349;6.63;
41.983;-12.4606;6.63;
42.6775;19.1605;6.63;
44.2931;0.4478;6.63;
44.4939;64.4191;6.63;
47.6636;-57.8098;6.63;
59.5112;72.7246;6.63;
60.617;-78.6331;6.63;
67.4664;69.3783;6.63;
68.4104;-8.2557;6.63;
77.4175;62.4797;6.63;
78.6643;31.4019;6.63;
80.3222;54.2525;6.63;
86.6166;-53.2193;6.63;
87.4759;-30.6212;6.63;
88.7299;14.2198;6.63;
89.7204;25.777;6.63;
92.2802;7.5135;6.63;
93.9459;4.2836;6.63;
94.0878;1.0803;6.63;
96.3858;23.4421;6.63;
97.5096;7.9211;6.63;
112.1431;-10.0438;6.63;
120.8737;-49.4986;6.63;
123.8551;-52.0603;6.63;
125.2519;-52.228;6.63;
128.6384;5.5039;6.63;
129.3421;28.2944;6.63;
136.2775;-29.0182;6.63;
141.91;-35.0074;6.63;
144.5053;14.3473;6.63;
146.9021;-33.2437;6.63;
147.1785;-26.4144;6.63;
149.0251;52.269;6.63;
151.9401;-7.6308;6.63;
152.0755;-58.1986;6.63;
153.4327;50.4965;6.63;
155.5591;8.9644;6.63;
161.1171;-23.9854;6.63;
163.0422;50.2655;6.63;
165.5735;58.6664;6.63;
168.1852;54.8943;6.63;
168.6572;-1.2708;6.63;
181.6577;-37.8601;6.63;
182.5241;-17.5374;6.63;
184.6919;-88.4149;6.63;
187.1857;25.8993;6.63;
192.4403;-15.8831;6.63;
194.108;65.9944;6.63;
197.8767;-35.1299;6.63;
199.436;-47.5899;6.63;
200.629;-6.2022;6.63;
210.0976;39.0299;6.63;
216.3745;-19.97;6.63;
220.5546;-32.7703;6.63;
223.4159;6.2418;6.63;
227.0808;65.7887;6.63;
235.0456;-56.9146;6.63;
238.2138;-50.6158;6.63;
244.8216;-35.4909;6.63;
245.1024;52.039;6.63;
248.8077;-35.7246;6.63;
254.9346;-18.2483;6.63;
264.8799;3.3926;6.63;
275.9998;43.9077;6.63;
277.32;-38.8513;6.63;
277.3416;-25.2566;6.63;
284.0599;-18.7095;6.63;
284.7208;-48.5059;6.63;
286.5448;-9.6322;6.63;
288.8429;-6.0498;6.63;
293.749;-81.7529;6.63;
296.2262;-10.5729;6.63;
305.0414;11.4694;6.63;
305.1089;-6.3617;6.63;
308.246;49.8412;6.63;
308.8251;41.8902;6.63;
312.6544;18.0513;6.63;
313.2232;24.9146;6.63;
320.6951;38.6343;6.63;
322.6682;-14.2912;6.63;
328.8926;-70.0683;6.63;
330.6374;-32.1337;6.63;
334.447;26.9365;6.63;
341.5335;-48.9788;6.63;
346.136;63.2407;6.63;
350.0484;23.0912;6.63;
354.6821;-62.8855;6.63;
355.7736;53.1526;6.63;
355.7747;-46.3121;6.63;
359.3313;61.0262;6.63;
3.7323;-3.0274;6.64;
9.5189;-0.5035;6.64;
12.479;-0.2241;6.64;
16.6154;-39.8563;6.64;
30.5388;75.5022;6.64;
31.7606;-8.6064;6.64;
35.0374;50.9581;6.64;
35.8341;52.0831;6.64;
38.9327;68.3678;6.64;
45.223;52.352;6.64;
45.4716;38.8782;6.64;
46.0402;61.7058;6.64;
47.1074;57.0129;6.64;
49.0471;-30.8275;6.64;
52.7666;-0.4812;6.64;
61.165;17.5176;6.64;
61.4002;34.2392;6.64;
65.8202;11.3779;6.64;
69.1697;15.8693;6.64;
69.5627;60.8842;6.64;
70.4251;-12.4758;6.64;
73.4156;61.4817;6.64;
75.5041;-5.501;6.64;
77.2683;49.1219;6.64;
82.4589;-47.0763;6.64;
88.2049;-34.5606;6.64;
88.9858;41.3233;6.64;
92.2783;-8.3016;6.64;
97.8816;37.178;6.64;
97.9141;11.7923;6.64;
101.1942;44.5055;6.64;
102.9217;-2.4027;6.64;
104.2572;-19.439;6.64;
104.3115;-22.2029;6.64;
105.4227;4.8181;6.64;
105.4384;69.6464;6.64;
105.458;-10.8824;6.64;
106.4469;31.3933;6.64;
107.4074;60.7921;6.64;
108.1931;-57.4907;6.64;
109.3241;6.681;6.64;
113.3526;15.6391;6.64;
113.6202;-26.1169;6.64;
114.0146;-57.2959;6.64;
115.0807;-78.3874;6.64;
116.0521;-50.4567;6.64;
118.3068;-34.9385;6.64;
120.7321;-48.325;6.64;
122.2777;-30.3229;6.64;
122.9723;-35.773;6.64;
123.6776;-73.8072;6.64;
125.9557;-28.9703;6.64;
130.2568;-9.052;6.64;
134.8513;45.7384;6.64;
142.8224;27.3872;6.64;
144.6748;75.2054;6.64;
145.5973;-0.2794;6.64;
147.5578;39.6317;6.64;
148.6412;-58.4213;6.64;
152.7857;20.6961;6.64;
153.7811;-55.5493;6.64;
155.2014;-47.5659;6.64;
156.3774;36.2046;6.64;
156.801;11.3171;6.64;
157.7054;-86.0907;6.64;
161.421;-47.4598;6.64;
165.9759;-19.65;6.64;
170.5649;-58.386;6.64;
180.6205;43.0841;6.64;
181.2858;-61.1796;6.64;
184.9609;28.4644;6.64;
190.3072;-27.9082;6.64;
190.5739;33.6886;6.64;
191.1457;-57.2869;6.64;
191.348;-48.1705;6.64;
196.2585;-64.4416;6.64;
200.7729;47.002;6.64;
201.7692;64.7355;6.64;
202.2288;-62.1023;6.64;
203.2883;5.8531;6.64;
204.5375;-50.3499;6.64;
204.8079;10.5097;6.64;
208.9338;-41.9949;6.64;
212.7161;-32.0757;6.64;
216.8645;41.0249;6.64;
221.057;-8.2519;6.64;
222.359;10.0442;6.64;
224.5219;-17.3642;6.64;
225.1123;71.7655;6.64;
229.5623;45.6198;6.64;
235.7864;-13.0563;6.64;
239.9221;-7.3021;6.64;
241.8948;-36.7197;6.64;
242.5412;-24.5824;6.64;
250.1577;-35.6872;6.64;
252.29;12.9091;6.64;
254.1006;80.8596;6.64;
254.7732;-48.8751;6.64;
258.5594;-26.9844;6.64;
259.8526;-44.223;6.64;
260.9901;-65.7021;6.64;
261.4204;16.384;6.64;
262.1833;-82.7796;6.64;
265.3473;67.152;6.64;
265.6531;29.4189;6.64;
265.8878;-57.0222;6.64;
266.6037;1.0443;6.64;
270.0481;-24.2843;6.64;
278.5822;29.7418;6.64;
279.5792;-1.113;6.64;
280.4205;40.7178;6.64;
282.4337;31.6295;6.64;
283.1737;-30.7341;6.64;
284.0158;17.9953;6.64;
285.6423;-10.7218;6.64;
287.1476;14.4352;6.64;
287.5344;-71.5485;6.64;
291.6275;20.259;6.64;
293.683;43.9459;6.64;
293.7338;33.7955;6.64;
295.1649;23.718;6.64;
297.0644;59.4229;6.64;
299.9131;31.8265;6.64;
305.6718;-78.9609;6.64;
306.5639;2.9572;6.64;
309.3028;52.9731;6.64;
312.7333;34.754;6.64;
314.9637;44.9965;6.64;
315.2215;-36.054;6.64;
315.553;-43.0022;6.64;
316.4522;15.3272;6.64;
324.927;-42.4456;6.64;
328.1956;73.7023;6.64;
332.2884;2.734;6.64;
332.6324;-10.8204;6.64;
332.7701;48.6774;6.64;
336.1634;-41.4403;6.64;
340.266;36.2635;6.64;
343.137;3.5522;6.64;
344.3571;43.0128;6.64;
345.7366;-47.8483;6.64;
350.066;-3.9191;6.64;
353.0528;-11.5446;6.64;
358.4162;-65.9471;6.64;
1.5177;40.4185;6.65;
17.3956;57.35;6.65;
17.4131;23.7942;6.65;
20.0125;-9.8838;6.65;
22.0516;44.0492;6.65;
23.7043;20.1727;6.65;
29.5772;59.626;6.65;
32.8846;-18.9768;6.65;
34.8081;57.1692;6.65;
39.7872;-9.8312;6.65;
44.7057;43.3645;6.65;
47.5138;-63.9136;6.65;
56.2613;2.6213;6.65;
60.7941;8.8826;6.65;
61.7422;-21.9941;6.65;
68.7725;57.4204;6.65;
74.2062;55.8241;6.65;
75.1414;3.6157;6.65;
80.0762;19.5782;6.65;
89.229;-44.009;6.65;
90.0047;-8.1075;6.65;
92.633;-34.8168;6.65;
94.4722;-4.3827;6.65;
99.4686;23.6045;6.65;
101.3606;9.7657;6.65;
103.5544;-23.9283;6.65;
107.0143;-11.9233;6.65;
107.2058;-24.0438;6.65;
107.4914;7.7246;6.65;
119.6264;2.9359;6.65;
122.5478;35.455;6.65;
123.9702;-46.3123;6.65;
126.3761;-58.1332;6.65;
129.8122;-12.7375;6.65;
129.9277;19.7785;6.65;
134.6141;35.8026;6.65;
135.3805;-4.456;6.65;
136.7282;-18.2016;6.65;
148.596;-46.6369;6.65;
158.7754;2.2045;6.65;
159.1774;-27.6564;6.65;
168.2713;-47.0552;6.65;
169.3623;60.2718;6.65;
174.9937;-38.1084;6.65;
175.5216;22.2111;6.65;
179.8971;-46.6331;6.65;
182.3709;-11.8542;6.65;
191.5228;-54.6122;6.65;
195.1069;31.7792;6.65;
195.4428;-39.6161;6.65;
203.3726;-43.4228;6.65;
207.4683;13.1919;6.65;
208.1361;16.729;6.65;
209.3388;-62.4889;6.65;
211.0895;-9.2577;6.65;
216.9387;-13.3593;6.65;
219.4787;-48.0236;6.65;
220.0735;-40.8417;6.65;
225.8944;-35.9428;6.65;
226.4489;-25.7895;6.65;
228.3115;-11.0071;6.65;
229.4711;33.5943;6.65;
230.5469;-37.6356;6.65;
234.6057;-19.9132;6.65;
237.2358;-60.3676;6.65;
241.7482;47.505;6.65;
242.144;-39.0929;6.65;
242.8283;-45.3334;6.65;
253.245;-0.0264;6.65;
258.2264;0.352;6.65;
260.9009;-16.0383;6.65;
265.8966;-32.6628;6.65;
267.3223;-30.5974;6.65;
269.4205;-39.1018;6.65;
272.8965;48.2895;6.65;
275.2557;-43.7748;6.65;
275.3728;51.3011;6.65;
276.0456;42.4669;6.65;
279.6013;60.7111;6.65;
279.8245;-34.1663;6.65;
283.6213;-45.4863;6.65;
284.1335;-48.9923;6.65;
287.1675;16.8513;6.65;
287.2417;11.2935;6.65;
290.7843;14.921;6.65;
291.6732;-46.5789;6.65;
297.9425;-37.3363;6.65;
304.1133;27.7761;6.65;
304.2043;56.0403;6.65;
306.5161;40.4017;6.65;
307.1279;48.9189;6.65;
307.7197;49.2132;6.65;
312.403;51.3143;6.65;
314.7318;44.0604;6.65;
317.3167;-0.2349;6.65;
322.2201;11.0848;6.65;
328.8647;-70.1154;6.65;
333.6216;7.9761;6.65;
339.1624;-48.306;6.65;
339.8805;37.3536;6.65;
342.8728;62.9722;6.65;
345.7707;20.9186;6.65;
352.2401;75.2254;6.65;
353.0482;65.7392;6.65;
353.7099;-42.6843;6.65;
357.2006;-47.65;6.65;
357.9294;-40.8277;6.65;
359.4425;11.4744;6.65;
2.6606;-73.2244;6.66;
3.2663;-22.4702;6.66;
3.5613;-55.0697;6.66;
4.3523;8.8765;6.66;
6.0219;44.2647;6.66;
6.7691;25.0421;6.66;
12.405;47.7639;6.66;
20.8955;-24.3528;6.66;
22.1432;42.2677;6.66;
22.2395;-17.9374;6.66;
22.3481;25.2754;6.66;
24.6553;21.3982;6.66;
25.9009;51.5158;6.66;
31.0549;51.9678;6.66;
32.601;-76.6237;6.66;
32.6063;59.9798;6.66;
38.3287;52.309;6.66;
39.7431;62.5915;6.66;
40.8525;-69.1599;6.66;
42.1585;-37.401;6.66;
42.2946;47.2179;6.66;
53.755;32.0168;6.66;
66.4263;-9.9266;6.66;
68.435;-5.3097;6.66;
70.6984;38.4266;6.66;
72.6891;1.1478;6.66;
74.9282;41.8732;6.66;
77.0208;7.8984;6.66;
78.946;-34.9267;6.66;
81.375;34.1864;6.66;
82.1073;0.0203;6.66;
85.7236;18.9804;6.66;
86.5526;64.769;6.66;
90.4134;-15.5893;6.66;
91.7162;-11.1736;6.66;
93.6804;16.0371;6.66;
94.5866;27.2101;6.66;
95.845;-4.6875;6.66;
96.327;1.5015;6.66;
97.7629;39.7546;6.66;
98.5104;-77.6877;6.66;
98.5807;38.076;6.66;
100.1977;-47.6215;6.66;
102.2925;27.1904;6.66;
104.9351;52.5724;6.66;
107.8549;-17.3311;6.66;
109.7313;0.0793;6.66;
110.7558;15.3589;6.66;
111.7439;43.2584;6.66;
112.1814;47.9208;6.66;
112.6771;-37.3394;6.66;
112.8574;-36.1533;6.66;
113.6316;28.6866;6.66;
113.8551;7.5799;6.66;
114.8019;53.9006;6.66;
115.0831;-39.4211;6.66;
121.6506;-63.5159;6.66;
121.9241;-49.0105;6.66;
122.0538;-61.0772;6.66;
125.6328;16.1625;6.66;
131.1781;-74.788;6.66;
131.3226;-6.9785;6.66;
131.8494;-34.6003;6.66;
132.1647;12.5469;6.66;
136.8196;2.5816;6.66;
138.0576;-45.8484;6.66;
140.1528;0.1817;6.66;
140.3145;39.6665;6.66;
144.6904;10.7777;6.66;
151.7817;-21.2557;6.66;
152.9538;-34.334;6.66;
154.4606;71.0607;6.66;
154.7165;44.0483;6.66;
155.2584;2.2897;6.66;
164.0439;0.4329;6.66;
167.0706;-1.9031;6.66;
168.9908;12.8448;6.66;
169.5877;11.9845;6.66;
191.7941;15.5917;6.66;
193.7714;19.6147;6.66;
198.6147;-24.2843;6.66;
202.8892;-61.5824;6.66;
204.4333;2.3823;6.66;
205.5865;-33.9805;6.66;
207.4003;13.0103;6.66;
207.7689;34.7725;6.66;
214.7701;-59.379;6.66;
218.4434;-79.9552;6.66;
228.4968;43.0481;6.66;
228.8654;-79.1365;6.66;
231.4369;-53.058;6.66;
241.2366;39.1565;6.66;
246.5883;2.5078;6.66;
246.6717;9.2729;6.66;
256.0034;-25.698;6.66;
256.8432;48.3993;6.66;
259.7102;-2.8106;6.66;
259.9622;45.3086;6.66;
261.1795;-45.0082;6.66;
265.4959;-33.5038;6.66;
269.1017;18.327;6.66;
269.5208;32.6481;6.66;
271.9482;9.8489;6.66;
273.6708;56.5882;6.66;
274.2395;-27.7159;6.66;
277.5213;4.0654;6.66;
278.0783;67.7769;6.66;
286.1665;-48.4039;6.66;
287.1852;-23.1903;6.66;
290.5867;-8.2011;6.66;
291.4841;-49.8429;6.66;
292.3753;36.2875;6.66;
296.6648;25.1338;6.66;
296.9999;-20.9576;6.66;
297.1825;35.3115;6.66;
300.5828;13.9094;6.66;
303.3641;55.1313;6.66;
303.4234;-34.1185;6.66;
313.6956;-18.7928;6.66;
314.0091;27.5755;6.66;
314.8713;55.9401;6.66;
317.5248;-29.7211;6.66;
319.7807;61.8585;6.66;
319.8356;-47.0546;6.66;
324.8814;-0.0511;6.66;
326.0994;-4.7309;6.66;
327.2579;-5.4037;6.66;
327.9663;11.0913;6.66;
328.1873;-3.992;6.66;
339.4124;63.7693;6.66;
346.825;46.0681;6.66;
347.4685;39.4692;6.66;
347.4824;67.2421;6.66;
347.8086;5.0043;6.66;
349.8491;62.7398;6.66;
351.5493;70.6855;6.66;
353.1033;34.9523;6.66;
353.9169;-27.4905;6.66;
355.0046;27.515;6.66;
357.0505;8.2456;6.66;
4.1753;-32.6884;6.67;
4.5768;-36.5099;6.67;
6.5153;20.1469;6.67;
13.1022;-69.5038;6.67;λ1 Tuc
15.1245;80.5454;6.67;
15.3756;69.3585;6.67;
21.742;-41.7474;6.67;
24.6281;-42.9279;6.67;
25.018;40.6838;6.67;
28.6721;78.1965;6.67;
32.9309;3.4527;6.67;
39.3655;83.8346;6.67;
41.4041;-71.2359;6.67;
41.9976;15.508;6.67;
43.1816;-41.392;6.67;
54.8211;13.8915;6.67;
68.2763;-12.5434;6.67;
71.3106;79.6569;6.67;
74.5435;-16.7802;6.67;
77.432;29.7986;6.67;
80.3461;-51.5753;6.67;
85.5734;2.3672;6.67;
86.298;18.7044;6.67;
89.3887;-18.0552;6.67;
91.7028;23.6386;6.67;
93.9882;-29.7884;6.67;
94.989;-13.993;6.67;
96.1015;-42.8475;6.67;
107.981;-56.1555;6.67;
107.9875;49.7898;6.67;
112.1712;-29.1187;6.67;
120.4991;-54.6624;6.67;
124.2205;-64.1871;6.67;
124.5533;-37.3746;6.67;
132.4532;7.0148;6.67;
136.0411;27.8983;6.67;
137.3934;-29.8169;6.67;
140.3272;13.1115;6.67;
141.6024;-42.2512;6.67;
151.8889;0.9183;6.67;
156.5383;3.9325;6.67;
158.7092;-3.8997;6.67;
161.9081;-15.262;6.67;
165.7756;-60.9107;6.67;
169.4286;-36.5342;6.67;
169.7016;35.4894;6.67;
172.4064;-28.0306;6.67;
172.6185;43.5785;6.67;
174.9735;-50.486;6.67;
185.5086;16.7447;6.67;
189.6805;-4.3736;6.67;
194.6666;-2.9036;6.67;
197.7077;-52.9076;6.67;
200.3579;-43.6343;6.67;
207.7524;80.7679;6.67;
217.1918;25.8539;6.67;
229.3442;74.0451;6.67;
230.2205;45.6649;6.67;
240.1954;-39.0885;6.67;
257.0655;16.0939;6.67;
259.9642;-48.5493;6.67;Inquill
260.5172;5.0008;6.67;
261.0146;-23.8443;6.67;
261.9224;-37.1856;6.67;
266.1478;2.5791;6.67;
266.8828;18.8894;6.67;
271.669;64.2214;6.67;
272.7718;-25.7623;6.67;
279.9738;-20.0713;6.67;
281.9172;49.0749;6.67;
283.973;35.8106;6.67;
294.2989;28.4999;6.67;
294.3477;18.9765;6.67;
295.4692;27.3821;6.67;
298.0309;-10.8927;6.67;
300.0349;-50.2167;6.67;
300.6918;14.5827;6.67;
303.5897;42.1043;6.67;
305.7557;54.6729;6.67;
308.5082;34.679;6.67;
308.65;41.0984;6.67;
313.36;42.4102;6.67;
313.6664;46.2312;6.67;
318.4464;70.0276;6.67;
320.6114;-3.1301;6.67;
325.759;-43.4961;6.67;
326.6927;13.7196;6.67;
330.1636;62.4878;6.67;
330.5306;-75.6791;6.67;
331.9721;-70.2857;6.67;
334.1709;29.1733;6.67;
339.785;-52.692;6.67;
341.5593;-11.1663;6.67;
341.9591;-4.229;6.67;
343.8166;-48.4918;6.67;τ2 Gru
347.3181;65.2114;6.67;
350.2401;17.2526;6.67;
352.0981;19.8856;6.67;
353.7482;24.4258;6.67;
1.6481;28.5534;6.68;
2.7827;57.5879;6.68;
3.6406;41.0326;6.68;
5.5887;-50.9925;6.68;
8.144;27.5808;6.68;
9.9909;-33.9614;6.68;
13.7491;-74.3024;6.68;
19.4388;56.6316;6.68;
19.5777;67.8164;6.68;
34.4889;29.0073;6.68;
36.0399;-16.2543;6.68;
39.7644;10.637;6.68;
55.0919;-3.217;6.68;
56.6703;32.2902;6.68;
57.1282;9.6459;6.68;
58.4978;-23.1371;6.68;
67.9602;5.7644;6.68;
72.976;-34.2387;6.68;
76.5252;68.9726;6.68;
77.9223;0.5146;6.68;
81.545;78.4146;6.68;
83.1744;-16.3192;6.68;
85.9438;-21.4287;6.68;
87.0086;12.4184;6.68;
88.49;-19.6388;6.68;
94.3906;35.1492;6.68;
95.4374;12.8619;6.68;
96.0545;-26.445;6.68;
97.6695;-40.4481;6.68;
97.7689;-43.7171;6.68;
98.6484;4.9679;6.68;
101.0408;-54.7307;6.68;
104.8339;42.3148;6.68;
106.2754;-21.4502;6.68;
108.3266;-0.2595;6.68;
110.5682;-35.9162;6.68;
113.0092;61.7578;6.68;
113.4594;-43.1137;6.68;
122.3765;32.2211;6.68;
124.8428;-20.1643;6.68;
126.8619;-14.9352;6.68;
128.6241;47.1396;6.68;
133.4806;19.9671;6.68;
133.8588;5.5659;6.68;
134.4937;-4.8593;6.68;
141.0937;36.5871;6.68;
143.3236;-21.392;6.68;
148.9375;-8.8365;6.68;
149.7735;-63.3453;6.68;
152.1719;1.1608;6.68;
152.3317;20.3324;6.68;
152.9743;-35.3247;6.68;
154.5464;-82.9108;6.68;
157.1767;-43.8383;6.68;
158.3131;-55.3869;6.68;
158.3797;-40.2384;6.68;
158.925;-58.1929;6.68;
162.8761;-75.8828;6.68;
166.7181;-30.555;6.68;
167.8804;54.1494;6.68;
167.9183;-60.3108;6.68;
170.0787;-28.3322;6.68;
171.7533;-56.2802;6.68;
171.9599;45.1852;6.68;
173.2142;-36.2092;6.68;
179.335;-49.3601;6.68;
184.6211;32.7489;6.68;
187.5814;-60.9899;6.68;
188.9282;-16.8261;6.68;
190.827;26.1266;6.68;
195.5944;-28.2863;6.68;
198.1844;-31.8733;6.68;
198.4359;32.5304;6.68;
199.3823;-15.5481;6.68;
199.4809;-68.4957;6.68;
201.1083;-51.8752;6.68;
203.3441;33.6577;6.68;
204.4457;-3.236;6.68;
209.2763;20.9539;6.68;
213.7567;-61.7068;6.68;
213.9995;56.6891;6.68;
222.3118;25.1509;6.68;
225.3973;-3.1643;6.68;
227.9582;-16.1596;6.68;
230.3928;-44.9382;6.68;
230.7897;-51.7361;6.68;
231.1471;54.2128;6.68;
238.8164;-42.6051;6.68;
240.5668;-73.5154;6.68;
242.4225;0.8198;6.68;
243.3269;13.5269;6.68;
243.4181;-21.4;6.68;
246.6803;10.9905;6.68;
246.8732;-69.326;6.68;
250.3278;-18.0595;6.68;
252.7809;9.4043;6.68;
255.859;34.3835;6.68;
256.828;-76.224;6.68;
258.5084;-27.7966;6.68;
260.6937;-45.6143;6.68;
261.1636;32.6704;6.68;
261.3282;8.9247;6.68;
262.5235;-33.7164;6.68;
264.4634;-37.8614;6.68;
269.2085;-32.6889;6.68;
271.8383;15.9165;6.68;
273.1682;2.8128;6.68;
274.7843;71.5179;6.68;
277.239;-26.5821;6.68;
279.0624;30.5847;6.68;
279.4519;5.8835;6.68;
280.9766;47.6162;6.68;
282.427;15.9345;6.68;
289.1445;6.5967;6.68;
291.4859;44.9308;6.68;
292.6437;56.1362;6.68;
293.5758;41.9272;6.68;
296.6365;50.0103;6.68;
299.371;38.4583;6.68;
301.005;-7.4695;6.68;
304.4327;-51.9169;6.68;
309.5656;44.3327;6.68;
311.7544;58.4168;6.68;
314.0783;42.7687;6.68;
319.7502;39.7493;6.68;
328.8375;20.849;6.68;
328.8963;53.2432;6.68;
329.2701;-76.2113;6.68;
332.9084;-34.4651;6.68;
335.5217;15.6515;6.68;
336.5011;80.7016;6.68;
338.5218;-32.1421;6.68;
339.9985;-83.2517;6.68;
345.312;80.7818;6.68;
345.9886;-4.7949;6.68;
353.8617;8.5197;6.68;
357.612;-14.5791;6.68;
358.1675;21.7425;6.68;
4.5706;-21.1385;6.69;
5.739;38.7543;6.69;
8.1117;43.4948;6.69;
19.1157;23.5895;6.69;
19.3192;39.4805;6.69;
20.5525;43.5841;6.69;
21.0778;43.1421;6.69;
21.168;-34.14;6.69;
22.4737;-5.5959;6.69;
24.7083;-25.0222;6.69;
25.5121;61.0382;6.69;
35.0953;-56.7841;6.69;
38.5346;38.735;6.69;
40.3761;0.546;6.69;
44.7211;21.6177;6.69;
44.7556;-34.1891;6.69;
45.9801;-43.898;6.69;
46.6391;-10.252;6.69;
50.4247;-20.3247;6.69;
52.072;-57.8822;6.69;
63.2435;32.5327;6.69;
67.0299;-15.1803;6.69;
68.824;-24.533;6.69;
70.7471;14.8146;6.69;
73.0896;45.9399;6.69;
73.3948;36.8058;6.69;
75.1969;4.5676;6.69;
76.4072;23.061;6.69;
77.5434;13.5484;6.69;
79.3798;20.1318;6.69;
79.7308;41.0955;6.69;
82.3559;-7.2609;6.69;
82.8989;14.9289;6.69;
82.932;-3.2165;6.69;
83.5621;-2.8817;6.69;
83.7;-7.2004;6.69;
83.7614;-58.8711;6.69;
84.2584;-73.6993;6.69;Bubup
85.9537;85.6684;6.69;
88.1988;-38.526;6.69;
90.0206;28.1257;6.69;
92.1904;-7.9364;6.69;
98.6807;-34.0094;6.69;
101.6375;-14.5237;6.69;
105.0994;15.2881;6.69;
113.3638;-50.5843;6.69;
114.2504;-21.3939;6.69;
115.2179;-54.707;6.69;
115.5806;30.1678;6.69;
115.8395;-52.1641;6.69;
119.4232;-65.9087;6.69;
121.5106;59.2488;6.69;
121.8305;-48.3861;6.69;
122.7809;-40.7583;6.69;
127.2226;-20.9504;6.69;
127.3648;-27.3322;6.69;
128.5474;-36.9062;6.69;
129.0903;-32.2619;6.69;
132.9398;-55.8089;6.69;
137.9844;50.4399;6.69;
144.5913;-64.4025;6.69;
144.6696;-39.6141;6.69;
148.8588;-41.5869;6.69;
149.9295;3.3848;6.69;
155.2799;-5.415;6.69;
157.2001;-57.233;6.69;
159.8178;-36.6771;6.69;
161.1642;-36.9306;6.69;
165.1752;42.7314;6.69;
169.6522;-24.3433;6.69;
170.3616;6.635;6.69;
170.4592;9.1684;6.69;
173.356;-70.1948;6.69;
180.7545;-57.2601;6.69;
181.3455;-62.9758;6.69;
186.9099;25.9121;6.69;
197.164;-23.1065;6.69;
199.1062;-1.3905;6.69;
203.045;-79.6608;6.69;
203.449;-39.9457;6.69;
205.1701;76.8438;6.69;
205.8577;45.5203;6.69;
208.9498;-9.5599;6.69;
215.9904;-16.1019;6.69;
223.992;-60.9059;6.69;
225.8614;60.0256;6.69;
228.1812;19.286;6.69;
232.1304;38.7237;6.69;
232.3948;-17.4409;6.69;
237.3916;12.5587;6.69;
242.1135;-10.1023;6.69;
242.3229;41.0952;6.69;
243.2831;21.5662;6.69;
246.7922;-47.5491;6.69;
252.0231;-45.9449;6.69;
267.7157;-42.3301;6.69;
270.7262;-27.8267;6.69;
274.3239;-38.1777;6.69;
278.1578;46.0925;6.69;
280.3936;-3.1185;6.69;
281.4229;15.7254;6.69;
282.2629;-32.7104;6.69;
282.5753;60.8376;6.69;
289.5036;31.0219;6.69;
297.3577;63.2039;6.69;
301.8492;-29.7208;6.69;
309.296;-65.0333;6.69;
310.2183;-28.5493;6.69;
310.9172;5.3902;6.69;
313.5927;40.703;6.69;
316.8746;-19.0883;6.69;
316.9634;-54.2165;6.69;
317.8148;45.6742;6.69;
319.3136;-38.8674;6.69;
320.5072;4.3456;6.69;
322.8258;52.1955;6.69;
323.1126;23.3946;6.69;
323.5318;-4.3682;6.69;
326.3413;-12.7834;6.69;
330.9744;59.8146;6.69;
347.537;33.7678;6.69;
348.2709;8.9634;6.69;
350.9388;-8.4601;6.69;
358.9485;48.2203;6.69;
359.6295;-57.2808;6.69;
2.6444;59.6734;6.7;
12.8954;12.7848;6.7;
13.2224;38.5488;6.7;
13.4041;29.4893;6.7;
19.872;80.8942;6.7;
19.9907;-15.8143;6.7;
26.7432;-13.8887;6.7;
27.7894;20.5144;6.7;
34.3328;-35.983;6.7;
36.6902;10.5653;6.7;
38.5591;33.7928;6.7;
39.7217;-70.6798;6.7;
48.9389;80.1303;6.7;
49.1039;66.3803;6.7;
50.8222;-17.4395;6.7;
57.9242;-47.3169;6.7;
59.9973;-61.8948;6.7;
61.7326;33.4464;6.7;
63.0848;-4.4103;6.7;
63.1317;-44.3682;6.7;
66.6571;-40.5294;6.7;
74.83;-32.2392;6.7;
78.6721;-7.0717;6.7;
82.7935;-42.2998;6.7;
88.3293;20.2991;6.7;
88.3693;37.3391;6.7;
91.5234;-33.2192;6.7;
91.7106;-67.2833;6.7;
91.8996;10.4563;6.7;
96.2198;29.7071;6.7;
96.7451;0.841;6.7;
97.6052;41.4017;6.7;
97.6372;5.867;6.7;
98.0297;6.0356;6.7;
100.973;-25.535;6.7;
101.3962;27.6732;6.7;
104.4958;-10.7859;6.7;
106.0148;36.3135;6.7;
107.875;26.4059;6.7;
108.4161;-53.6678;6.7;
109.3732;-46.9792;6.7;
109.5512;-22.3393;6.7;
109.8267;-17.5249;6.7;
110.0283;-3.9145;6.7;
114.1719;-14.4436;6.7;
114.4899;-32.1313;6.7;
117.0942;18.3368;6.7;
120.5647;-55.5406;6.7;
121.0349;33.0307;6.7;
122.9783;-41.7886;6.7;
123.3937;-31.7354;6.7;
127.3772;-0.96;6.7;
128.7976;-34.0243;6.7;
129.3906;-12.5857;6.7;
129.9848;32.7273;6.7;
130.3954;-44.9919;6.7;
131.4479;-44.248;6.7;
132.6684;18.0034;6.7;
135.1583;-51.5556;6.7;
135.9463;38.7421;6.7;
140.0635;-45.1732;6.7;
146.1556;-48.5489;6.7;
147.4785;-68.4194;6.7;
149.2025;4.2421;6.7;
149.6851;50.1252;6.7;
149.828;-20.3568;6.7;
150.7052;-1.0678;6.7;
154.1367;-19.3082;6.7;
154.9657;-47.9613;6.7;
157.1536;-19.5248;6.7;
160.8733;80.4271;6.7;
161.678;-26.0482;6.7;
163.1934;-68.2103;6.7;
164.8054;-81.5562;6.7;
166.5243;-59.9499;6.7;
169.3647;-59.1054;6.7;
178.7556;-56.096;6.7;
179.558;3.482;6.7;
185.6867;-39.1777;6.7;
187.5019;-42.9296;6.7;
188.3701;-41.4141;6.7;
188.8883;-12.0211;6.7;
201.5695;-48.7866;6.7;
203.7964;-62.6307;6.7;
204.2617;67.0363;6.7;
205.3064;-46.0283;6.7;
210.2857;-44.1977;6.7;
210.9872;11.2825;6.7;
216.2542;-37.447;6.7;
224.8541;39.6449;6.7;
225.5176;-8.3447;6.7;
227.0768;33.7065;6.7;
232.387;-58.3515;6.7;
232.4932;-52.3028;6.7;
233.3627;-61.2734;6.7;
233.9535;1.2275;6.7;
234.0174;52.0698;6.7;
236.6;15.5267;6.7;
237.0271;-50.5898;6.7;
244.1112;-24.2819;6.7;
244.5986;25.8967;6.7;
245.0019;-64.6488;6.7;
246.6634;15.9726;6.7;
254.0626;-40.6599;6.7;
255.9227;-0.146;6.7;
258.403;-15.5603;6.7;
267.2661;62.7988;6.7;
267.8023;-30.5569;6.7;
268.0003;4.4873;6.7;
270.0674;-47.5538;6.7;
273.6005;-70.7512;6.7;
279.3699;29.5849;6.7;
283.9381;7.1756;6.7;
284.294;36.4699;6.7;
284.8619;-75.3901;6.7;
285.8306;0.5762;6.7;
287.1571;24.1793;6.7;
287.2683;34.6005;6.7;
288.3141;15.0356;6.7;
291.6024;-14.5512;6.7;
292.8174;33.4708;6.7;
293.2287;31.2361;6.7;
293.6041;71.6054;6.7;
294.0335;11.1502;6.7;
295.5944;-24.8593;6.7;
296.9423;5.782;6.7;
297.5912;61.2091;6.7;
300.0886;3.3319;6.7;
300.544;-4.9898;6.7;
300.6106;79.681;6.7;
305.8626;10.3632;6.7;
310.593;35.4562;6.7;
311.6932;-64.9094;6.7;
313.7852;1.8132;6.7;
315.1685;-35.2919;6.7;
315.4792;57.0719;6.7;
316.9744;-48.9401;6.7;
319.7967;17.8222;6.7;
321.6045;-12.0955;6.7;
322.0207;62.0965;6.7;
328.1464;62.7122;6.7;
331.8971;-14.4908;6.7;
333.0075;47.0956;6.7;
344.4976;-59.0895;6.7;
345.1349;13.4686;6.7;
350.9481;32.5313;6.7;
357.9141;-34.6916;6.7;
359.5881;35.013;6.7;
1.2907;45.229;6.71;
3.2094;37.6937;6.71;
6.5502;56.7792;6.71;
15.4316;25.2922;6.71;
15.5319;56.3287;6.71;
17.091;9.9082;6.71;
18.8985;0.9125;6.71;
20.5385;-37.0516;6.71;
20.6794;-36.5965;6.71;
21.7702;-30.2359;6.71;
22.4446;65.1711;6.71;
25.6544;40.3774;6.71;
31.7455;-65.9458;6.71;
37.4423;46.0318;6.71;
39.6392;-20.4563;6.71;
40.1107;-14.4492;6.71;
54.6697;22.6596;6.71;
56.2797;74.5426;6.71;
57.9026;22.0314;6.71;
61.906;-37.062;6.71;
64.3378;57.1783;6.71;
73.044;31.1642;6.71;
73.8758;-25.7278;6.71;
75.9858;-14.5562;6.71;
77.6457;30.7975;6.71;
80.6905;2.7962;6.71;
82.2151;12.5508;6.71;
83.6807;5.6609;6.71;
83.8217;-5.3877;6.71;θ1 Ori
87.9807;-41.1053;6.71;
100.2061;-47.6747;6.71;
105.1462;-20.6403;6.71;
105.3073;-25.9487;6.71;
113.6204;-13.8702;6.71;
119.1113;56.5044;6.71;
119.9414;-47.3035;6.71;
122.7435;-6.7479;6.71;
127.7943;40.2249;6.71;
129.8828;32.5156;6.71;
130.2695;-66.8163;6.71;
132.0034;-49.5748;6.71;
145.8436;20.1932;6.71;
147.9117;-46.5123;6.71;
148.0901;37.9145;6.71;
150.9234;-25.3167;6.71;
155.3397;-25.373;6.71;
175.9048;41.7225;6.71;
186.0144;25.8512;6.71;
189.8791;-6.1006;6.71;
198.0085;32.0853;6.71;
204.9938;-16.4465;6.71;
207.1619;-2.8405;6.71;
218.1379;-56.8877;6.71;
228.9938;-70.4137;6.71;
235.6692;31.7088;6.71;
237.111;-23.8341;6.71;
241.438;32.2478;6.71;
245.406;-71.8739;6.71;
253.1502;-37.5994;6.71;
257.6809;-12.7012;6.71;
258.843;-38.213;6.71;
266.1827;-46.0426;6.71;
269.9037;43.2354;6.71;
279.666;4.8548;6.71;
279.7586;-23.1821;6.71;
281.1702;-6.5361;6.71;
284.1549;4.2651;6.71;
286.596;7.1556;6.71;
293.9884;-53.0081;6.71;
295.7344;40.7218;6.71;
296.7742;-62.4537;6.71;
297.6878;20.2114;6.71;
299.923;-1.9704;6.71;
306.8647;-2.1031;6.71;
307.2458;-17.4348;6.71;
308.4152;45.1756;6.71;
308.8707;69.6798;6.71;
311.2275;12.3127;6.71;
311.3374;46.3548;6.71;
316.9551;1.1538;6.71;
317.6336;22.4546;6.71;
325.1138;-34.5348;6.71;
330.2462;-36.5563;6.71;
330.6604;15.9865;6.71;
346.4689;-7.9367;6.71;
349.2464;-7.1608;6.71;
358.2702;60.7045;6.71;
8.1641;-25.3597;6.72;
9.0077;-5.5707;6.72;
9.2073;-76.3096;6.72;
9.6731;46.9568;6.72;
9.7053;59.8262;6.72;
24.5526;62.3518;6.72;
27.3473;-10.7036;6.72;
28.951;-55.0722;6.72;
30.202;59.9593;6.72;
36.0115;42.1023;6.72;
42.5014;30.5262;6.72;
45.7178;47.1106;6.72;
45.8674;6.2267;6.72;
52.0058;20.4643;6.72;
54.2418;23.2111;6.72;
58.3759;2.1191;6.72;
61.4233;10.0371;6.72;
64.9735;-12.3991;6.72;
66.8529;46.8532;6.72;
72.1408;-43.98;6.72;
72.5283;-15.8043;6.72;
74.3816;65.2783;6.72;
82.1999;78.3004;6.72;
83.0858;49.3934;6.72;
83.5659;-18.812;6.72;
83.8033;9.6133;6.72;
84.5906;8.4873;6.72;
85.742;14.1785;6.72;
91.2426;14.3884;6.72;
94.4343;-19.1887;6.72;
94.4374;39.4739;6.72;
95.9438;4.5958;6.72;ε Mon
96.1414;-1.4182;6.72;
96.8664;5.1754;6.72;
100.6064;-67.8431;6.72;
107.4626;9.3089;6.72;
109.2791;-12.0339;6.72;
109.4105;9.2921;6.72;
111.8561;-51.4026;6.72;
112.509;-19.5267;6.72;
113.5548;-16.1878;6.72;
114.0175;-77.6341;6.72;
114.7796;-18.6784;6.72;
117.4782;-60.0514;6.72;
121.0248;13.6875;6.72;
124.29;-3.3637;6.72;
127.936;-74.855;6.72;
129.4448;19.2672;6.72;
129.6161;-62.8432;6.72;
130.3138;20.4769;6.72;
131.1728;-23.7884;6.72;
135.7868;-25.5042;6.72;
136.8112;-51.2118;6.72;
140.6343;-15.2348;6.72;
141.4044;-25.3371;6.72;
144.5878;-81.7094;6.72;
146.8086;-17.2059;6.72;
148.5279;4.9454;6.72;
149.6424;58.9519;6.72;
149.8592;-44.9554;6.72;
151.7244;-17.4442;6.72;
165.771;-25.575;6.72;
171.5083;-20.5823;6.72;
171.7486;-61.3693;6.72;
181.8971;-31.4106;6.72;
181.9127;-23.9759;6.72;
187.0767;4.3966;6.72;
189.1584;-39.3263;6.72;
190.2903;-44.1012;6.72;
194.5041;-38.9172;6.72;
198.5837;-42.8522;6.72;
199.1529;18.9033;6.72;
204.2013;-26.498;6.72;
213.6652;-65.7014;6.72;
215.9245;40.8444;6.72;
216.8188;-78.6203;6.72;
222.1363;-35.8415;6.72;
225.2558;2.8975;6.72;
225.3442;-71.4908;6.72;
226.8873;9.226;6.72;
236.4289;-22.7533;6.72;
239.6;-44.0808;6.72;
250.0075;-6.0813;6.72;
250.9643;-26.8089;6.72;
251.7139;-25.5286;6.72;
251.7208;2.2425;6.72;
253.7862;-31.4026;6.72;
254.0422;77.6527;6.72;
254.978;-73.4225;6.72;
257.0314;61.1596;6.72;
262.5833;-4.3694;6.72;
264.8352;-29.531;6.72;
268.5154;-1.6193;6.72;
272.2207;24.9666;6.72;
274.4071;-15.4307;6.72;
278.6053;-54.0881;6.72;
286.0446;3.3306;6.72;
289.6304;0.4235;6.72;
290.6679;-20.6429;6.72;
292.0268;-69.6319;6.72;
294.0486;12.1616;6.72;
294.7342;-28.6072;6.72;
298.7717;47.541;6.72;
300.1867;36.5897;6.72;
304.2899;-67.4553;6.72;
304.457;-40.1848;6.72;
315.5521;7.1798;6.72;λ Equ
317.3545;-16.6158;6.72;
320.3399;10.3323;6.72;
321.7776;16.1242;6.72;
322.403;46.4265;6.72;
323.7211;-51.8272;6.72;
328.8385;36.1462;6.72;
338.6497;0.5952;6.72;
339.0913;-72.7129;6.72;
341.9465;-38.2221;6.72;
343.9766;-41.0968;6.72;
347.6129;-60.5644;6.72;
349.3682;-16.1722;6.72;
351.1455;41.1129;6.72;
351.6819;2.4784;6.72;
359.5284;50.4477;6.72;
0.7848;42.7479;6.73;
1.908;40.148;6.73;
5.0123;-17.7004;6.73;
5.1423;56.5569;6.73;
9.6327;-20.2966;6.73;
9.9978;76.8711;6.73;
13.7995;-47.406;6.73;
18.3174;34.0984;6.73;
23.8512;63.082;6.73;
25.2212;77.969;6.73;
26.095;32.5159;6.73;
26.1498;3.2237;6.73;
38.4642;-60.9827;6.73;
38.9589;34.7253;6.73;
50.0076;1.4836;6.73;
50.5684;-21.1001;6.73;
51.9324;-43.8559;6.73;
53.0733;40.9207;6.73;
54.7383;42.5383;6.73;
57.3649;52.6554;6.73;
57.4919;23.8487;6.73;
58.0861;62.3448;6.73;
58.1655;32.4085;6.73;
60.5144;-34.4822;6.73;
63.943;-23.2377;6.73;
68.7599;17.2012;6.73;
70.594;-0.9299;6.73;
75.9286;-2.54;6.73;
85.8497;5.3586;6.73;
88.9953;-31.532;6.73;
90.7917;7.6271;6.73;
94.3033;-24.0746;6.73;
94.7761;12.7467;6.73;
95.7299;-45.6289;6.73;
99.0089;16.797;6.73;
99.5832;57.1917;6.73;
103.883;37.9154;6.73;
104.649;-23.8808;6.73;
105.415;-23.5014;6.73;
106.3864;-40.6404;6.73;
106.8205;24.1684;6.73;
107.7982;3.1916;6.73;
109.8255;-58.0522;6.73;
112.3781;19.6332;6.73;
114.2728;20.1568;6.73;
116.4661;-24.2561;6.73;
117.2755;-11.1811;6.73;
117.4962;-23.7983;6.73;
119.0657;-61.0994;6.73;
119.5929;-60.8577;6.73;
126.7115;-29.2156;6.73;
130.6179;-47.5213;6.73;
133.7333;26.1983;6.73;
137.9077;-54.037;6.73;
139.1666;0.729;6.73;
140.9147;-33.2005;6.73;
141.1191;6.3501;6.73;
145.6857;30.1114;6.73;
148.7734;-69.189;6.73;
153.4552;-68.0598;6.73;
154.7949;-34.6165;6.73;
159.5731;-65.0419;6.73;
160.2767;-64.4744;6.73;
163.4848;-36.4569;6.73;
170.1333;44.9983;6.73;
171.4144;3.3011;6.73;
171.5751;8.6596;6.73;
172.4166;7.5994;6.73;
178.4602;40.9129;6.73;
179.2512;-4.7828;6.73;
179.6468;-77.8254;6.73;
182.942;23.3225;6.73;
185.0562;37.9021;6.73;
187.9105;-30.9819;6.73;
192.5492;-60.4005;6.73;
193.6259;-20.098;6.73;
194.1255;-26.4603;6.73;
199.9929;-41.1907;6.73;
200.0833;-11.3041;6.73;
204.303;52.5931;6.73;
206.805;-19.2558;6.73;
207.1744;-37.1274;6.73;
209.1107;-52.0356;6.73;
210.1504;-26.2664;6.73;
212.7557;58.549;6.73;
214.1414;32.2084;6.73;
217.8352;43.3823;6.73;
219.7517;-10.5548;6.73;
219.8819;-68.2034;6.73;
220.4686;-75.1395;6.73;
221.1176;45.186;6.73;
226.5443;-24.1315;6.73;
227.2531;-72.3075;6.73;
229.9405;-66.496;6.73;
238.3708;65.2883;6.73;
246.4196;9.3706;6.73;
248.4683;-48.1112;6.73;
249.6194;-18.2205;6.73;
249.6397;-1.2315;6.73;
249.9364;-56.9944;6.73;
250.7201;-79.0243;6.73;
254.3344;6.2113;6.73;
257.132;35.034;6.73;
257.5868;-46.7384;6.73;
265.4489;21.5015;6.73;
265.5067;27.6452;6.73;
270.7571;-22.7185;6.73;
276.287;5.0846;6.73;
278.4486;46.2192;6.73;
279.1208;4.955;6.73;
285.2635;-37.0609;6.73;
286.0591;-22.8965;6.73;
288.1436;16.8464;6.73;
291.9212;4.7097;6.73;
292.0219;-18.3593;6.73;
293.9817;56.9839;6.73;
294.9679;-15.1674;6.73;
298.5404;33.781;6.73;
298.6849;22.4292;6.73;
300.672;12.3587;6.73;
304.4593;54.3225;6.73;
306.2033;40.1536;6.73;
306.2646;83.1828;6.73;
308.5689;-43.4479;6.73;
313.8604;43.3672;6.73;
317.0028;5.1516;6.73;
317.3143;-20.1932;6.73;
320.106;60.6872;6.73;
320.3353;46.7298;6.73;
321.0865;-24.4225;6.73;
321.0945;30.9366;6.73;
323.0921;-12.2673;6.73;
324.6718;-4.1504;6.73;
324.9669;-43.132;6.73;
331.1249;-25.8832;6.73;
332.3133;44.8465;6.73;
336.4502;-20.237;6.73;
342.4213;-77.0511;6.73;
346.8563;20.5816;6.73;
349.4054;18.3048;6.73;
351.9853;-15.2992;6.73;
353.1219;72.0009;6.73;
353.7589;-56.8253;6.73;
356.9844;-66.5674;6.73;
358.7663;-9.4606;6.73;
2.6237;57.1655;6.74;
2.7902;-3.3214;6.74;
8.0586;34.9939;6.74;
10.303;52.1977;6.74;
14.5811;6.8443;6.74;
15.9158;84.6069;6.74;
18.3865;29.7362;6.74;
23.7421;33.1179;6.74;
24.8134;16.6255;6.74;
24.8143;14.2856;6.74;
25.1932;-2.6219;6.74;
28.0431;24.1173;6.74;
31.5447;-10.2762;6.74;
32.767;-15.0709;6.74;
33.7188;48.7824;6.74;
43.4093;1.9693;6.74;
44.4032;-55.0132;6.74;
45.1313;18.005;6.74;
48.2504;-20.0269;6.74;
52.1514;11.3905;6.74;
53.6034;-65.7642;6.74;
58.1286;-5.0541;6.74;
58.9101;52.6413;6.74;
60.6124;-61.3569;6.74;
62.3634;6.7251;6.74;
63.5762;12.3481;6.74;
65.3317;76.1061;6.74;
68.8088;-9.7364;6.74;
69.0817;11.4125;6.74;
71.1476;38.255;6.74;
74.6186;37.329;6.74;
77.6779;63.5972;6.74;
81.7846;3.8555;6.74;
82.3298;18.3657;6.74;
83.7249;-4.1104;6.74;
83.8615;-33.2692;6.74;
85.2409;32.896;6.74;
87.1653;-14.3144;6.74;
91.1248;44.2604;6.74;
91.4398;-24.1956;6.74;
95.4586;-51.2377;6.74;
99.5959;-52.9321;6.74;
100.0692;79.5995;6.74;
100.6876;32.5589;6.74;
107.3572;36.5632;6.74;
110.1356;-26.7002;6.74;
110.8317;-36.3401;6.74;
116.2341;39.5564;6.74;
118.9589;-45.9801;6.74;
120.8697;12.1813;6.74;
128.5181;-41.6789;6.74;
129.4596;-6.8069;6.74;
130.1403;33.2773;6.74;
134.0563;24.4478;6.74;
134.7307;-15.9849;6.74;
141.9891;-53.5173;6.74;
144.5669;12.7363;6.74;
144.7504;-17.6242;6.74;
148.775;-57.3829;6.74;
149.0333;-7.6453;6.74;
149.8672;21.3215;6.74;
152.8295;-18.9572;6.74;
157.5636;50.5691;6.74;
161.9811;-52.2461;6.74;
165.9276;-51.3527;6.74;
172.4256;-38.4569;6.74;
172.7287;28.4516;6.74;
172.9859;-6.4705;6.74;
177.5588;54.2526;6.74;
179.0009;35.3405;6.74;
179.1117;14.1862;6.74;
179.5855;61.4646;6.74;
181.0373;-69.522;6.74;
182.4442;-51.7839;6.74;
182.8418;-2.6991;6.74;
183.5234;66.1093;6.74;
185.5182;61.5914;6.74;
186.5137;15.8639;6.74;
193.5917;-58.4306;6.74;
194.9418;9.526;6.74;
197.9815;-61.1173;6.74;
215.6933;-0.6371;6.74;
223.8452;6.7848;6.74;
228.8318;-44.1495;6.74;
229.1492;9.713;6.74;
230.6383;-44.2929;6.74;
237.792;52.907;6.74;
240.2289;39.1775;6.74;
241.2621;-18.5395;6.74;
242.0213;-58.9708;6.74;
242.0238;10.0804;6.74;
248.3918;10.369;6.74;
249.5168;39.5772;6.74;
252.224;-52.9408;6.74;
258.475;-38.2949;6.74;
262.3707;-61.7638;6.74;
265.0043;-32.2011;6.74;
266.0236;-38.8057;6.74;
267.5385;9.8483;6.74;
269.0328;-35.0489;6.74;
269.2934;-41.9784;6.74;
269.8384;-77.8239;6.74;
270.6928;-5.3581;6.74;
272.8622;-5.205;6.74;
274.4631;-18.7985;6.74;
275.8311;14.7;6.74;
279.3739;-2.92;6.74;
281.0365;-19.3179;6.74;
282.3095;25.0466;6.74;
283.858;-29.2131;6.74;
284.6725;20.6232;6.74;
285.3954;25.0259;6.74;
287.2487;14.7805;6.74;
287.7552;-7.4275;6.74;
288.5854;55.9404;6.74;
293.7457;27.2253;6.74;
293.8991;-20.7821;6.74;
302.2367;62.0766;6.74;
303.6075;-62.2792;6.74;
304.8382;14.3707;6.74;
305.6871;12.4434;6.74;
305.7402;39.211;6.74;
306.5199;-46.66;6.74;
307.1367;-34.4097;6.74;
307.4691;-18.5864;6.74;ο Cap
310.1761;26.0792;6.74;
311.3676;18.09;6.74;
312.89;-27.2448;6.74;
314.0225;9.2604;6.74;
323.7291;-20.2527;6.74;
324.9796;51.4769;6.74;
327.0626;65.1707;6.74;
328.5795;-36.0616;6.74;
332.2718;44.8548;6.74;
336.1495;-1.1867;6.74;
340.857;62.6714;6.74;
343.1938;-10.0589;6.74;
345.4644;34.6125;6.74;
345.8488;60.4454;6.74;
347.2147;-25.8306;6.74;
349.5033;-61.0037;6.74;
349.852;35.8251;6.74;
350.5209;28.6948;6.74;
359.9492;11.2734;6.74;
5.7002;-39.2624;6.75;
7.0588;-29.0403;6.75;
10.1389;-29.4209;6.75;
11.0124;70.8234;6.75;
15.9044;58.9092;6.75;
17.4678;54.739;6.75;
20.3268;-49.7415;6.75;
21.6824;27.2466;6.75;
29.9934;6.0355;6.75;
31.7048;29.2694;6.75;
35.8699;35.4411;6.75;
38.6279;76.7182;6.75;
48.7211;-59.5135;6.75;
48.7766;-45.6648;6.75;
56.1549;27.8974;6.75;
57.3394;-36.0925;6.75;
59.1512;74.08;6.75;
66.9807;-21.5041;6.75;
73.5171;-38.1629;6.75;
74.9347;15.9167;6.75;
75.1408;14.3838;6.75;
77.1246;-41.2137;6.75;
78.7865;-36.6529;6.75;
81.2932;20.5837;6.75;
82.177;-8.3767;6.75;
82.2779;-30.1167;6.75;
83.4072;-3.4632;6.75;
83.8807;-5.2674;6.75;
87.7027;14.4434;6.75;
88.2899;-47.9552;6.75;
95.2103;-4.5955;6.75;
97.6241;-14.9544;6.75;
97.9813;4.9429;6.75;
99.5788;24.4504;6.75;
100.0538;44.3329;6.75;
101.6076;-19.8779;6.75;
102.9925;25.663;6.75;
104.0689;17.7371;6.75;
108.3038;47.6068;6.75;
109.1856;16.1471;6.75;
109.3772;31.6981;6.75;
109.8846;-61.145;6.75;
109.9701;59.2529;6.75;
110.7785;-70.6366;6.75;
124.9907;-51.9418;6.75;
127.7229;-15.8347;6.75;
128.7228;48.5337;6.75;
138.7411;38.6093;6.75;
139.2416;-45.012;6.75;
142.4028;-58.2991;6.75;
150.9729;38.0204;6.75;
153.7237;-42.383;6.75;
157.0136;48.964;6.75;
159.7573;-75.1575;6.75;
168.4709;2.2685;6.75;
171.2424;-2.2124;6.75;
171.9068;-25.8609;6.75;
176.9225;-67.6923;6.75;
180.2196;70.2379;6.75;
182.0809;-34.6749;6.75;
184.4804;-57.8501;6.75;
186.9812;-8.678;6.75;
194.1649;-47.6862;6.75;
196.6577;-31.6119;6.75;
197.4266;-16.5152;6.75;
198.9455;7.953;6.75;
202.6053;-58.6644;6.75;
213.2296;-40.8335;6.75;
217.797;-40.3864;6.75;
218.4359;43.0078;6.75;
228.5784;-14.2095;6.75;
231.1745;-35.9171;6.75;
233.0631;-23.8802;6.75;
233.7917;43.1675;6.75;
234.7453;46.9266;6.75;
240.9576;17.8028;6.75;
242.0183;-36.2318;6.75;
243.5325;-48.9328;6.75;
245.7284;-66.8873;6.75;
246.3512;-23.4602;6.75;
255.805;-48.3368;6.75;
257.9592;41.7301;6.75;
258.0456;-27.0424;6.75;
259.0733;-42.339;6.75;
260.6995;-58.4732;6.75;
261.2169;-46.202;6.75;
262.9905;0.0425;6.75;
266.018;45.0347;6.75;
267.8536;74.5691;6.75;
269.2712;45.856;6.75;
270.6188;-3.1573;6.75;
272.1635;-2.9074;6.75;
276.0234;20.4524;6.75;
276.6701;-30.3933;6.75;
279.1755;15.4481;6.75;
279.9491;-58.8692;6.75;
281.2468;-39.7501;6.75;
284.8223;10.141;6.75;
286.4488;6.5468;6.75;
294.0311;35.2137;6.75;
296.6029;54.4056;6.75;
297.5407;-10.0071;6.75;
297.7028;-4.6941;6.75;
299.6826;1.6665;6.75;
300.1672;-49.6087;6.75;
305.9097;-5.2662;6.75;
306.3559;6.6418;6.75;
318.2224;35.7977;6.75;
319.6136;-43.3346;6.75;
320.3483;-51.7526;6.75;
322.3141;28.583;6.75;
324.7923;-27.3066;6.75;
339.1776;-43.471;6.75;
342.3232;50.9767;6.75;
346.619;61.4401;6.75;
347.3198;49.6506;6.75;
347.3445;18.7359;6.75;
349.6236;-18.8416;6.75;
351.1497;63.8534;6.75;
358.9933;21.1659;6.75;
359.8781;86.7064;6.75;
3.8243;44.2034;6.76;
6.1653;31.3731;6.76;
7.8038;43.9465;6.76;
8.545;10.2992;6.76;
12.7344;77.9535;6.76;
13.2156;40.2456;6.76;
19.021;25.7694;6.76;
21.2524;-5.9464;6.76;
25.9116;52.8858;6.76;
26.8248;58.0212;6.76;
33.79;0.7202;6.76;
35.1788;55.9091;6.76;
37.4806;-22.6832;6.76;
37.5648;-57.8094;6.76;
38.05;55.4581;6.76;
48.5715;22.9538;6.76;
49.3399;78.875;6.76;
50.3294;61.9992;6.76;
51.7596;34.4295;6.76;
60.2791;20.1992;6.76;
61.5336;62.1018;6.76;
62.343;73.5704;6.76;
63.2343;-6.3883;6.76;
63.7961;-37.1969;6.76;
66.415;-1.4109;6.76;
66.8262;36.5203;6.76;
67.9992;-20.6995;6.76;
70.5626;9.6338;6.76;
71.0637;-27.5779;6.76;
74.3143;61.7531;6.76;
75.3569;-0.6969;6.76;
75.4484;-10.9339;6.76;
78.9329;-22.8944;6.76;
79.3145;28.905;6.76;
79.3429;-17.7748;6.76;
81.9133;43.3679;6.76;
83.3937;-57.0831;6.76;
86.1383;-6.8643;6.76;
87.7693;18.5513;6.76;
90.0402;51.0809;6.76;
90.1021;34.5079;6.76;
91.278;-56.2331;6.76;
91.6687;15.5421;6.76;
91.9458;-44.7293;6.76;
94.1734;-12.0473;6.76;
94.3964;-10.725;6.76;
95.0714;7.7188;6.76;
100.6808;-32.7128;6.76;
101.2348;22.8374;6.76;
104.7518;-32.7223;6.76;
105.1041;1.9315;6.76;
111.2783;-14.8832;6.76;
113.4928;-39.9058;6.76;
114.4595;14.3406;6.76;
114.7366;-0.2604;6.76;
115.1808;-27.9454;6.76;
116.1676;-47.0085;6.76;
117.4595;-36.0935;6.76;
120.8382;-69.9716;6.76;
124.0715;-86.5573;6.76;
124.9826;39.8847;6.76;
126.2431;-15.2941;6.76;
126.2544;9.4261;6.76;
127.6425;54.1191;6.76;
130.0752;1.9202;6.76;
130.0839;19.349;6.76;
138.0912;-28.9476;6.76;
143.2808;49.4387;6.76;
143.8437;39.9633;6.76;
146.1516;-22.7519;6.76;
148.4042;34.9838;6.76;
152.2737;-48.3065;6.76;
152.6737;-38.9109;6.76;
155.9563;25.5682;6.76;
163.1287;52.5653;6.76;
163.6548;-55.619;6.76;
166.6619;-28.7276;6.76;
169.1519;-3.9668;6.76;
173.589;-5.5271;6.76;
179.565;-47.9771;6.76;
182.9514;77.4408;6.76;
188.6282;7.7347;6.76;
191.0466;-2.8426;6.76;
206.3638;-48.7917;6.76;
207.3721;6.3438;6.76;
208.3341;52.323;6.76;
216.024;11.247;6.76;
223.0135;46.4766;6.76;
224.1034;-44.7042;6.76;
228.6172;-18.4285;6.76;
229.1548;-42.3702;6.76;
236.6682;-48.7368;6.76;
236.9432;45.7329;6.76;
238.4023;68.7201;6.76;
242.4848;59.8718;6.76;
244.1936;40.0384;6.76;
249.8414;22.006;6.76;
252.9374;-73.7226;6.76;
253.7117;-23.5124;6.76;
255.6517;47.0819;6.76;
263.7762;-38.7995;6.76;
263.9616;12.0469;6.76;
269.4865;-36.0079;6.76;
272.2252;-25.4731;6.76;
273.9723;30.3999;6.76;
274.6022;12.9804;6.76;
278.5603;-66.2793;6.76;
279.1543;22.1076;6.76;
289.1528;-52.4378;6.76;
290.0117;-6.628;6.76;
290.9916;32.7237;6.76;
293.2632;-30.3628;6.76;
298.1986;64.1761;6.76;
305.8594;-14.2564;6.76;
307.4804;10.3021;6.76;
308.1049;70.5321;6.76;
309.3383;-15.1473;6.76;τ1 Cap
309.6675;38.6351;6.76;
310.1471;15.6432;6.76;
311.505;-0.3404;6.76;
314.0507;75.7198;6.76;
314.9288;38.8229;6.76;
315.4478;44.1869;6.76;
320.8974;14.0502;6.76;
324.4528;39.3172;6.76;
326.6006;-32.7147;6.76;
329.1917;-17.8971;6.76;
330.7065;66.0643;6.76;
332.7655;43.0307;6.76;
340.7682;65.3363;6.76;
343.7283;-22.369;6.76;
346.5511;36.8203;6.76;
348.9178;1.3083;6.76;
351.4004;52.9795;6.76;
352.8425;59.1655;6.76;
356.2666;21.3898;6.76;
0.5738;60.7032;6.77;
6.4246;7.6911;6.77;
9.1938;54.9574;6.77;
9.6393;60.3248;6.77;
15.4408;57.8167;6.77;
16.1519;39.9911;6.77;
20.7233;11.3665;6.77;
22.4216;22.8262;6.77;
24.4203;12.0784;6.77;
24.4354;48.4127;6.77;
28.1449;-67.9445;6.77;η1 Hyi
28.4903;10.614;6.77;
29.4849;41.6946;6.77;
39.4351;-22.9919;6.77;
40.8974;43.538;6.77;
52.5553;-11.6463;6.77;
52.8881;47.8624;6.77;
55.4967;-24.6522;6.77;
55.6152;32.9392;6.77;
57.4437;9.4075;6.77;
57.5553;34.8201;6.77;
58.0362;-1.1488;6.77;
58.0475;25.1631;6.77;
59.8321;13.975;6.77;
61.5089;46.9256;6.77;
61.8156;-9.7578;6.77;
63.5403;-46.1324;6.77;
63.6101;23.6964;6.77;
65.7126;-82.8991;6.77;
67.4286;10.5219;6.77;
70.4425;-47.2598;6.77;
71.8247;5.7882;6.77;
71.9564;53.3011;6.77;
80.2177;2.9289;6.77;
82.9133;18.2441;6.77;
84.9965;-85.9143;6.77;
85.7531;73.9858;6.77;
86.9839;24.6868;6.77;
88.9703;-21.6894;6.77;
89.8654;8.4155;6.77;
91.4686;48.2493;6.77;
93.3771;37.1591;6.77;
93.4185;-56.9184;6.77;
94.8991;69.5691;6.77;
102.5514;5.6735;6.77;
105.2911;11.7746;6.77;
105.7057;-16.6994;6.77;
107.8205;-70.1194;6.77;
109.3609;-38.9133;6.77;
111.4665;48.5478;6.77;
113.4682;-28.5677;6.77;
113.6822;-44.692;6.77;
117.4876;28.1988;6.77;
119.0481;-51.3384;6.77;
122.0601;-61.0771;6.77;
124.9746;-12.8569;6.77;
130.2346;19.5803;6.77;
131.3733;18.8175;6.77;
131.4328;-55.8547;6.77;
136.3281;50.8238;6.77;
137.1525;-25.8394;6.77;
139.3996;27.4222;6.77;
149.5583;-25.1311;6.77;
154.0129;60.1506;6.77;
155.2653;41.8494;6.77;
159.3035;-31.7627;6.77;
159.5828;60.1245;6.77;
162.357;-42.3674;6.77;
165.2131;-40.4981;6.77;
169.2503;-54.777;6.77;
170.632;-53.3698;6.77;
178.4295;73.7561;6.77;
179.5845;-40.9473;6.77;
179.8489;-57.168;6.77;
181.6972;-12.2408;6.77;
185.5624;-73.5037;6.77;
189.7279;-76.066;6.77;
194.3591;-67.9607;6.77;
200.9695;-47.8905;6.77;
203.801;-32.2124;6.77;
208.567;-28.7432;6.77;
208.6006;-54.4121;6.77;
212.5543;-30.621;6.77;
222.4844;24.7205;6.77;
224.5674;14.0376;6.77;
230.2697;-47.7604;6.77;
238.9774;-2.1644;6.77;
239.4533;-23.5273;6.77;
245.7817;-37.4246;6.77;
253.8971;-43.316;6.77;
254.1652;14.1403;6.77;
257.7891;-58.0255;6.77;
257.8441;4.6903;6.77;
262.828;19.5219;6.77;
267.6066;-61.9246;6.77;
268.9063;2.0749;6.77;
271.571;24.4137;6.77;
273.3152;16.2732;6.77;
275.31;-39.0218;6.77;
278.8488;-19.2685;6.77;
279.4394;-4.8068;6.77;
280.7635;-78.0663;6.77;
281.5374;-44.2231;6.77;
282.3973;-19.1423;6.77;
283.2772;-18.6368;6.77;
283.9404;-56.4234;6.77;
288.5761;11.7128;6.77;
289.7736;27.2613;6.77;
292.1472;-15.1023;6.77;
294.2114;-10.1575;6.77;
296.8888;1.0889;6.77;
299.6359;7.9207;6.77;
299.8919;-22.2113;6.77;
301.2922;2.1188;6.77;
301.4889;35.7884;6.77;
305.0641;15.5429;6.77;
305.3732;30.5903;6.77;
306.1596;8.5975;6.77;
313.0875;55.0512;6.77;
316.8527;-59.992;6.77;
318.5697;-10.6054;6.77;
322.6077;44.875;6.77;
324.9749;44.4321;6.77;
329.6255;-41.721;6.77;
335.9237;78.2433;6.77;
336.7781;-1.3092;6.77;
338.8879;-51.604;6.77;
340.2615;51.7585;6.77;
346.1518;31.3075;6.77;
358.1703;-24.9852;6.77;
358.735;29.4756;6.77;
4.2016;-78.7802;6.78;
5.2024;-23.6302;6.78;
6.424;54.9942;6.78;
6.9066;-20.1345;6.78;
10.5607;-11.8049;6.78;
12.172;-28.4954;6.78;
19.4241;44.6319;6.78;
19.684;-43.3329;6.78;
20.323;-6.1595;6.78;
21.928;31.9665;6.78;
23.013;16.9472;6.78;
24.0119;7.6453;6.78;
35.6383;16.8703;6.78;
37.2812;37.3297;6.78;
37.4825;39.1371;6.78;
39.2598;34.2643;6.78;
39.7815;-52.9348;6.78;
42.2462;-45.09;6.78;
43.0951;63.4098;6.78;
43.5041;47.1609;6.78;
43.6982;-64.0021;6.78;
47.731;2.3158;6.78;
50.2144;20.5094;6.78;
63.2637;-23.1283;6.78;
65.1204;-1.3164;6.78;
67.386;-26.2759;6.78;
67.767;6.7913;6.78;
68.6893;22.6923;6.78;
68.9314;59.4008;6.78;
69.7053;-62.3785;6.78;
71.0893;48.1758;6.78;
72.8727;35.8151;6.78;
76.1742;14.859;6.78;
78.0896;26.4546;6.78;
82.0876;-22.4339;6.78;
82.4277;35.375;6.78;
86.278;33.6263;6.78;
86.8728;-41.5902;6.78;
88.528;-35.903;6.78;
89.9116;-35.3526;6.78;
92.8406;-15.7931;6.78;
93.4879;-7.2481;6.78;
96.5427;18.7569;6.78;
101.4586;-0.7165;6.78;
103.887;-22.0375;6.78;
110.6285;-0.2593;6.78;
110.7692;18.2734;6.78;
111.5141;-4.5374;6.78;
111.9189;22.1415;6.78;
113.9765;-23.5487;6.78;
114.8744;-26.919;6.78;
116.7517;64.0519;6.78;
117.5326;60.3421;6.78;
117.955;-20.7206;6.78;
119.1005;-40.7362;6.78;
122.911;32.4571;6.78;
125.4875;-10.7481;6.78;
127.2733;-43.9189;6.78;
127.6242;-36.7213;6.78;
127.9152;-47.241;6.78;
127.9771;9.8141;6.78;
129.9966;-59.5469;6.78;
130.1356;10.9241;6.78;
131.0779;-37.5269;6.78;
136.9272;-44.6324;6.78;
137.8719;0.2913;6.78;
139.6038;-57.2731;6.78;
142.0855;-9.9869;6.78;
146.1107;74.5876;6.78;
146.2148;-17.7064;6.78;
146.4664;18.6836;6.78;
149.1289;-13.4639;6.78;
156.2775;-50.1068;6.78;
162.0032;39.7423;6.78;
165.7282;-72.2422;6.78;
171.1438;48.6058;6.78;
173.135;-59.7178;6.78;
175.2937;-61.1411;6.78;
180.7348;-62.1753;6.78;
191.3182;-28.766;6.78;
193.4992;-60.3354;6.78;
193.9101;0.0553;6.78;
193.9127;54.9612;6.78;
197.2126;5.2072;6.78;
199.5828;-63.4491;6.78;
203.2124;34.9071;6.78;
209.0016;-3.6619;6.78;
209.0397;25.9187;6.78;
211.7703;-63.4453;6.78;
213.391;-84.5446;6.78;
213.7565;23.6861;6.78;
215.8837;-66.645;6.78;
218.9582;-46.8158;6.78;
219.2999;-62.0109;6.78;
219.6038;-35.2765;6.78;
223.8691;12.4308;6.78;
224.8304;-51.5761;6.78;
230.9629;-57.3306;6.78;
232.7007;-53.3743;6.78;
234.0093;39.8025;6.78;
240.0493;44.2795;6.78;
241.0562;34.1788;6.78;
253.9427;67.4785;6.78;
254.0696;-61.6406;6.78;
255.325;7.4286;6.78;
258.9086;34.7076;6.78;
264.5789;36.7473;6.78;
267.5139;48.3942;6.78;z Her
267.7386;29.9958;6.78;
269.0185;-42.3233;6.78;
270.0305;6.5539;6.78;
270.6555;-20.7376;6.78;
272.8832;25.5612;6.78;
272.93;-55.3617;6.78;
277.3369;17.9839;6.78;
279.2637;-28.5131;6.78;
279.4649;-17.2313;6.78;
279.6433;15.0837;6.78;
285.2707;-62.8653;6.78;
285.344;20.8328;6.78;
287.2165;30.301;6.78;
294.793;68.6526;6.78;
296.1315;18.5886;6.78;
299.3487;28.6939;6.78;
303.3303;79.6515;6.78;
304.9576;29.7269;6.78;
305.1166;43.8545;6.78;
305.9771;16.0469;6.78;
307.0054;-25.6065;6.78;
311.3494;-30.4782;6.78;
312.1023;3.649;6.78;
313.5202;-4.5422;6.78;
314.7648;22.3505;6.78;
321.8205;5.3916;6.78;
324.5709;-69.6302;6.78;
326.8941;-37.952;6.78;
328.4779;28.3419;6.78;
329.2704;46.5924;6.78;
337.058;24.7926;6.78;
337.3431;54.2459;6.78;
338.478;-44.6904;6.78;
340.024;40.6701;6.78;
340.3569;-12.2299;6.78;
340.7208;4.9688;6.78;
340.9233;47.4118;6.78;
341.1553;-62.5484;6.78;
345.6575;-18.5417;6.78;
345.9343;-30.4448;6.78;
352.6423;-41.9888;6.78;
352.9594;44.0729;6.78;
353.1079;-10.9988;6.78;
356.8724;25.5795;6.78;
357.525;-11.1032;6.78;
357.8279;40.1985;6.78;
358.3929;51.5226;6.78;
359.7903;-42.2369;6.78;
3.4482;1.3836;6.79;
8.133;18.7949;6.79;
9.1582;-49.1323;6.79;
26.1374;-61.0187;6.79;
29.727;18.3581;6.79;
29.8316;-26.4322;6.79;
31.452;7.0284;6.79;
32.464;3.7693;6.79;
36.5677;6.2926;6.79;
38.39;-62.5867;6.79;
40.7103;-28.1513;6.79;
52.4544;-22.5055;6.79;
52.7188;-62.0079;6.79;
52.838;17.9382;6.79;
53.0498;11.5424;6.79;
57.8554;25.1629;6.79;
58.8462;31.0458;6.79;
62.1754;10.0994;6.79;
65.3819;21.0399;6.79;
72.8022;11.068;6.79;
75.4345;26.6712;6.79;
80.1795;37.4387;6.79;
81.1763;-52.313;6.79;
86.2111;-21.6592;6.79;
86.7275;56.9239;6.79;
90.6568;32.5914;6.79;
92.1058;-11.1463;6.79;
94.5353;-6.7254;6.79;
95.3245;42.3403;6.79;
95.4197;-56.3623;6.79;
96.6049;-0.7767;6.79;
98.1676;35.2937;6.79;
108.4914;-50.4716;6.79;
109.7654;-17.2133;6.79;
110.2081;-51.4046;6.79;
111.0333;-28.8279;6.79;
112.7366;51.9987;6.79;
114.4621;14.042;6.79;
114.6557;-56.2293;6.79;
116.8767;-81.5964;6.79;
120.2047;12.6784;6.79;
120.5312;2.9606;6.79;
121.3883;13.5041;6.79;
122.7904;53.2451;6.79;
125.548;2.1514;6.79;
128.5399;-53.0715;6.79;
131.5398;-10.8299;6.79;
133.103;-55.3417;6.79;
139.307;-67.6765;6.79;
140.4142;32.2642;6.79;
141.0333;25.9183;6.79;
144.7278;20.2976;6.79;
148.9791;7.6772;6.79;
154.3815;-65.4295;6.79;
158.8426;-12.8594;6.79;
160.5555;-13.7877;6.79;
160.7181;-23.549;6.79;
162.7443;-59.9573;6.79;
163.2554;-35.489;6.79;
167.4214;-58.8377;6.79;
172.1594;-54.8836;6.79;
175.88;31.762;6.79;
179.086;26.6796;6.79;
187.7683;39.582;6.79;
188.2086;-30.0447;6.79;
197.9003;-56.909;6.79;
198.2064;42.6267;6.79;
215.1203;0.1819;6.79;
215.1879;26.0755;6.79;
228.914;-27.5963;6.79;
231.2833;47.0608;6.79;
232.1598;-15.7006;6.79;
237.2104;12.7236;6.79;
247.8382;1.3088;6.79;
261.3061;-34.43;6.79;
265.0754;63.6754;6.79;
265.1507;57.3103;6.79;
268.302;-32.0324;6.79;
270.9725;30.3772;6.79;
273.4056;-31.9673;6.79;
274.2448;68.7415;6.79;
278.2921;-18.3684;6.79;
278.6749;-50.7217;6.79;
280.3182;30.2946;6.79;
288.9836;31.0355;6.79;
291.4306;-22.4517;6.79;
293.6661;48.1646;6.79;
294.6217;-65.9142;6.79;
296.9985;31.5063;6.79;
299.2074;23.7768;6.79;
299.6356;-3.5537;6.79;
320.4597;1.3616;6.79;
322.0439;-52.3024;6.79;
322.2021;49.7951;6.79;
327.1447;-47.7756;6.79;
327.6282;32.6576;6.79;
336.0021;15.2815;6.79;
339.8926;51.1556;6.79;
350.3398;-4.6728;6.79;
351.033;57.5355;6.79;
357.9732;4.7454;6.79;
358.4553;-83.0069;6.79;
0.9244;48.4369;6.8;
5.1815;61.8796;6.8;
8.6048;-45.4258;6.8;
19.4265;-7.6595;6.8;
20.8216;-33.548;6.8;
20.8254;36.5146;6.8;
29.8793;-13.8725;6.8;
30.468;-74.4457;6.8;
33.8517;24.2713;6.8;
35.8472;-26.9954;6.8;
39.1507;42.4005;6.8;
42.129;-33.7831;6.8;
47.2095;-64.5653;6.8;
51.1537;-76.7463;6.8;
58.677;2.09;6.8;
61.8574;74.6365;6.8;
65.0378;-16.4373;6.8;
65.3845;18.4176;6.8;
68.0719;37.0432;6.8;
68.34;43.0319;6.8;
68.5643;-73.2088;6.8;
70.0945;29.9722;6.8;
70.5925;-23.178;6.8;
71.7786;-59.1371;6.8;
73.0849;36.642;6.8;
75.1776;10.9134;6.8;
76.8276;-83.8599;6.8;
80.912;-37.3367;6.8;
83.6003;-4.8043;6.8;
87.2159;39.5336;6.8;
88.731;5.8608;6.8;
90.0716;12.6114;6.8;
97.1593;-0.7211;6.8;
97.3565;-22.5911;6.8;
97.594;60.1465;6.8;
97.851;-12.5597;6.8;
100.4609;14.2167;6.8;
102.2858;23.2019;6.8;
102.4302;25.4844;6.8;
102.6053;-69.9862;6.8;
111.2832;-21.1739;6.8;
113.3645;11.0117;6.8;
121.7522;-29.4029;6.8;
122.565;-22.5333;6.8;
122.5747;9.1681;6.8;
123.7362;-35.6887;6.8;
126.7674;-32.1835;6.8;
128.2952;-5.2226;6.8;
129.2656;-26.4164;6.8;
138.6821;-43.4648;6.8;
140.1846;-31.7602;6.8;
147.0882;-75.7779;6.8;
147.3881;-11.7849;6.8;
149.0576;-53.6192;6.8;
150.4346;-23.8069;6.8;
156.0814;10.5878;6.8;
156.1652;-54.3219;6.8;
156.6067;-39.362;6.8;
164.1116;57.503;6.8;
164.6563;19.622;6.8;
167.17;17.2007;6.8;
169.0825;-34.6679;6.8;
174.8757;-13.1844;6.8;
178.8765;-24.8576;6.8;
179.4266;17.4678;6.8;
182.9088;-54.4176;6.8;
190.8045;-24.9905;6.8;
195.9725;43.0076;6.8;
198.7858;35.4458;6.8;
199.5213;-44.0554;6.8;
199.5975;-28.3325;6.8;
200.5628;30.2919;6.8;
205.0364;-27.5778;6.8;
211.9853;48.2108;6.8;
212.367;2.7976;6.8;
215.5066;-28.3084;6.8;
215.6447;-20.7576;6.8;
216.0609;-33.0869;6.8;
221.8568;2.0357;6.8;
225.9553;27.0812;6.8;
230.1784;-56.1326;6.8;
234.5948;43.6043;6.8;
234.6212;-14.5169;6.8;
241.5118;13.3209;6.8;
245.1804;-21.8407;6.8;
246.7532;-82.5599;6.8;
251.8161;63.5315;6.8;
259.8503;27.2838;6.8;
266.9974;47.5839;6.8;
267.9521;-19.5252;6.8;
269.794;-38.5735;6.8;
271.4061;4.6572;6.8;
275.1611;22.7974;6.8;
275.7686;-60.7492;6.8;
276.3662;22.7068;6.8;
280.1829;-47.0272;6.8;
281.8331;16.9085;6.8;
283.4207;-31.992;6.8;
284.7125;30.1806;6.8;
284.9937;-71.9326;6.8;
284.9958;26.9657;6.8;
285.1019;33.7418;6.8;
291.3256;37.2452;6.8;
293.0028;7.4878;6.8;
299.1737;30.9472;6.8;
299.8336;84.6686;6.8;
300.9312;29.9895;6.8;
303.6089;80.5318;6.8;
308.3454;-41.5248;6.8;
311.2988;-35.1664;6.8;
312.6502;30.9127;6.8;
314.9568;55.218;6.8;
321.4432;15.6177;6.8;
326.1624;58.2257;6.8;
329.414;-8.5643;6.8;
337.4622;-78.2132;6.8;
341.8549;-17.5508;6.8;
346.3877;14.9591;6.8;
348.3138;-49.6186;6.8;
352.3576;-52.6786;6.8;
353.0529;7.0849;6.8;
5.0211;6.2926;6.81;
5.8423;-29.8473;6.81;
6.1867;-51.0439;6.81;
9.7971;-57.9679;6.81;
9.9146;-85.7009;6.81;
11.6553;-30.1909;6.81;
15.8246;-60.0975;6.81;
16.8079;49.5554;6.81;
33.7821;55.0882;6.81;
40.5031;30.9358;6.81;
46.2473;-74.3198;6.81;
54.0913;55.8868;6.81;
54.9951;63.8704;6.81;
58.6168;16.6161;6.81;
58.8148;-38.7592;6.81;
66.6272;-32.8163;6.81;
72.299;-34.3118;6.81;
72.8365;-68.0697;6.81;
74.2811;-58.0696;6.81;
80.8026;47.0216;6.81;
81.7765;-44.8621;6.81;
84.6901;-2.5997;6.81;
85.8075;41.6963;6.81;
85.9127;25.4395;6.81;
88.3113;-61.8394;6.81;
95.1123;-49.1043;6.81;
95.9118;40.5214;6.81;
97.4803;-59.5907;6.81;
101.1058;3.1416;6.81;
101.948;21.6915;6.81;
104.9986;-61.3362;6.81;
112.6978;-9.7769;6.81;
113.1439;21.4078;6.81;
113.7128;-44.2961;6.81;
116.3013;-4.454;6.81;
118.7959;9.35;6.81;
119.0269;23.6238;6.81;
119.0646;29.8521;6.81;
121.777;9.9801;6.81;
124.0411;46.8022;6.81;
125.3283;-14.9759;6.81;
126.1707;-55.3644;6.81;
126.2948;-31.9402;6.81;
126.8908;-75.3587;6.81;
127.4564;26.1929;6.81;
131.9648;-33.3984;6.81;
133.199;-47.3943;6.81;
136.1322;-56.3436;6.81;
137.2226;-53.5934;6.81;
140.7749;-53.8202;6.81;
141.7455;-48.6941;6.81;
142.8802;1.4653;6.81;
143.7487;12.6545;6.81;
146.065;-39.5712;6.81;
146.677;45.1144;6.81;
154.7491;51.4055;6.81;
157.4094;-43.0508;6.81;
160.1754;-64.6532;6.81;
160.3588;-56.0687;6.81;
163.8043;77.0876;6.81;
164.7686;-53.5392;6.81;
165.6533;-3.5126;6.81;
167.5556;-7.3894;6.81;
174.1475;-36.1213;6.81;
181.8165;-64.6818;6.81;
182.3689;-11.8571;6.81;
184.3828;-48.9256;6.81;
184.9738;-62.8542;6.81;
187.0075;-14.4509;6.81;
190.4904;-7.5003;6.81;
191.9722;-25.0153;6.81;
194.3065;8.2938;6.81;
197.0101;24.8311;6.81;
207.1446;7.9601;6.81;
210.4557;40.42;6.81;
227.1255;-80.3139;6.81;
229.3238;62.771;6.81;
231.5717;-36.5984;6.81;
232.692;34.4657;6.81;
237.2201;-1.0013;6.81;
240.923;59.0896;6.81;
241.1233;0.6722;6.81;
252.3885;-31.6514;6.81;
253.1714;18.0621;6.81;
253.3847;42.8249;6.81;
257.7682;-20.6546;6.81;
259.055;71.7924;6.81;
259.4147;-26.629;6.81;
260.6243;-54.2857;6.81;
260.9348;-58.6652;6.81;
263.2458;-17.4959;6.81;
273.7713;-29.823;6.81;
277.829;-18.9088;6.81;
278.31;-24.1095;6.81;
278.9783;72.3803;6.81;
281.4048;-48.264;6.81;
289.6731;-56.1447;6.81;
290.1129;39.9262;6.81;
296.3514;-30.903;6.81;
297.5631;17.71;6.81;
298.9886;10.2072;6.81;
302.6629;-46.7351;6.81;
305.9502;37.0261;6.81;
309.0685;-12.3812;6.81;
309.8873;42.2486;6.81;
310.2251;17.571;6.81;
310.4069;13.8088;6.81;
310.8949;-11.6415;6.81;
312.057;-19.2603;6.81;
316.5997;-34.6288;6.81;
320.4944;-9.328;6.81;
323.786;43.7033;6.81;
337.7515;-49.4333;6.81;
340.1134;4.575;6.81;
341.7267;-33.1825;6.81;
342.0335;49.5827;6.81;
343.4673;1.8431;6.81;
343.9459;44.3082;6.81;
345.0831;-8.8805;6.81;
346.2305;56.6906;6.81;
346.5695;75.5814;6.81;
347.8482;50.7714;6.81;
348.846;25.6722;6.81;
351.4116;68.956;6.81;
351.6138;40.3865;6.81;
353.395;17.8188;6.81;
353.4551;46.681;6.81;
357.7468;63.9849;6.81;
0.3902;44.6754;6.82;
2.2083;40.4945;6.82;
3.7009;-14.1777;6.82;
7.3464;-40.6654;6.82;
12.1713;52.1008;6.82;
13.4963;-48.7914;6.82;
15.9723;47.6423;6.82;
16.208;74.3721;6.82;
23.1018;68.4089;6.82;
25.7963;48.5168;6.82;
26.1533;-34.4061;6.82;
28.7349;56.5825;6.82;
32.7236;39.0433;6.82;
32.9763;-47.1704;6.82;
34.7863;19.6877;6.82;
37.6699;40.1676;6.82;
38.4022;18.88;6.82;
42.4079;0.921;6.82;
55.03;34.1165;6.82;
55.1675;-19.4729;6.82;
58.0713;-0.6556;6.82;
58.9045;52.2268;6.82;
59.9061;-56.4728;6.82;
72.9883;9.8727;6.82;
80.5777;-8.6661;6.82;
81.9606;-32.4177;6.82;
83.2621;68.013;6.82;
83.7649;24.2908;6.82;
83.8607;-15.7379;6.82;
85.3616;3.778;6.82;
85.9865;66.6261;6.82;
88.1022;-52.0552;6.82;
89.7573;-51.2232;6.82;
90.5265;-38.9893;6.82;
98.5338;-29.6296;6.82;
100.0887;40.9697;6.82;
107.0912;-20.8594;6.82;
107.354;-60.3804;6.82;
109.8032;-24.9557;6.82;
110.6485;-32.046;6.82;
111.4837;-14.1788;6.82;
113.2056;-2.0344;6.82;
113.7479;4.4395;6.82;
114.1088;-54.1872;6.82;
115.4495;54.7658;6.82;
115.7347;-21.9947;6.82;
117.4488;26.2638;6.82;
120.488;-27.2148;6.82;
121.4488;2.1651;6.82;
129.6533;-74.0742;6.82;
132.4188;-8.6381;6.82;
139.1148;-13.8341;6.82;
139.3011;1.9296;6.82;
140.8731;7.7137;6.82;
143.3223;-57.9634;6.82;
147.4445;31.077;6.82;
150.6543;-20.424;6.82;
152.56;-48.0141;6.82;
158.1189;-6.0751;6.82;
158.7084;27.9616;6.82;
160.3764;-35.7311;6.82;
165.2074;-52.075;6.82;
166.4406;-47.4423;6.82;
167.3069;-1.3333;6.82;
167.3198;51.379;6.82;
168.4614;-52.8559;6.82;
168.9847;12.6136;6.82;
175.4738;-60.2308;6.82;
176.8442;-18.3807;6.82;
179.8498;1.8267;6.82;
183.1057;-60.0678;6.82;
183.8066;16.9074;6.82;
185.7504;-24.8712;6.82;
187.0703;-61.7657;6.82;
191.9512;50.157;6.82;
193.7791;-42.2909;6.82;
197.7181;21.2337;6.82;
197.8848;21.9187;6.82;
198.4042;56.7083;6.82;
198.508;-62.6539;6.82;
201.1086;-4.309;6.82;
201.4919;-35.0758;6.82;
203.0917;36.8182;6.82;
204.1091;-42.4153;6.82;
207.5979;21.2766;6.82;
209.154;15.8911;6.82;
213.2907;-13.8599;6.82;
213.4776;29.1054;6.82;
215.4941;-1.9881;6.82;
215.6611;-7.7682;6.82;
218.8729;-89.7717;6.82;
220.5095;-12.2349;6.82;
221.0738;-24.1287;6.82;
223.4128;2.2375;6.82;
224.0017;24.386;6.82;
226.959;63.1171;6.82;
227.1885;-61.6338;6.82;
233.0579;-45.0675;6.82;
234.5693;24.5219;6.82;
236.7686;-35.5103;6.82;
237.4679;-17.9019;6.82;
248.2362;50.1421;6.82;
250.4883;73.8874;6.82;
252.1027;-31.2037;6.82;
253.2302;75.3928;6.82;
253.783;-6.651;6.82;
257.5648;0.4816;6.82;
258.2464;-58.597;6.82;
258.4135;21.4313;6.82;
261.3735;-29.6707;6.82;
267.7704;5.229;6.82;
268.1544;-5.2621;6.82;
271.6231;-58.5709;6.82;
272.7084;44.5983;6.82;
273.266;2.9806;6.82;
273.4479;-46.3126;6.82;
282.5835;-7.9076;6.82;
285.209;42.2525;6.82;
285.3305;29.5189;6.82;
288.9902;31.2408;6.82;
289.4166;22.4412;6.82;
290.1712;-24.2104;6.82;
290.2495;19.1455;6.82;
292.988;-54.1652;6.82;
293.7817;19.005;6.82;
295.8543;22.495;6.82;
298.0655;28.252;6.82;
303.8856;2.8466;6.82;
307.1109;-9.3704;6.82;
307.2082;-1.7346;6.82;
308.2774;54.457;6.82;
313.3841;-19.1137;6.82;
314.303;69.0576;6.82;
319.9199;53.0581;6.82;
327.098;32.7962;6.82;
327.9173;19.3069;6.82;
333.7646;43.7733;6.82;
339.6978;44.3139;6.82;
339.7085;4.5302;6.82;
339.8538;81.3921;6.82;
343.2057;46.5484;6.82;
345.9089;-26.8133;6.82;
349.9989;-47.5401;6.82;
357.9174;4.6979;6.82;
357.9619;42.9098;6.82;
0.3964;28.4237;6.83;
1.9207;-65.9324;6.83;
2.635;33.1309;6.83;
4.5384;46.2143;6.83;
7.6965;16.0376;6.83;
9.9317;-11.1508;6.83;
15.1166;21.2491;6.83;
15.6777;9.133;6.83;
23.8888;72.442;6.83;
26.4792;3.4176;6.83;
28.6873;50.2958;6.83;
38.833;-3.5606;6.83;
39.209;-20.1219;6.83;
51.0038;19.9071;6.83;
56.4607;55.0638;6.83;
56.7475;24.5201;6.83;
56.8727;24.2883;6.83;
59.8345;-43.9175;6.83;
67.6406;-23.0244;6.83;
80.9636;36.3984;6.83;
85.8105;-33.425;6.83;
86.3045;-31.6693;6.83;
89.8537;45.6196;6.83;
91.7491;-46.2056;6.83;
92.6104;-77.1056;6.83;
94.77;47.394;6.83;
101.7056;16.7725;6.83;
102.2107;-29.7437;6.83;
104.2491;24.6428;6.83;
104.5028;-46.0959;6.83;
105.2443;10.625;6.83;
105.9955;-43.6113;6.83;
110.3423;-48.5271;6.83;
115.0566;41.1635;6.83;
117.5563;39.7707;6.83;
117.7508;31.6135;6.83;
117.8353;-9.4047;6.83;
120.7799;-41.126;6.83;
122.3702;55.2558;6.83;
123.7042;43.035;6.83;
126.9201;-4.4149;6.83;
127.4016;8.4172;6.83;
130.18;19.7193;6.83;
133.085;-12.8087;6.83;
135.9309;-5.1714;6.83;
137.4701;-47.4762;6.83;
140.8108;-21.0377;6.83;
141.7363;14.3031;6.83;
144.7077;-64.4892;6.83;
144.8608;-54.7534;6.83;
145.311;8.9954;6.83;
146.8951;-38.1897;6.83;
151.0862;-48.4457;6.83;
152.803;-67.8924;6.83;
155.7469;-24.3337;6.83;
157.0119;-57.1985;6.83;
159.1474;-28.7718;6.83;
164.4076;-45.8759;6.83;
167.4948;-29.7942;6.83;
174.1423;6.1064;6.83;
178.1926;15.4363;6.83;
179.4426;-60.4513;6.83;
179.8429;-30.0608;6.83;
185.2775;-42.562;6.83;
191.6362;24.1451;6.83;
194.0775;-55.5611;6.83;
196.5946;22.2799;6.83;
198.2651;38.2771;6.83;
201.4169;15.5641;6.83;
203.8087;44.197;6.83;
206.8925;-71.2311;6.83;
208.6598;-34.5975;6.83;
209.0191;-55.9531;6.83;
209.1303;-27.6381;6.83;
209.7309;53.1065;6.83;
215.7162;-39.624;6.83;
216.3655;-28.8956;6.83;
219.5562;-45.8719;6.83;
222.2219;5.9544;6.83;
222.8756;-74.9331;6.83;
224.2015;74.9009;6.83;Baekdu
234.1173;-66.5454;6.83;
236.0432;-50.2157;6.83;
236.7122;-58.1252;6.83;
238.9295;-44.5324;6.83;
239.9794;-33.3853;6.83;
243.2994;-49.8847;6.83;
251.4872;-61.6635;6.83;
251.9092;79.5037;6.83;
264.55;-28.0468;6.83;
266.4867;-48.9343;6.83;
269.4857;43.4171;6.83;
273.7342;49.1583;6.83;
273.8158;54.1407;6.83;
275.4519;21.5078;6.83;
278.3111;18.9156;6.83;
278.7236;-52.3875;6.83;
280.3688;12.2365;6.83;
281.6969;-29.6316;6.83;
283.8569;40.1772;6.83;
285.4525;12.5409;6.83;
287.442;37.7942;6.83;
289.8654;31.9663;6.83;
296.1155;-41.6091;6.83;
300.2535;-64.8079;6.83;
300.9567;14.983;6.83;
304.0863;22.2872;6.83;
305.2547;-10.9827;6.83;
306.2684;-19.4337;6.83;
311.8486;-45.8545;6.83;
312.9832;8.7727;6.83;
313.9959;44.3739;6.83;
316.4813;20.9467;6.83;
321.3478;-45.1619;6.83;
321.5309;18.0651;6.83;
323.2921;48.3034;6.83;
325.201;3.8969;6.83;
328.1129;54.683;6.83;
331.7606;11.7677;6.83;
331.813;-22.2407;6.83;
332.3525;-70.9041;6.83;
334.2918;-34.7608;6.83;
334.517;13.9503;6.83;
339.7691;37.3754;6.83;
342.1174;-27.5644;6.83;
353.1458;53.6864;6.83;
358.1662;-18.5619;6.83;
359.9437;-0.2801;6.83;
2.4793;-2.5613;6.84;
4.2246;-52.6511;6.84;
8.1648;23.1934;6.84;
9.4197;21.0997;6.84;
14.6796;47.0366;6.84;
15.7241;51.7981;6.84;
16.0692;54.2042;6.84;
16.0998;-47.9403;6.84;
16.5265;-10.9854;6.84;
20.1694;-13.89;6.84;
22.7455;49.3432;6.84;
24.9923;41.6667;6.84;
30.2379;-78.8703;6.84;
32.6248;81.482;6.84;
34.6732;8.1807;6.84;
38.0929;40.2725;6.84;
38.4326;-72.3491;6.84;
38.9101;-14.9452;6.84;
41.3195;-46.287;6.84;
43.0937;42.021;6.84;
43.8417;27.7224;6.84;
44.9474;61.2899;6.84;
47.3423;64.2997;6.84;
48.5717;74.2431;6.84;
53.6787;-54.3223;6.84;
54.1041;-79.0987;6.84;
55.2997;58.8449;6.84;
59.297;21.3235;6.84;
59.3179;41.8806;6.84;
62.4548;-3.5735;6.84;
66.0581;51.9371;6.84;
84.5572;-1.1692;6.84;
86.6754;-36.2314;6.84;
87.5389;-32.8093;6.84;
90.0601;33.1369;6.84;
92.8466;20.9054;6.84;
93.9854;10.2817;6.84;
95.5967;-45.9603;6.84;
96.0254;-36.703;6.84;
99.1;59.6645;6.84;
99.3912;12.1806;6.84;
100.2577;-7.5726;6.84;
101.0724;40.6229;6.84;
101.8449;-48.5636;6.84;
102.8992;9.4401;6.84;
103.6784;24.2456;6.84;
104.4751;41.7055;6.84;
105.5316;-6.0224;6.84;
107.0263;44.04;6.84;
108.8712;-58.5426;6.84;
110.9742;-17.4134;6.84;
112.9924;-5.9427;6.84;
114.5864;33.1868;6.84;
118.5554;21.1053;6.84;
118.8716;-19.0474;6.84;
119.0905;-20.4633;6.84;
119.753;-48.3763;6.84;
119.903;79.8615;6.84;
120.9603;22.0708;6.84;
120.9718;-68.9368;6.84;
123.3403;56.5279;6.84;
123.3657;48.2808;6.84;
124.7457;56.2547;6.84;
128.5962;-82.5667;6.84;
131.4859;-32.1638;6.84;
134.1409;45.7641;6.84;
138.8941;-33.324;6.84;
139.789;-56.3655;6.84;
142.7298;-5.6615;6.84;
146.0286;42.0509;6.84;
148.5733;59.9204;6.84;
156.174;82.8017;6.84;
157.7385;-44.3678;6.84;
158.7693;-57.6771;6.84;
161.4607;-40.9734;6.84;
162.6667;-61.2695;6.84;
164.7363;-19.6048;6.84;
169.4134;-33.5471;6.84;
169.5058;22.1799;6.84;
171.9834;44.5658;6.84;
174.4031;44.7163;6.84;
174.9876;-33.4499;6.84;
177.2577;16.1324;6.84;
184.5462;-52.3063;6.84;
184.8341;-8.9147;6.84;
190.1502;-14.0998;6.84;
197.3648;-48.5246;6.84;
200.5267;-14.4199;6.84;
207.5259;18.6289;6.84;
209.6244;-14.1221;6.84;
211.6251;-34.8987;6.84;
212.1208;-11.8295;6.84;
216.3456;-55.0182;6.84;
217.2352;3.7196;6.84;
222.7446;-42.8225;6.84;
223.6484;30.0637;6.84;
224.8941;53.8602;6.84;
227.4023;-68.7214;6.84;
229.308;-66.0923;6.84;
232.3471;47.7134;6.84;
232.7453;-47.9203;6.84;
243.4393;-8.118;6.84;
244.4415;31.8044;6.84;
246.11;52.2894;6.84;
248.2323;-10.5625;6.84;
248.4966;52.238;6.84;
249.2854;-52.3817;6.84;
257.1398;24.4865;6.84;
260.1257;44.1921;6.84;
263.1049;26.4395;6.84;
264.1533;13.8133;6.84;
271.3782;51.9471;6.84;
271.3871;-37.4718;6.84;
272.0909;44.1126;6.84;
272.3391;29.9517;6.84;
273.5322;28.2164;6.84;
274.922;-45.6992;6.84;
275.5492;51.5419;6.84;
276.2921;64.8384;6.84;
277.1455;-77.3662;6.84;
279.6745;-30.0279;6.84;
281.5654;-72.8136;6.84;
282.7495;-20.2952;6.84;
286.6463;-1.3461;6.84;
287.7428;-6.6219;6.84;
288.7533;-48.9626;6.84;
290.1064;32.0989;6.84;
291.1892;16.957;6.84;
291.8607;18.2959;6.84;
292.8425;-46.273;6.84;
292.8684;55.2648;6.84;
296.1492;13.2303;6.84;
297.9378;-13.0327;6.84;
298.4695;26.5934;6.84;
300.7608;18.2955;6.84;
302.7371;68.2722;6.84;
304.8575;-20.9508;6.84;
307.1842;-23.9838;6.84;
309.1498;-71.0714;6.84;
312.6256;-24.9828;6.84;
312.901;-27.9953;6.84;
314.4536;4.1955;6.84;
318.7588;-49.0976;6.84;
322.9266;48.5846;6.84;
327.34;15.7612;6.84;
327.9513;64.8999;6.84;
328.0895;-41.4127;6.84;
331.7954;72.3728;6.84;
333.4299;-68.1264;6.84;
338.6127;-34.6753;6.84;
339.0268;-16.388;6.84;
339.093;37.8422;6.84;
341.788;-41.6918;6.84;
345.5877;23.3405;6.84;
350.9101;54.031;6.84;
351.7899;-62.7371;6.84;
351.8217;65.6209;6.84;
355.9751;-45.4626;6.84;
358.8195;-31.8843;6.84;
358.9071;8.2233;6.84;
5.044;-13.0615;6.85;
9.36;40.3324;6.85;
15.1684;-1.6586;6.85;
21.0513;-31.812;6.85;
22.8915;-19.023;6.85;
24.2013;-48.8039;6.85;
28.9273;81.959;6.85;
28.9518;30.3547;6.85;
30.3068;41.2124;6.85;
36.3611;35.0419;6.85;
40.9154;-33.0455;6.85;
42.055;-3.6192;6.85;
44.7845;-55.5654;6.85;
44.894;-53.9086;6.85;
51.3259;58.6945;6.85;
51.7715;48.2055;6.85;
54.9135;-56.2346;6.85;
56.4534;23.1471;6.85;
58.8536;49.0406;6.85;
64.9786;16.5226;6.85;
68.511;-28.4496;6.85;
71.4569;-34.005;6.85;
71.6023;64.8103;6.85;
72.5151;8.4078;6.85;
79.3824;24.0097;6.85;
80.9305;56.0889;6.85;
82.0385;16.439;6.85;
84.7365;49.4162;6.85;
85.4863;35.6313;6.85;
85.6372;-0.0161;6.85;
86.3745;52.1611;6.85;
88.6632;-26.6603;6.85;
92.5991;2.9019;6.85;
92.8159;47.9068;6.85;
93.0024;6.7831;6.85;
93.0468;-65.5312;6.85;
93.3529;-15.3841;6.85;
93.424;-51.6675;6.85;
96.1408;11.2565;6.85;
96.4253;14.0927;6.85;
97.5917;28.2121;6.85;
98.1931;-61.8279;6.85;
100.4883;-20.2497;6.85;
102.3825;-32.5422;6.85;
102.5091;12.0581;6.85;
114.1326;-25.3328;6.85;
114.377;18.9178;6.85;
117.052;-24.5772;6.85;
118.5092;-41.7029;6.85;
125.4013;-11.0457;6.85;
130.0879;-42.3892;6.85;
130.8756;-61.6888;6.85;
131.4089;-77.0753;6.85;
134.0827;-37.1225;6.85;
135.0248;-74.3999;6.85;
139.3247;33.5008;6.85;
144.419;1.696;6.85;
145.2766;-66.0802;6.85;
147.3218;-8.8351;6.85;
147.7655;-23.0173;6.85;
148.8974;-17.4695;6.85;
153.9866;-55.5197;6.85;
154.0719;78.947;6.85;
154.7395;17.7059;6.85;
157.2022;14.3437;6.85;
157.6502;36.2735;6.85;
160.65;-75.4638;6.85;
162.7855;11.5788;6.85;
167.0562;-52.4022;6.85;
169.2941;-41.3905;6.85;
174.3858;-39.3588;6.85;
175.889;-52.6197;6.85;
176.099;-20.6958;6.85;
177.1734;-14.3446;6.85;
182.2821;-78.7813;6.85;
182.6971;39.8915;6.85;
183.9023;-20.5295;6.85;
184.9392;-76.801;6.85;
186.3085;-25.9864;6.85;
193.3054;-39.3902;6.85;
193.9367;32.0006;6.85;
194.545;-47.0649;6.85;
197.0911;-36.2241;6.85;
199.1326;-44.7044;6.85;
201.5338;-32.5473;6.85;
208.9713;-9.7553;6.85;
212.699;0.7996;6.85;
218.2626;5.3233;6.85;
222.4555;-32.4272;6.85;
222.567;-58.9767;6.85;
223.1003;-46.7599;6.85;
236.1522;80.9322;6.85;
237.12;22.4155;6.85;
241.0012;73.1484;6.85;
241.204;70.2617;6.85;
245.3953;0.0768;6.85;
247.4446;7.7489;6.85;
248.6154;8.674;6.85;
250.2825;-11.8386;6.85;
256.8625;-65.7475;6.85;
265.8289;-57.724;6.85;
266.5305;5.5302;6.85;
276.32;-57.0955;6.85;
279.6009;63.5329;6.85;
280.0907;26.1309;6.85;
282.6022;24.1067;6.85;
283.6369;20.6153;6.85;
287.4324;-27.1144;6.85;
295.4191;30.8086;6.85;
299.7878;27.5126;6.85;
300.9;-37.5285;6.85;
303.3949;16.2652;6.85;
303.8683;-7.5314;6.85;
307.5602;19.421;6.85;
307.7755;15.8076;6.85;
309.9993;8.447;6.85;
313.1294;-13.2029;6.85;
313.3889;31.6262;6.85;
314.5487;-69.1462;6.85;
314.995;32.4956;6.85;
317.9522;29.7117;6.85;
319.3568;-30.7457;6.85;
320.6207;49.4914;6.85;
320.6737;76.5551;6.85;
321.3538;-14.2773;6.85;
323.5629;-3.4106;6.85;
326.8534;-4.6086;6.85;
327.8525;-23.2706;6.85;
334.8327;-28.2086;6.85;
336.1567;-39.1271;6.85;
336.6446;-7.3775;6.85;
341.6233;54.8721;6.85;
341.8287;53.3818;6.85;
343.3146;-45.1477;6.85;
343.5715;56.333;6.85;
345.6628;63.3408;6.85;
345.9272;-40.817;6.85;
354.9705;63.7254;6.85;
355.2692;41.8506;6.85;
357.7542;-48.6594;6.85;
3.4396;-23.2148;6.86;
5.3962;38.1871;6.86;
7.1384;-11.2372;6.86;
7.7495;-10.0847;6.86;
11.06;-49.3859;6.86;
11.6575;46.8938;6.86;
11.9959;51.4448;6.86;
12.7184;-71.1514;6.86;
15.3293;45.4521;6.86;
17.0639;28.8679;6.86;
19.3595;57.6321;6.86;
21.8679;-9.2972;6.86;
23.8506;53.3456;6.86;
28.294;28.8189;6.86;
31.5072;41.5329;6.86;
35.304;54.5101;6.86;
38.3189;-75.8935;6.86;
41.3873;-42.8387;6.86;
42.3096;57.0332;6.86;
43.6532;-30.8908;6.86;
44.953;57.6632;6.86;
46.0392;38.0795;6.86;
47.3943;19.3807;6.86;
52.6691;-9.7302;6.86;
53.9078;31.6804;6.86;
54.903;-17.3651;6.86;
55.1615;28.7733;6.86;
56.1875;27.9211;6.86;
57.6564;-36.4256;6.86;
61.7134;-49.6285;6.86;
64.5592;-14.6388;6.86;
64.9267;-25.0248;6.86;
66.7131;17.0286;6.86;
68.3293;64.1698;6.86;
73.7349;8.6;6.86;
75.6311;7.424;6.86;
75.7582;-8.6632;6.86;
78.4552;37.0327;6.86;
80.6346;-73.8014;6.86;
81.5038;-32.2092;6.86;
81.9369;-39.2219;6.86;
82.4646;60.2686;6.86;
84.5637;-4.1082;6.86;
85.1208;61.9489;6.86;
85.2277;-11.2001;6.86;
87.082;-33.4318;6.86;
88.032;-25.9432;6.86;
89.6927;60.3799;6.86;
93.9126;36.1487;6.86;
94.5231;-53.5591;6.86;
94.6574;29.7814;6.86;
94.9104;-63.8236;6.86;
94.9125;68.6769;6.86;
95.9482;2.6657;6.86;
100.5714;7.3978;6.86;
102.9659;-2.176;6.86;
103.5838;-31.8016;6.86;
103.9206;-68.5057;6.86;
105.0753;15.5353;6.86;
105.6907;-49.928;6.86;
105.9288;-25.0839;6.86;
110.7118;55.2843;6.86;
112.036;46.5217;6.86;
113.0112;2.7254;6.86;
117.12;28.7642;6.86;
119.2626;-34.3784;6.86;
119.4384;-60.9265;6.86;
121.9222;-3.4067;6.86;
129.4165;-46.2827;6.86;
131.5947;82.2393;6.86;
132.6844;35.071;6.86;
133.8212;-11.3717;6.86;
134.9914;26.4345;6.86;
140.9178;5.2196;6.86;
141.7222;-54.3517;6.86;
146.6103;-59.3527;6.86;
147.7053;11.8424;6.86;
151.2577;-56.8979;6.86;
153.1772;28.242;6.86;
156.9412;59.5972;6.86;
160.6137;-8.7272;6.86;
166.7703;25.5371;6.86;
168.8423;-66.5119;6.86;
168.8483;-11.5882;6.86;
171.9295;-60.4958;6.86;
175.3593;-41.0183;6.86;
177.303;-57.6916;6.86;
183.5272;32.7842;6.86;
187.2904;-2.4296;6.86;
187.7096;-4.0608;6.86;
194.3832;-65.6465;6.86;
194.7363;39.8443;6.86;
205.669;-61.7378;6.86;
208.3366;42.1848;6.86;
214.732;38.7674;6.86;
214.7667;19.0654;6.86;
221.1876;-9.7041;6.86;
225.7393;-47.942;6.86;
225.8401;56.0351;6.86;
228.1095;-18.0899;6.86;
228.1234;-63.0335;6.86;
228.8127;-70.5196;6.86;
229.2473;-38.4476;6.86;
229.4987;30.8329;6.86;
232.3157;-65.8902;6.86;
238.6733;-22.7663;6.86;
240.5087;40.0228;6.86;
242.0452;-53.079;6.86;
242.2889;50.1809;6.86;
242.348;63.4076;6.86;
245.7255;-75.9747;6.86;
250.7676;36.5096;6.86;
253.5783;46.539;6.86;
259.404;1.7425;6.86;
260.3061;-63.5822;6.86;
261.6315;0.8221;6.86;
268.1057;60.3964;6.86;
268.3141;-5.9289;6.86;
268.7998;69.6156;6.86;
269.0887;-21.9561;6.86;
270.6281;58.6273;6.86;
271.294;-24.3986;6.86;
271.2966;66.9455;6.86;
278.8607;-32.8908;6.86;
282.0492;-14.7084;6.86;
282.2844;83.9051;6.86;
284.774;43.721;6.86;
285.6294;62.7055;6.86;
285.7938;-47.0513;6.86;
287.004;-7.8479;6.86;
287.1953;-25.0793;6.86;
288.5163;67.1156;6.86;
289.79;-15.9083;6.86;
294.4525;-13.9564;6.86;
294.5019;-32.9128;6.86;
295.5543;-36.6334;6.86;
299.5595;16.4937;6.86;
301.6042;39.0987;6.86;
303.9405;15.3171;6.86;
304.6461;17.3622;6.86;
305.6342;34.9907;6.86;
307.8835;21.8951;6.86;
315.0241;-69.5794;6.86;
315.3579;-32.8956;6.86;
315.6463;48.0307;6.86;
316.9269;-2.0522;6.86;
317.3258;-37.9331;6.86;
321.9763;46.5615;6.86;
322.4173;-14.0269;6.86;
322.7556;59.4182;6.86;
323.8071;-34.3297;6.86;
326.0016;-57.2831;6.86;
328.2799;56.2126;6.86;
332.1743;47.9335;6.86;
334.696;19.9621;6.86;
336.4455;63.3283;6.86;
341.8846;-69.4745;6.86;
343.0862;10.4144;6.86;
343.5297;-12.1904;6.86;
346.3423;-16.8984;6.86;
353.8704;31.0172;6.86;
359.5902;-63.003;6.86;
1.8966;31.669;6.87;
3.0337;53.6239;6.87;
7.119;32.4377;6.87;
7.9787;19.643;6.87;
9.6692;-73.1376;6.87;
12.858;63.7812;6.87;
12.9879;33.89;6.87;
16.725;59.8586;6.87;
19.6917;72.4014;6.87;
20.6811;4.7382;6.87;
23.5975;-28.2367;6.87;
28.4759;49.943;6.87;
29.4812;40.7606;6.87;
29.7087;73.1524;6.87;
30.0626;44.42;6.87;
30.6041;12.6851;6.87;
34.7244;-19.5346;6.87;
50.2638;73.6991;6.87;
51.1026;-13.993;6.87;
54.6122;49.2057;6.87;
56.5553;-9.8828;6.87;
61.1795;32.5712;6.87;
62.2229;23.0986;6.87;
63.8615;-16.4452;6.87;
66.1366;50.8452;6.87;
66.7769;-62.7996;6.87;
74.5083;-58.2082;6.87;
82.4065;-0.0213;6.87;
83.3175;-34.304;6.87;
83.5709;41.1234;6.87;
86.4142;20.695;6.87;
87.4814;31.7857;6.87;
94.3079;-26.9329;6.87;
96.4921;58.6033;6.87;
98.9779;43.7058;6.87;
99.1079;6.0832;6.87;
99.1164;-31.8869;6.87;
99.3332;-43.4513;6.87;
99.6698;41.5815;6.87;
102.6802;-4.2662;6.87;
107.0276;-57.3311;6.87;
107.8442;-39.1021;6.87;
108.9845;-16.2353;6.87;
119.4156;77.5764;6.87;
120.5691;60.9935;6.87;
124.3316;-47.9201;6.87;
127.0298;21.1485;6.87;
128.0974;-49.6013;6.87;
128.4795;58.6072;6.87;
129.0862;-70.6767;6.87;
130.7787;-45.5617;6.87;
131.1299;5.2859;6.87;
131.4629;-37.8773;6.87;
131.5809;-47.5499;6.87;
133.2999;17.3685;6.87;
135.7618;49.9482;6.87;
135.8845;53.1083;6.87;
137.9871;18.0441;6.87;
142.5822;-33.4039;6.87;
148.6443;-12.9515;6.87;
149.5298;-62.5854;6.87;
153.2541;-19.6892;6.87;
158.7759;-69.3515;6.87;
159.3627;-12.3939;6.87;
161.04;-51.9237;6.87;
166.1389;12.667;6.87;
167.1712;-86.2309;6.87;
168.3228;-50.1225;6.87;
168.7857;-39.477;6.87;
170.728;-50.7867;6.87;
175.1003;0.9522;6.87;
177.7956;-7.9916;6.87;
180.4618;-73.2985;6.87;
182.4532;77.3904;6.87;
191.6285;-11.8124;6.87;
192.4526;26.4313;6.87;
198.6849;-63.5811;6.87;
199.6037;-45.7647;6.87;
201.6102;-34.0101;6.87;
205.6854;-61.892;6.87;
210.343;31.5636;6.87;
212.405;15.6215;6.87;
216.657;-39.5232;6.87;
216.7449;-59.2376;6.87;
220.6878;-19.3117;6.87;
221.0148;61.0983;6.87;
222.1322;-17.3403;6.87;
223.2228;32.6909;6.87;
227.2246;-59.1421;6.87;
229.6408;-47.8793;6.87;
229.6897;58.5035;6.87;
231.7937;84.8252;6.87;
232.8217;-33.8198;6.87;
235.3165;-13.9703;6.87;
236.3649;-65.7497;6.87;
238.6066;5.2941;6.87;
240.4216;-3.7634;6.87;
241.2854;-3.5276;6.87;
245.4038;-51.7511;6.87;
245.7233;-17.0191;6.87;
246.9904;32.6995;6.87;
248.3713;30.4991;6.87;
249.2247;22.8679;6.87;
250.3311;-48.7632;6.87;
251.044;23.5175;6.87;
254.9587;58.4626;6.87;
256.9518;55.7681;6.87;
258.247;7.7494;6.87;
259.3563;-66.951;6.87;
259.5206;3.1471;6.87;
263.7811;-13.6379;6.87;
269.2873;37.8029;6.87;
270.2707;47.4031;6.87;
275.0701;-35.4287;6.87;
276.514;0.7805;6.87;
282.0558;-19.1989;6.87;
282.8328;-17.1543;6.87;
285.5208;60.1285;6.87;
286.7429;-22.4976;6.87;
292.8182;47.4812;6.87;
293.0227;25.5963;6.87;
293.4739;56.4599;6.87;
295.7793;24.5979;6.87;
296.7876;-17.0781;6.87;
297.0037;27.8695;6.87;
298.8501;-19.2929;6.87;
301.0588;17.7349;6.87;
302.7748;-6.0877;6.87;
303.7257;32.8687;6.87;
307.0777;18.7695;6.87;
311.1386;-14.1858;6.87;
314.0483;43.4243;6.87;
317.172;-37.2427;6.87;
318.3727;-47.5507;6.87;
318.6515;56.8834;6.87;
325.4142;-32.531;6.87;
329.1499;21.1612;6.87;
330.0712;34.6296;6.87;
331.8255;-10.4469;6.87;
332.8631;-27.1524;6.87;
334.8573;60.1478;6.87;
336.8383;-58.0006;6.87;
339.3124;42.8103;6.87;
341.9706;65.0622;6.87;
349.003;35.3997;6.87;
353.9274;51.264;6.87;
359.1972;4.7251;6.87;
1.3042;35.571;6.88;
6.44;-27.7102;6.88;
8.5812;-42.4312;6.88;
15.6484;27.748;6.88;
18.505;-13.4753;6.88;
22.3843;-9.4891;6.88;
24.7799;61.0791;6.88;
27.5659;-12.8869;6.88;
30.459;-63.6227;6.88;
30.7572;3.3586;6.88;
31.8928;-0.6174;6.88;
33.4655;19.6144;6.88;
34.7174;12.9923;6.88;
43.5588;42.5888;6.88;
44.7364;77.0801;6.88;
48.459;-38.8094;6.88;
48.6671;-35.5577;6.88;
52.396;-23.4757;6.88;
54.1955;34.3476;6.88;
55.3266;28.7028;6.88;
56.6094;13.5091;6.88;
59.1194;-25.1813;6.88;
61.7523;-10.0005;6.88;
62.4119;31.6521;6.88;
71.2294;52.3397;6.88;
72.5419;63.6254;6.88;
74.0043;1.6252;6.88;
82.1868;-65.4486;6.88;
82.4318;35.1088;6.88;
82.8614;38.3196;6.88;
84.1099;21.9931;6.88;
84.1514;-35.0612;6.88;
89.228;-8.384;6.88;
90.2014;67.014;6.88;
90.7633;-37.5471;6.88;
90.7791;20.5863;6.88;
91.5094;-5.8802;6.88;
92.6247;22.9979;6.88;
93.1215;-36.5637;6.88;
94.5726;-5.6543;6.88;
95.5054;44.0585;6.88;
96.6572;15.5237;6.88;
96.6808;0.4542;6.88;
98.2758;1.2733;6.88;
99.4008;-55.3437;6.88;
100.3784;-20.3176;6.88;
101.5471;42.2656;6.88;
106.4902;36.573;6.88;
108.0045;43.843;6.88;
108.6106;24.7111;6.88;
110.0399;16.1403;6.88;
110.1295;0.4036;6.88;
110.182;3.5817;6.88;
110.3787;37.6628;6.88;
111.515;-15.6659;6.88;
114.0802;-69.0565;6.88;
115.8735;-54.2413;6.88;
122.2067;27.4804;6.88;
123.0483;48.9593;6.88;
126.035;-19.1359;6.88;
127.2234;-72.0818;6.88;
128.1471;-5.8995;6.88;
129.4154;-40.4356;6.88;
130.1791;51.4307;6.88;
134.928;-27.8163;6.88;
135.0045;-49.558;6.88;
136.2083;-46.816;6.88;
142.1394;12.3853;6.88;
144.5134;-54.2191;6.88;
146.499;-35.8638;6.88;
152.5884;-67.2634;6.88;
154.968;-51.5678;6.88;
157.426;1.4911;6.88;
157.4737;28.5812;6.88;
159.9913;-52.2841;6.88;
162.9842;-58.4155;6.88;
164.2831;-0.312;6.88;
167.7283;-58.4553;6.88;
169.2213;-38.3987;6.88;
171.2987;-73.6324;6.88;
171.4092;29.9873;6.88;
171.6418;-21.3565;6.88;
172.9495;-73.9027;6.88;
173.8088;-35.612;6.88;
175.0388;23.7082;6.88;
175.9795;-9.1324;6.88;
182.8454;-16.7908;6.88;
186.0539;-38.9138;6.88;
192.0557;52.4532;6.88;
192.0686;-44.7188;6.88;
193.5745;-70.0368;6.88;
200.5344;-12.5795;6.88;
202.3717;-18.7291;6.88;
202.663;9.3168;6.88;
205.1807;52.7718;6.88;
207.7488;53.2905;6.88;
210.285;-37.47;6.88;
210.8416;22.4958;6.88;
212.9045;42.3407;6.88;
214.206;-5.644;6.88;
214.4496;55.4254;6.88;
217.3429;80.8099;6.88;
217.3797;-26.0133;6.88;
223.7506;74.8812;6.88;
226.8303;8.9585;6.88;
229.1349;-39.5609;6.88;
234.7475;85.2859;6.88;
234.9771;-19.7691;6.88;
235.2142;-44.6229;6.88;
236.4433;-30.0415;6.88;
238.7546;75.5743;6.88;
242.1374;-62.9819;6.88;
244.7892;-6.8763;6.88;
246.9777;25.9844;6.88;
249.1308;-8.854;6.88;
251.4875;-67.7502;6.88;
252.9393;20.5741;6.88;
259.3944;28.9133;6.88;
260.6152;24.8794;6.88;
264.8772;44.0013;6.88;
268.3926;-27.2826;6.88;
268.5599;-34.7276;6.88;
270.0526;8.856;6.88;
271.1775;-59.2096;6.88;
273.3547;11.8843;6.88;
277.2997;-29.2595;6.88;
279.2893;0.9511;6.88;
279.3356;11.3558;6.88;
279.3575;-47.0746;6.88;
281.6643;-39.7309;6.88;
282.6069;7.4582;6.88;
285.0489;-60.2037;6.88;
285.6586;14.567;6.88;
286.2856;9.6421;6.88;
288.6517;-29.8312;6.88;
289.7421;40.3605;6.88;
291.2333;-44.1948;6.88;
291.2915;-51.1006;6.88;
291.9753;20.2474;6.88;
292.4955;46.9465;6.88;
292.551;55.4227;6.88;
297.9243;-14.7769;6.88;
298.9753;47.0901;6.88;
301.0541;31.2432;6.88;
306.837;23.7906;6.88;
307.0869;20.1129;6.88;
307.5199;19.6676;6.88;
312.3292;58.7487;6.88;
314.921;-62.8773;6.88;
315.6966;15.9671;6.88;
316.5022;62.9218;6.88;
316.9202;68.2541;6.88;
317.0392;-0.9897;6.88;
319.8354;-13.0479;6.88;
322.0902;-2.8854;6.88;
323.6667;-36.647;6.88;
325.6682;63.7214;6.88;
326.0752;-55.4731;6.88;
327.9808;48.4371;6.88;
330.8969;-55.977;6.88;
333.8211;-70.653;6.88;
337.2322;-60.054;6.88;
338.6523;26.5982;6.88;
342.8055;48.7332;6.88;
345.4794;-63.0855;6.88;
351.0784;-72.1652;6.88;
352.3623;46.4649;6.88;
352.3763;-1.0359;6.88;
356.2039;7.1918;6.88;
357.0289;-50.891;6.88;
2.6954;-34.8607;6.89;
3.5867;-21.197;6.89;
7.4128;-2.8404;6.89;
7.9004;16.0209;6.89;
8.9529;49.0211;6.89;
12.8328;-9.4055;6.89;
12.9674;-43.709;6.89;
17.141;-46.668;6.89;
18.0798;12.2818;6.89;
20.3303;11.5367;6.89;
21.8548;-20.3518;6.89;
23.9095;28.2696;6.89;
28.093;37.4298;6.89;
30.0617;-3.3683;6.89;
30.6573;-70.4195;6.89;
31.626;24.334;6.89;
32.7226;-75.9588;6.89;
34.503;42.9012;6.89;
36.2345;-3.8928;6.89;
38.4807;-12.3371;6.89;
43.922;31.0431;6.89;
53.9937;47.091;6.89;
54.4208;-74.8226;6.89;
56.3794;42.0069;6.89;
57.1034;-54.2938;6.89;
59.1224;-38.9622;6.89;
60.0435;40.0137;6.89;
64.4615;67.0886;6.89;
65.0638;-2.6285;6.89;
69.7222;42.24;6.89;
72.0795;29.2357;6.89;
74.2448;-8.4589;6.89;
77.5101;-40.5595;6.89;
78.654;-0.5628;6.89;
78.6608;63.1269;6.89;
84.9363;-20.4352;6.89;
85.4897;-62.9138;6.89;
87.2804;-32.5044;6.89;
89.0444;-21.1226;6.89;
89.9151;21.6042;6.89;
95.6885;4.2103;6.89;
95.9385;-37.0146;6.89;
96.4187;-29.703;6.89;
98.1924;-27.4044;6.89;
99.1094;27.2784;6.89;
106.2234;-20.8301;6.89;
106.5483;24.8601;6.89;
110.7373;-55.5772;6.89;
111.9989;-2.8822;6.89;
114.2646;-26.8165;6.89;
114.4233;1.9284;6.89;
114.84;50.5285;6.89;
115.7784;-38.8637;6.89;
118.5299;-18.331;6.89;
120.6559;-27.5443;6.89;
120.6934;-6.3225;6.89;
120.9164;36.3449;6.89;
121.1674;39.7407;6.89;
126.2516;-12.7648;6.89;
127.017;35.8918;6.89;
129.6897;23.6859;6.89;
131.2869;-32.2493;6.89;
134.3547;58.2188;6.89;
136.1368;-56.341;6.89;
139.633;-39.0438;6.89;
142.3395;56.2409;6.89;
142.9266;36.4291;6.89;
147.5431;24.562;6.89;
152.6011;-64.3842;6.89;
154.7607;-50.7161;6.89;
166.0801;-1.2782;6.89;
168.8233;-19.6375;6.89;
169.0372;78.309;6.89;
169.2399;-34.9273;6.89;
176.6516;-64.766;6.89;
185.907;-61.6291;6.89;
189.4853;54.8531;6.89;
190.37;49.2905;6.89;
191.7591;9.064;6.89;
192.3435;-40.7752;6.89;
197.6917;34.3006;6.89;
197.919;-11.2216;6.89;
199.0532;-52.4148;6.89;
199.3639;-10.5463;6.89;
200.2699;-24.4702;6.89;
205.4026;-45.4938;6.89;
211.7326;28.438;6.89;
216.881;-35.4472;6.89;
218.7946;-46.462;6.89;
223.1824;31.925;6.89;
225.4099;-56.2602;6.89;
227.6313;11.6736;6.89;
227.9488;10.2166;6.89;
232.04;-9.3481;6.89;
232.863;-71.0621;6.89;
234.2021;80.6145;6.89;
234.9109;79.9832;6.89;π2 UMi
237.5728;-49.0405;6.89;
239.9585;-64.8541;6.89;
245.0609;-39.63;6.89;
247.1173;-13.3996;6.89;Timir
247.5653;-27.9163;6.89;
248.839;77.7552;6.89;
249.1729;-35.9164;6.89;
250.0443;-28.9401;6.89;
254.658;15.4544;6.89;
255.3091;52.6045;6.89;
255.7188;-50.1604;6.89;
256.8965;-46.6797;6.89;
257.072;-41.0245;6.89;
261.4954;-49.7349;6.89;
262.6998;-37.437;6.89;
267.6312;36.8461;6.89;
269.3513;33.4008;6.89;
270.8908;-66.5384;6.89;
274.1474;-20.5445;6.89;
276.5818;26.2277;6.89;
281.233;-0.3734;6.89;
282.7725;-3.2611;6.89;
283.4745;82.37;6.89;
283.5067;-47.2744;6.89;
285.2896;-4.439;6.89;
289.3828;21.8138;6.89;
290.2013;-4.5025;6.89;
292.0263;17.8467;6.89;
292.4078;-12.6467;6.89;
293.3565;21.8403;6.89;
293.5464;7.7858;6.89;
295.6911;8.3828;6.89;
296.951;-28.4912;6.89;
297.9281;-50.9788;6.89;
306.3572;42.6051;6.89;
308.2132;27.2122;6.89;
308.6858;32.5059;6.89;
309.5204;-24.2289;6.89;
309.9809;35.3907;6.89;
313.1797;-39.1086;6.89;
314.1977;1.7152;6.89;
317.3968;75.2278;6.89;
317.9184;70.4411;6.89;
318.5694;-45.7828;6.89;
323.6958;19.9364;6.89;
326.0799;28.7816;6.89;
328.2433;15.9321;6.89;
328.254;-10.5626;6.89;
329.1139;59.7951;6.89;
333.6965;-24.0047;6.89;
334.7187;16.258;6.89;
340.0333;-9.3592;6.89;
349.9578;57.2436;6.89;
354.5517;-8.6275;6.89;
356.8368;-48.2756;6.89;
356.8473;-68.394;6.89;
357.0602;7.1632;6.89;
0.2203;66.848;6.9;
0.5695;-13.4074;6.9;
1.4864;24.569;6.9;
5.2255;32.978;6.9;
6.2068;-18.4719;6.9;
6.5687;3.8258;6.9;
8.18;38.8438;6.9;
8.2326;16.1672;6.9;
8.6132;-6.5039;6.9;
11.2004;67.1582;6.9;
12.5095;70.7742;6.9;
14.8845;48.9663;6.9;
15.5768;81.8756;6.9;υ Cep
17.643;51.0133;6.9;
21.6797;43.6919;6.9;
22.0798;30.5577;6.9;
23.7036;0.9448;6.9;
27.3632;26.4726;6.9;
33.6931;46.6875;6.9;
39.6913;33.4191;6.9;
41.138;46.8415;6.9;
41.8643;19.3718;6.9;
41.8655;37.791;6.9;
43.7065;-33.5249;6.9;
44.3694;16.2937;6.9;
46.4433;43.7025;6.9;
47.5806;-74.2971;6.9;
47.9288;52.1635;6.9;
50.0972;19.8727;6.9;
50.5389;-46.7634;6.9;
50.8969;-40.0764;6.9;
53.3383;13.7824;6.9;
54.886;59.4454;6.9;
56.7943;51.7064;6.9;
58.6562;-46.4169;6.9;
60.6961;-22.5945;6.9;
64.4293;13.8366;6.9;
67.3765;17.8632;6.9;
69.2735;-30.4293;6.9;
70.1426;-48.5382;6.9;
70.9566;-48.327;6.9;
75.2894;-74.3408;6.9;
84.3407;-38.0229;6.9;
84.9545;1.4917;6.9;
88.112;6.2094;6.9;
89.3553;0.0275;6.9;
90.7848;-36.8729;6.9;
92.5693;-15.0594;6.9;
94.7915;56.5266;6.9;
94.8559;13.4339;6.9;
95.1669;-9.891;6.9;
98.5351;2.8987;6.9;
98.9974;31.4792;6.9;
101.1028;56.933;6.9;
101.2917;-18.2683;6.9;
102.0898;-7.7546;6.9;
104.2891;-10.8245;6.9;
105.0626;-19.8013;6.9;
108.2675;31.9655;6.9;
110.1626;-52.1987;6.9;
111.1024;10.2457;6.9;
111.3906;-19.4377;6.9;
114.0575;-44.9576;6.9;
115.4403;-22.4041;6.9;
117.4794;27.3632;6.9;
120.8605;37.1367;6.9;
125.0202;-31.0978;6.9;
130.4587;19.8742;6.9;
130.6541;-4.4102;6.9;
130.724;-9.8056;6.9;
132.5973;-35.9305;6.9;
134.6919;-64.5305;6.9;
141.3303;-54.4638;6.9;
141.8196;6.2328;6.9;
144.9909;35.336;6.9;
145.3534;-33.3963;6.9;
146.3511;-32.6827;6.9;
146.3693;10.2219;6.9;
150.807;50.1092;6.9;
158.5707;-37.3868;6.9;
160.2211;-57.9356;6.9;
161.5805;12.7478;6.9;
166.2022;-75.1552;6.9;
167.4463;54.1066;6.9;
170.8131;6.5858;6.9;
171.9871;44.8785;6.9;
172.518;29.9646;6.9;
175.4915;-24.3858;6.9;
179.0148;40.6476;6.9;
193.8852;-30.0701;6.9;
205.4145;-75.1154;6.9;
206.1858;-14.2252;6.9;
207.9625;11.9372;6.9;
214.1272;55.2984;6.9;
215.2891;19.1802;6.9;
216.0469;16.2737;6.9;
217.2523;-56.1369;6.9;
225.0112;65.4762;6.9;
230.0096;40.9842;6.9;
230.2087;31.4801;6.9;
232.1636;61.7267;6.9;
238.84;9.2234;6.9;
246.5895;40.8095;6.9;
247.4519;-11.1295;6.9;
247.463;5.9708;6.9;
252.1803;-67.0832;6.9;
252.4975;46.6491;6.9;
254.0913;62.3699;6.9;
257.4712;-47.0314;6.9;
260.3113;31.2569;6.9;
274.1545;48.1052;6.9;
279.4879;-2.5905;6.9;
289.2422;-67.1667;6.9;
292.1605;39.9408;6.9;
294.1503;-32.6909;6.9;
295.1752;-54.2104;6.9;
295.6395;-50.6676;6.9;
303.3911;-38.4481;6.9;
315.5739;-42.9974;6.9;
318.1891;84.2587;6.9;
324.244;-18.7438;6.9;
325.1352;59.7528;6.9;
325.1395;10.6122;6.9;
325.6008;57.7361;6.9;
333.0094;-38.3028;6.9;
335.1174;37.298;6.9;
339.8772;-68.0604;6.9;
347.7949;30.0431;6.9;
348.5346;-70.0582;6.9;
352.1051;-25.4205;6.9;
353.1693;-45.1214;6.9;
353.6049;5.4705;6.9;
353.8632;52.291;6.9;
1.3427;3.6061;6.91;
1.722;-38.8777;6.91;
3.4841;59.9993;6.91;
4.4635;20.227;6.91;
6.3421;-39.2604;6.91;
6.4635;71.8071;6.91;
8.198;54.1199;6.91;
9.0037;-59.7172;6.91;
12.0487;65.1196;6.91;
15.3293;-60.8601;6.91;
19.1212;-67.431;6.91;
22.0671;-12.246;6.91;
22.5763;59.782;6.91;
23.4992;-62.4762;6.91;
30.7179;-2.3778;6.91;
34.0661;-9.8212;6.91;
39.1415;-14.6567;6.91;
39.4939;-67.3009;6.91;
42.2609;-4.2248;6.91;
42.9476;53.0318;6.91;
43.784;3.4869;6.91;
46.116;40.2928;6.91;
51.1437;22.0403;6.91;
55.052;-19.5928;6.91;
58.0003;60.3366;6.91;
60.6217;3.8472;6.91;
60.748;9.2085;6.91;
61.872;-6.0074;6.91;
64.2975;5.0246;6.91;
66.3737;-53.1118;6.91;
69.0023;55.5121;6.91;
69.0864;61.3623;6.91;
70.975;22.9444;6.91;
76.858;-44.8217;6.91;
77.4018;38.6855;6.91;
78.8144;47.1707;6.91;
82.1887;1.6439;6.91;
84.9083;0.8338;6.91;
85.7427;33.3145;6.91;
93.2313;-8.7291;6.91;
94.0858;30.1025;6.91;
94.8132;-69.7846;6.91;
94.8304;23.4694;6.91;
96.7431;-4.4593;6.91;
98.0743;17.7796;6.91;
98.4901;52.4614;6.91;
100.0786;-6.3463;6.91;
101.4894;-20.775;6.91;
101.5684;-29.5611;6.91;
102.2051;-34.9368;6.91;
102.9406;5.0844;6.91;
104.4393;-52.6485;6.91;
105.5051;44.449;6.91;
112.64;5.2546;6.91;
115.9055;-4.7079;6.91;
117.2237;18.1903;6.91;
121.5799;-38.8967;6.91;
123.4614;-35.2083;6.91;
124.8099;-7.5582;6.91;
125.9841;-1.498;6.91;
129.8093;-37.4701;6.91;
132.1543;10.433;6.91;
135.5286;-40.5547;6.91;
139.8139;46.9438;6.91;
140.1327;-61.993;6.91;
141.3191;-65.2703;6.91;
141.6654;-24.1679;6.91;
144.3799;-59.8899;6.91;
145.3414;38.9502;6.91;
146.3227;-54.2474;6.91;
148.1094;-71.9434;6.91;
150.2441;-50.4777;6.91;
150.4972;74.7591;6.91;
151.142;-64.6477;6.91;
151.4705;-63.8351;6.91;
155.5449;-13.4097;6.91;
164.7523;45.1978;6.91;
169.0791;59.9432;6.91;
170.1248;-45.7288;6.91;
170.6197;-8.8426;6.91;
173.7638;-53.2422;6.91;
175.0673;-62.4324;6.91;
176.396;35.8943;6.91;
176.5262;7.1742;6.91;
180.4421;-34.6503;6.91;
181.5542;-38.6757;6.91;
183.4824;2.2602;6.91;
191.4691;-21.7683;6.91;
192.0017;18.8368;6.91;
193.4067;-60.3571;6.91;
193.4823;26.78;6.91;
193.8762;11.4959;6.91;
194.3593;1.4279;6.91;
199.7779;3.7228;6.91;
200.0089;-62.5266;6.91;
202.7143;-3.0498;6.91;
203.7976;22.4997;6.91;
205.3066;-71.8683;6.91;
205.6288;55.7277;6.91;
205.9559;-40.178;6.91;
210.3593;9.2988;6.91;
213.5478;35.6036;6.91;
214.6298;52.0333;6.91;
217.5415;-43.8639;6.91;
220.0763;87.2148;6.91;
220.8139;-47.5705;6.91;
221.3398;10.599;6.91;
221.4902;-44.8675;6.91;
221.5742;-0.8338;6.91;
222.3696;19.5104;6.91;
223.031;20.2907;6.91;
224.2394;-26.285;6.91;
224.8718;-30.7115;6.91;
225.015;44.5863;6.91;
225.8433;0.8896;6.91;
227.6621;33.0789;6.91;
232.2164;57.4452;6.91;
235.1083;37.5171;6.91;
239.271;-35.9276;6.91;
240.5432;-42.7002;6.91;
245.2946;22.2398;6.91;
249.5405;61.1723;6.91;
252.4922;9.4213;6.91;
253.067;-25.6006;6.91;
256.1231;-12.6762;6.91;
256.1389;-11.0885;6.91;
258.2761;54.1393;6.91;
259.0204;60.7139;6.91;
262.6464;17.5208;6.91;
262.9272;30.3178;6.91;
266.0766;13.784;6.91;
270.3826;-38.0822;6.91;
274.0294;-56.6509;6.91;
274.5849;-54.3324;6.91;
275.3017;-26.0851;6.91;
277.4881;10.483;6.91;
278.6137;-34.8157;6.91;
278.9315;-29.9375;6.91;
280.3172;30.2908;6.91;
280.5746;-7.3373;6.91;
280.654;15.1994;6.91;
284.3884;32.9896;6.91;
284.6412;60.6673;6.91;
285.8234;-5.5591;6.91;
285.8978;2.5457;6.91;
288.7452;27.9611;6.91;
289.8406;-36.8945;6.91;
290.2246;13.5766;6.91;
291.6331;11.8511;6.91;
292.6321;12.8169;6.91;
295.4159;40.0223;6.91;
298.7059;64.7212;6.91;
300.8967;-38.8525;6.91;
300.9975;17.123;6.91;
301.0112;-37.8765;6.91;
301.1115;73.9095;6.91;
301.4346;22.7972;6.91;
302.2839;16.907;6.91;
303.1971;-2.996;6.91;
303.7788;-13.3839;6.91;
305.3986;-67.3128;6.91;
312.7727;51.4172;6.91;
315.8729;-1.5797;6.91;
318.1969;60.098;6.91;
319.8122;-16.1795;6.91;
322.3358;67.051;6.91;
323.5057;-46.6107;6.91;
326.5824;-62.5498;6.91;
330.6721;-27.3674;6.91;
332.1976;-13.3005;6.91;
334.8488;15.5458;6.91;
338.0479;-43.2631;6.91;
340.8146;56.4083;6.91;
341.6193;7.5829;6.91;
346.2764;58.7324;6.91;
348.2564;42.0622;6.91;
349.6203;27.6038;6.91;
349.9503;7.9821;6.91;
351.7378;-15.2477;6.91;
353.3672;24.3424;6.91;
354.6102;42.5115;6.91;
5.2678;-2.9096;6.92;
8.9049;67.926;6.92;
9.7396;26.3238;6.92;
10.9678;33.3107;6.92;
14.4073;-18.9986;6.92;
19.396;-65.2118;6.92;
23.3598;54.9449;6.92;
23.586;-45.6912;6.92;
28.7681;-24.8897;6.92;
30.2061;-8.4717;6.92;
39.3932;20.5749;6.92;
41.9806;55.6135;6.92;
45.2975;40.7966;6.92;
45.9617;6.1333;6.92;
50.1858;-26.2878;6.92;
52.6879;42.2024;6.92;
55.045;-9.0391;6.92;
58.9432;56.919;6.92;
63.0572;79.03;6.92;
63.4213;49.0939;6.92;
63.5827;-38.26;6.92;
65.443;2.3901;6.92;
76.9424;55.7592;6.92;
81.1682;-2.4978;6.92;
85.0558;69.9819;6.92;
89.5563;1.8564;6.92;
91.1267;-45.1966;6.92;
91.7344;-3.3412;6.92;
95.7068;17.5741;6.92;
99.9439;-1.3801;6.92;
100.2388;-12.1823;6.92;
102.1834;8.8662;6.92;
104.2632;-17.0986;6.92;
105.3067;54.8567;6.92;
106.9869;-4.6779;6.92;
107.8372;-21.8033;6.92;
108.0225;-27.3349;6.92;
108.6529;-30.6549;6.92;
109.0808;-32.0417;6.92;
110.4212;-61.9514;6.92;
111.3971;20.4951;6.92;
111.8921;38.6661;6.92;
111.8937;-18.4919;6.92;
112.2362;-34.9184;6.92;
114.5065;-8.1263;6.92;
118.0352;36.1692;6.92;
118.3378;28.052;6.92;
119.9275;23.1829;6.92;
127.3031;32.6923;6.92;
130.6974;-46.8073;6.92;
132.603;-4.1976;6.92;
133.2754;52.3902;6.92;
138.616;25.0115;6.92;
141.2218;-4.2829;6.92;
142.8341;12.8588;6.92;
152.2851;18.5306;6.92;
155.9803;-29.6455;6.92;
159.2561;-71.6916;6.92;
166.4515;38.3944;6.92;
167.2376;-19.4165;6.92;
174.4444;-31.2187;6.92;
175.4431;41.2376;6.92;
178.6111;-56.9698;6.92;
186.2332;-65.211;6.92;
186.5049;-49.5882;6.92;
195.3067;-20.7776;6.92;
195.7477;22.6375;6.92;
197.8402;-13.9624;6.92;
200.5309;-60.185;6.92;
205.2674;-34.4642;6.92;
205.8987;14.3656;6.92;
207.7117;-7.7843;6.92;
208.9681;-50.6609;6.92;
217.6686;-22.4609;6.92;
221.9456;-39.9264;6.92;
223.7544;14.9794;6.92;
226.5948;-72.1702;6.92;
227.2396;-26.4973;6.92;
227.5381;-75.4618;6.92;
228.9965;0.7964;6.92;
231.8624;-66.1214;6.92;
235.3777;-53.3913;6.92;
238.8343;-43.3917;6.92;
244.0376;-43.1255;6.92;
248.4598;13.3947;6.92;
248.5253;-48.4615;6.92;
250.1465;4.2072;6.92;
251.757;-39.5339;6.92;
252.2676;34.9563;6.92;
253.3058;10.8745;6.92;
258.1428;-63.6854;6.92;
259.5228;-38.164;6.92;
261.0364;-34.7984;6.92;
264.3197;-49.245;6.92;
265.8583;-35.2977;6.92;
265.9053;-45.9713;6.92;
267.367;68.689;6.92;
268.7403;-7.7339;6.92;
269.1791;44.9874;6.92;
269.8061;-36.9388;6.92;
270.8357;19.5559;6.92;
273.8638;-34.5945;6.92;
274.9191;67.4351;6.92;
275.0164;-9.5957;6.92;
275.9336;38.3451;6.92;
279.05;41.2781;6.92;
279.4997;28.6299;6.92;
279.7137;52.3439;6.92;
279.8307;59.528;6.92;
281.8514;-49.6305;6.92;
281.968;-20.2745;6.92;
283.9881;44.2284;6.92;
285.3053;2.0332;6.92;
287.139;50.3639;6.92;
287.3464;30.5663;6.92;
288.6863;6.0485;6.92;
292.5525;56.6444;6.92;
294.2775;22.0059;6.92;
295.5805;18.4656;6.92;
300.6942;37.8128;6.92;
300.7174;10.9117;6.92;
303.0156;47.737;6.92;
303.1609;-6.3661;6.92;
303.6456;-64.4298;6.92;
304.2291;31.5052;6.92;
304.6563;0.6411;6.92;
310.4242;24.1825;6.92;
315.7295;32.3499;6.92;
316.6392;-0.105;6.92;
317.531;-64.0255;6.92;
321.3157;-34.8567;6.92;
323.1665;42.2955;6.92;
325.3277;-35.585;6.92;
328.7489;53.9356;6.92;
329.5539;82.8695;6.92;
331.2359;47.2346;6.92;
334.1678;22.8961;6.92;
335.1855;-34.5166;6.92;
348.1042;36.9678;6.92;
350.1588;21.1893;6.92;
353.3694;-4.4013;6.92;
354.1418;-44.8928;6.92;
354.9213;-66.2537;6.92;
355.3734;40.5545;6.92;
358.4583;60.8534;6.92;
358.6982;18.7468;6.92;
0.5109;-2.7662;6.93;
1.3332;-38.8572;6.93;
1.5842;40.8987;6.93;
2.2653;40.8429;6.93;
2.8972;-18.6007;6.93;
11.9376;26.2917;6.93;
14.0617;35.2286;6.93;
16.6568;8.36;6.93;
17.3045;69.6865;6.93;
23.4765;35.6082;6.93;
29.1575;-81.4992;6.93;
29.8584;-40.7272;6.93;
32.4386;-51.7309;6.93;
36.1088;-37.3614;6.93;
36.1272;9.7132;6.93;
38.7812;66.0494;6.93;
38.9863;-17.6327;6.93;
43.0471;37.0941;6.93;
51.0187;74.171;6.93;
51.9124;49.5999;6.93;
54.2142;-33.7807;6.93;
56.8429;-29.4686;6.93;
57.5109;-45.3854;6.93;
57.569;-32.2854;6.93;
58.3773;-14.9706;6.93;
60.6603;-0.801;6.93;
63.9653;-22.1514;6.93;
67.4123;5.1643;6.93;
70.5339;-37.6135;6.93;
76.075;-6.0313;6.93;
78.6274;-26.2087;6.93;
79.636;48.9235;6.93;
85.3129;33.9189;6.93;
87.1971;11.9972;6.93;
88.0578;38.5601;6.93;
90.3111;-60.4856;6.93;
91.1656;38.5751;6.93;
92.1265;13.9711;6.93;
92.2487;2.4964;6.93;
92.6973;13.6595;6.93;
92.9642;21.8682;6.93;
101.2905;39.3681;6.93;
104.1459;-8.3337;6.93;
108.4796;78.7525;6.93;
109.2897;33.0921;6.93;
111.4755;18.1475;6.93;
111.6493;-13.189;6.93;
113.554;-20.1374;6.93;
115.5485;-55.179;6.93;
115.7627;-27.6684;6.93;
116.7362;-52.3472;6.93;
116.78;-41.5037;6.93;
123.6127;20.7078;6.93;
125.1216;9.4001;6.93;
125.878;-30.8013;6.93;
126.3262;-22.1403;6.93;
132.1369;2.5637;6.93;
132.6942;78.1651;6.93;
133.9193;-2.7908;6.93;
134.2812;44.4093;6.93;
134.7325;-68.1393;6.93;
134.8359;-63.4668;6.93;
135.8249;-70.6067;6.93;
145.2335;-54.9834;6.93;
145.6443;32.9949;6.93;
148.1255;35.5246;6.93;
149.0649;-31.0915;6.93;
150.3264;28.7844;6.93;
168.0947;34.7847;6.93;
168.4207;20.1288;6.93;
169.7647;62.1827;6.93;
170.9722;37.2348;6.93;
175.3857;-77.0547;6.93;
175.8778;-15.0428;6.93;
179.5283;-4.3705;6.93;
179.6327;47.7654;6.93;
180.3074;12.3778;6.93;
181.7556;-23.7663;6.93;
182.9176;4.0559;6.93;
187.2286;-61.8709;6.93;
187.7424;65.8979;6.93;
192.4648;-50.3239;6.93;
193.0952;17.1084;6.93;
194.3293;-8.9108;6.93;
195.9474;-40.8512;6.93;
198.4676;-45.1858;6.93;
200.2954;37.8571;6.93;
202.8048;-13.4488;6.93;
203.9669;8.2928;6.93;
204.14;52.6875;6.93;
206.794;-52.2693;6.93;
215.9822;-29.6763;6.93;
217.9588;-76.274;6.93;
225.7769;-17.6329;6.93;
229.7311;-1.5924;6.93;
232.0189;11.8617;6.93;
232.4624;82.2636;6.93;
241.4678;9.936;6.93;
243.5922;2.6472;6.93;
246.0727;55.332;6.93;
246.1006;10.2543;6.93;
247.1429;1.5869;6.93;
249.6289;-39.1523;6.93;
253.5105;-54.4383;6.93;
255.2277;-76.2187;6.93;
257.0345;-48.8838;6.93;
257.5622;-19.4363;6.93;
258.9212;-9.8088;6.93;
259.8746;-45.64;6.93;
266.3636;11.1447;6.93;
266.4567;-64.3253;6.93;
270.9756;26.6513;6.93;
274.627;-34.6861;6.93;
278.2853;40.5323;6.93;
280.0942;8.8685;6.93;
281.5148;-42.5664;6.93;
282.5369;-3.6227;6.93;
283.3066;-73.6297;6.93;
284.5449;-20.4238;6.93;
286.0407;17.5561;6.93;
289.2176;-10.9718;6.93;
289.2213;63.2074;6.93;
289.2879;39.0286;6.93;
292.7425;-14.5632;6.93;
294.3233;38.5942;6.93;
294.5404;17.2432;6.93;
300.2448;31.2305;6.93;
300.6971;28.5148;6.93;
301.3347;0.4545;6.93;
302.5245;-43.8942;6.93;
303.7943;-3.5036;6.93;
304.2094;-3.4917;6.93;
304.6251;-72.8081;6.93;
305.1186;-19.6472;6.93;
309.536;-4.3818;6.93;
310.9486;23.7911;6.93;
313.7405;33.764;6.93;
314.4153;26.4051;6.93;
317.8929;-56.5172;6.93;
318.8221;-58.9296;6.93;
320.0856;33.4854;6.93;
320.6542;-5.6333;6.93;
320.9374;69.5344;6.93;
324.1358;-5.0525;6.93;
325.2658;34.6751;6.93;
330.0141;65.4328;6.93;
331.1295;10.2403;6.93;
331.3079;63.5784;6.93;
332.4354;64.1224;6.93;
333.1208;76.4619;6.93;
333.3599;-11.9261;6.93;
335.8527;-46.6686;6.93;
339.8168;-10.0278;6.93;
340.742;1.2173;6.93;
341.1413;-63.9539;6.93;
342.3215;-23.0925;6.93;
343.226;38.616;6.93;
348.993;-1.4239;6.93;
349.1062;-55.5269;6.93;
349.2441;-18.8732;6.93;
353.4926;43.9042;6.93;
356.1893;43.7463;6.93;
6.5909;49.049;6.94;
8.0474;53.8151;6.94;
8.125;51.7283;6.94;
10.6583;52.3372;6.94;
11.2277;-63.1966;6.94;
20.4534;-66.3841;6.94;
24.583;2.5861;6.94;
25.946;55.8775;6.94;
27.9502;75.5896;6.94;
29.5157;31.1344;6.94;
34.9353;60.0295;6.94;
40.577;34.2947;6.94;
42.1822;31.1152;6.94;
42.1851;-73.8415;6.94;
48.294;31.0691;6.94;
54.9727;-28.5115;6.94;
59.5635;-49.61;6.94;
61.4027;-31.051;6.94;
63.7512;-16.1807;6.94;
63.8574;6.1997;6.94;
66.7702;18.2075;6.94;
68.2797;67.6314;6.94;
72.9315;45.8342;6.94;
79.8799;-25.1242;6.94;
81.8109;-34.6144;6.94;
87.1709;-1.7856;6.94;
87.7636;11.4989;6.94;
91.0544;-14.0843;6.94;
91.1785;-1.5805;6.94;
91.7892;9.166;6.94;
91.8577;36.2746;6.94;
93.2617;-4.9353;6.94;
95.0284;-7.872;6.94;
97.061;-77.2909;6.94;
97.2106;52.4488;6.94;
98.726;-30.092;6.94;
99.6997;6.9019;6.94;
100.4987;-16.0072;6.94;
104.549;22.4759;6.94;
107.6019;-55.5877;6.94;
112.2741;-18.8752;6.94;
114.2739;16.9043;6.94;
115.8342;-22.2986;6.94;
118.0353;-3.0541;6.94;
122.6682;2.9495;6.94;
122.8281;-45.8181;6.94;
124.3681;-32.87;6.94;
126.526;-8.5151;6.94;
128.789;0.3626;6.94;
129.9204;-29.0827;6.94;
132.4894;6.5472;6.94;
135.2223;-24.1536;6.94;
135.7159;-32.4401;6.94;
137.0228;-58.1296;6.94;
140.6342;49.5448;6.94;
142.5981;21.8127;6.94;
146.5672;-33.5083;6.94;
146.8773;63.2478;6.94;
152.3412;-61.549;6.94;
158.7858;41.9089;6.94;
161.903;65.6166;6.94;
161.9166;-15.244;6.94;
162.2402;-27.9178;6.94;
165.4572;-64.3039;6.94;
169.6197;42.3164;6.94;
171.0907;-5.91;6.94;
175.6064;2.3621;6.94;
176.7538;23.7205;6.94;
180.0196;19.4194;6.94;
182.3467;-63.8203;6.94;
185.0202;13.8551;6.94;
190.2823;30.4371;6.94;
194.6409;28.3196;6.94;
194.7197;-39.1057;6.94;
197.2737;18.6257;6.94;
202.0781;31.1492;6.94;
202.4007;-47.8758;6.94;
208.0121;-47.8657;6.94;
209.4285;53.9101;6.94;
218.3644;-33.3161;6.94;
218.4571;-67.6177;6.94;
223.3799;19.8884;6.94;
224.3832;-25.4418;6.94;
225.0015;-36.0306;6.94;
232.4745;80.7711;6.94;
234.8954;-55.4271;6.94;
235.8429;11.711;6.94;
236.8212;-0.2699;6.94;
237.1041;-13.4993;6.94;
238.9261;-8.6476;6.94;
239.1897;12.4779;6.94;
247.7948;-34.3328;6.94;
248.3953;-62.1216;6.94;
257.8205;24.2524;6.94;
258.9362;-51.0833;6.94;
260.2363;66.5627;6.94;
260.7685;-7.1046;6.94;
262.6413;-43.2261;6.94;
263.6893;34.7514;6.94;
264.0027;-38.1022;6.94;
266.9481;-34.3107;6.94;
270.595;-60.1373;6.94;
273.0461;33.2917;6.94;
273.4529;-43.2043;6.94;
273.9174;-33.0916;6.94;
273.9621;-36.5738;6.94;
275.0892;-56.2157;6.94;
275.2595;-15.2307;6.94;
276.9412;24.6974;6.94;
279.1726;-56.227;6.94;
279.3498;77.6868;6.94;
281.9966;-16.7764;6.94;
282.0615;-33.9082;6.94;
282.0907;-37.0135;6.94;
282.0944;15.3941;6.94;
284.6185;-64.0015;6.94;
285.4902;19.1249;6.94;
286.008;16.4633;6.94;
287.6856;-76.4047;6.94;
288.0137;2.6226;6.94;
289.7461;-33.2783;6.94;
290.4005;52.3764;6.94;
290.607;-31.9366;6.94;
293.4259;-34.1977;6.94;
296.4649;46.4855;6.94;
298.7086;60.615;6.94;
305.3395;63.4317;6.94;
307.2865;12.6811;6.94;
310.0736;3.4413;6.94;
310.6413;-84.4071;6.94;
312.0406;2.7155;6.94;
315.9004;81.1609;6.94;
316.4206;-44.9491;6.94;
322.2764;44.9231;6.94;
331.5175;-43.9662;6.94;
332.5428;56.0839;6.94;
335.3698;14.3702;6.94;
335.865;0.6086;6.94;
336.1039;16.2629;6.94;
336.5602;-2.789;6.94;
337.5656;-42.2911;6.94;
338.1419;-6.4672;6.94;
342.8611;26.391;6.94;
343.3648;-5.988;6.94;
347.5396;57.4483;6.94;
349.7285;-30.5528;6.94;
350.0027;61.1498;6.94;
352.2168;53.6668;6.94;
354.9996;-47.3265;6.94;
358.2503;41.3457;6.94;
358.9081;46.3583;6.94;
3.6168;-14.4318;6.95;
4.2292;23.2562;6.95;
5.7078;29.4543;6.95;
6.8019;49.9857;6.95;
7.3723;-3.4693;6.95;
8.8713;54.2035;6.95;
10.3943;65.8682;6.95;
11.4415;56.7749;6.95;
11.6868;21.6243;6.95;
12.2694;14.8092;6.95;
20.0204;41.9705;6.95;
26.2399;-28.7265;6.95;
27.917;-13.2338;6.95;
37.3969;9.0063;6.95;
43.5294;-10.4423;6.95;
46.8034;-1.8027;6.95;
47.3674;37.3015;6.95;
47.7048;10.0059;6.95;
49.6356;44.7196;6.95;
57.251;-26.0326;6.95;
57.7184;23.9615;6.95;
60.7492;-48.3688;6.95;
61.9641;62.3301;6.95;
62.1971;50.2005;6.95;
62.4958;-25.0419;6.95;
64.8791;-8.1196;6.95;
65.0115;78.0796;6.95;
72.1756;18.7094;6.95;
73.3205;-38.1442;6.95;
74.2605;49.9221;6.95;
74.974;27.3256;6.95;
75.7587;-42.4979;6.95;
79.0993;-33.5378;6.95;
82.7498;-10.0811;6.95;
85.9941;54.8648;6.95;
86.1726;12.4153;6.95;
89.2822;55.9473;6.95;
91.0503;25.4439;6.95;
92.0267;-15.9012;6.95;
92.8739;43.1652;6.95;
94.8438;23.2745;6.95;
94.9994;-61.3296;6.95;
96.0881;-16.2246;6.95;
96.918;30.6452;6.95;
101.1842;-61.2242;6.95;
101.3479;24.6725;6.95;
101.686;-47.8045;6.95;
103.3591;51.518;6.95;
103.5316;32.5114;6.95;
105.39;-27.2229;6.95;
108.4572;10.6908;6.95;
111.0727;-18.3482;6.95;
112.833;-14.9656;6.95;
114.6201;66.2352;6.95;
115.1094;-30.0797;6.95;
115.5278;-30.1863;6.95;
116.5148;-23.1417;6.95;
116.6003;-49.241;6.95;
118.4106;-23.3137;6.95;
118.4553;-26.2621;6.95;
119.6882;5.6233;6.95;
125.6977;-0.8676;6.95;
126.3428;-55.7486;6.95;
130.2225;-48.2255;6.95;
130.7137;73.1692;6.95;
131.4076;37.2916;6.95;
134.3068;2.5249;6.95;
136.9073;31.2006;6.95;
141.4866;-17.9474;6.95;
142.327;-3.1654;6.95;
154.9196;-59.1461;6.95;
156.0925;34.1764;6.95;
158.9652;-49.2311;6.95;
163.6802;-42.0181;6.95;
165.4554;29.8713;6.95;
172.708;41.2869;6.95;
174.2417;-38.9595;6.95;
174.696;-40.3031;6.95;
180.4357;-69.1979;6.95;
182.8408;-3.7789;6.95;
184.4813;-24.0134;6.95;
187.6777;-73.0887;6.95;
187.7231;71.2999;6.95;
189.2785;-2.3221;6.95;
189.5302;-55.9312;6.95;
191.9133;-58.2976;6.95;
193.5603;75.4093;6.95;
193.7962;3.0493;6.95;
194.5409;-23.0551;6.95;
194.6705;-36.2752;6.95;
195.0703;-48.6037;6.95;
196.5649;-55.6117;6.95;
198.688;-10.3704;6.95;
199.0277;-57.0616;6.95;
207.3187;-40.5164;6.95;
208.1617;-18.709;6.95;
209.1999;-46.386;6.95;
209.7496;-6.9252;6.95;
211.1914;25.8177;6.95;
212.6807;15.2908;6.95;
213.6458;-66.1542;6.95;
214.3653;-19.9638;6.95;
214.9786;67.7825;6.95;
219.503;51.5784;6.95;
222.9188;83.9375;6.95;
223.575;32.0169;6.95;
224.4233;24.6741;6.95;
229.8409;-9.1465;6.95;
233.7995;49.9946;6.95;
235.6072;-49.2176;6.95;
241.1854;-39.4347;6.95;
242.8897;-27.1509;6.95;
243.947;53.2367;6.95;
249.0929;33.8218;6.95;
251.2977;-3.0849;6.95;
257.487;26.4554;6.95;
260.2794;1.4431;6.95;
268.6995;-34.5422;6.95;
269.4625;2.2536;6.95;
270.7121;75.7902;6.95;
276.8805;-15.3736;6.95;
277.6715;4.5108;6.95;
278.1386;-35.3496;6.95;
279.0327;-6.7421;6.95;
279.3868;-12.3499;6.95;
280.6659;-15.522;6.95;
280.711;47.5752;6.95;
280.8818;-11.337;6.95;
281.4639;-10.4928;6.95;
288.1015;36.1822;6.95;
289.7334;73.5509;6.95;
289.8829;22.5707;6.95;
290.2785;-1.1765;6.95;
292.3394;31.6087;6.95;
292.9303;5.7691;6.95;
294.8504;-69.3379;6.95;
294.8947;-69.6025;6.95;
295.7687;39.9971;6.95;
297.0359;13.4544;6.95;
299.5557;-36.6869;6.95;
300.4384;44.119;6.95;
302.3058;19.0731;6.95;
306.1075;24.2776;6.95;
309.0028;79.4304;6.95;
310.3298;-17.3785;6.95;
310.8167;-29.4239;6.95;
311.1706;-35.8276;6.95;
314.4988;8.0623;6.95;
314.688;-3.8415;6.95;
318.6923;16.4792;6.95;
320.6887;-48.4574;6.95;
322.5037;45.4942;6.95;
322.8407;-83.0336;6.95;
323.6075;66.7264;6.95;
329.6184;3.7769;6.95;
329.6701;29.8126;6.95;
330.5667;36.9828;6.95;
335.4658;63.14;6.95;
337.6788;-44.0937;6.95;
339.7355;-39.1549;6.95;
341.8403;14.1231;6.95;
353.7954;12.662;6.95;
355.9657;-33.4278;6.95;
357.1474;36.2745;6.95;
357.3314;-27.8543;6.95;
357.6018;63.7436;6.95;
357.9683;37.8912;6.95;
0.8595;-36.2512;6.96;
4.962;-2.4789;6.96;
9.4404;72.8949;6.96;
20.5745;18.6827;6.96;
21.8723;-45.8462;6.96;
22.0787;-49.0058;6.96;
23.1356;70.0194;6.96;
23.719;8.2749;6.96;
25.5391;66.7923;6.96;
31.5841;-15.4463;6.96;
33.8695;52.5111;6.96;
35.8106;-29.8693;6.96;
37.0449;-50.3027;6.96;
38.8814;-50.8534;6.96;
41.0609;-25.4954;6.96;
43.7077;20.3731;6.96;
47.9953;46.1286;6.96;
49.2875;6.7999;6.96;
54.3664;31.1202;6.96;
54.5427;-59.7764;6.96;
54.9466;-6.7772;6.96;
55.1976;-2.3327;6.96;
55.4398;-47.7757;6.96;
57.1254;24.3455;6.96;
59.7077;57.4509;6.96;
64.7763;-79.5209;6.96;
66.0928;17.079;6.96;
72.1959;-60.2589;6.96;
77.1472;28.2735;6.96;
79.3648;60.1817;6.96;
82.6864;-57.1601;6.96;
84.9033;37.9889;6.96;
85.0121;43.3244;6.96;
90.6388;13.0255;6.96;
91.6861;-24.9267;6.96;
91.9833;36.0653;6.96;
95.3543;-60.022;6.96;
95.4241;-8.236;6.96;
95.8266;-14.8354;6.96;
97.6117;-3.0221;6.96;
98.2404;-48.5445;6.96;
98.364;-32.2264;6.96;
99.6516;61.4777;6.96;
99.9316;58.095;6.96;
100.3434;-7.1687;6.96;
104.7805;-60.842;6.96;
107.3846;-6.0439;6.96;
107.5362;62.1359;6.96;
109.7189;38.6736;6.96;
109.8782;26.8229;6.96;
110.4611;75.0895;6.96;
110.5962;-20.5067;6.96;
112.6212;2.2623;6.96;
112.7463;-2.1649;6.96;
113.8482;-15.3825;6.96;
114.4173;22.3401;6.96;
117.7024;5.8593;6.96;
124.6556;-14.5664;6.96;
125.5341;-40.9915;6.96;
126.222;76.9649;6.96;
126.9817;3.2186;6.96;
131.933;-38.9415;6.96;
134.9735;-22.6915;6.96;
138.8432;-8.4827;6.96;
139.167;-49.5787;6.96;
139.3872;0.5549;6.96;
141.7038;-19.1551;6.96;
144.204;27.7585;6.96;
145.1469;13.0538;6.96;
152.7178;-15.7092;6.96;
155.1143;-72.1302;6.96;
160.5916;-47.2203;6.96;
161.8295;-57.3254;6.96;
161.9285;-15.1098;6.96;
165.6926;-59.741;6.96;
169.4346;27.3622;6.96;
172.2316;-43.4793;6.96;
172.8981;-44.7385;6.96;
175.245;-55.5738;6.96;
176.2184;-73.1505;6.96;
177.2949;-7.3606;6.96;
179.501;67.8121;6.96;
181.3338;-50.2706;6.96;
183.6541;39.3423;6.96;
185.7897;-7.2991;6.96;
188.3858;7.6792;6.96;
190.9831;-13.1419;6.96;
191.1405;43.1266;6.96;
198.2508;67.3097;6.96;
200.0612;3.2875;6.96;
202.0491;50.5873;6.96;
208.9768;-30.5782;6.96;
213.7561;-40.9006;6.96;
218.8727;-73.6943;6.96;
222.4257;7.9868;6.96;
223.1224;-48.2471;6.96;
240.8172;-26.7171;6.96;
243.3567;-4.0516;6.96;
249.4542;27.0438;6.96;
250.3758;4.8718;6.96;
251.4088;55.3139;6.96;
253.0323;-2.7983;6.96;
256.5302;8.6232;6.96;
259.3356;-30.1644;6.96;
261.4977;-6.5818;6.96;
261.6502;-62.9231;6.96;
265.4574;23.7534;6.96;
265.4827;4.3668;6.96;
267.5881;-27.0617;6.96;
268.3166;-34.6208;6.96;
268.7322;-11.6318;6.96;
271.7116;8.8759;6.96;
274.9589;-17.7508;6.96;
277.0296;-22.9996;6.96;
278.0874;45.7744;6.96;
279.3153;-40.8036;6.96;
281.5188;18.4878;6.96;
283.0092;59.667;6.96;
284.1582;28.1989;6.96;
286.0255;-63.7847;6.96;
287.2378;-18.6827;6.96;
288.8975;-36.9494;6.96;
290.8923;69.0147;6.96;
297.5452;-45.3795;6.96;
299.2846;30.7775;6.96;
300.3551;-47.3973;6.96;
301.2829;-46.097;6.96;
301.4834;4.7755;6.96;
301.7758;36.8267;6.96;
302.7266;30.7897;6.96;
308.1823;16.7672;6.96;
308.3564;-6.2194;6.96;
310.8724;55.2918;6.96;
312.0648;-4.6403;6.96;
312.3114;-48.2245;6.96;
313.4223;59.3076;6.96;
315.6882;-19.2488;6.96;
315.873;29.0925;6.96;
317.4412;19.2108;6.96;
317.6022;-59.4077;6.96;
318.0511;11.7815;6.96;
318.9258;16.7276;6.96;
319.6134;-47.0023;6.96;
319.6893;50.0693;6.96;
319.763;-32.3561;6.96;
322.4645;-43.5074;6.96;
322.7024;31.9578;6.96;
325.0078;9.1848;6.96;
325.7335;54.5619;6.96;
328.3113;-36.8966;6.96;
328.6791;67.7538;6.96;
331.0536;59.8672;6.96;
335.985;31.2618;6.96;
338.214;74.0733;6.96;
339.8875;38.7485;6.96;
347.6651;-5.9603;6.96;
354.5149;43.0779;6.96;
357.7783;2.2379;6.96;
1.3677;-7.6654;6.97;
2.5334;-78.3007;6.97;
3.4379;-48.6842;6.97;
3.5174;-74.912;6.97;
4.6199;62.2028;6.97;
5.0017;38.2274;6.97;
14.4152;1.7856;6.97;
14.553;70.4964;6.97;
17.4872;33.8814;6.97;
18.1947;-35.2056;6.97;
20.4929;12.6042;6.97;
23.3159;-24.178;6.97;
24.5155;-46.0838;6.97;
25.1291;59.0528;6.97;
28.8638;76.2246;6.97;
28.9249;-84.7512;6.97;
29.5135;49.6427;6.97;
30.6469;-21.9658;6.97;
32.3428;5.9862;6.97;
36.6404;59.6589;6.97;
37.7111;55.5484;6.97;
46.8274;-13.7618;6.97;
48.1291;-32.3966;6.97;
53.66;-62.5573;6.97;
55.7698;-50.6431;6.97;
56.388;-25.9155;6.97;
56.5578;71.6181;6.97;
56.996;-26.3286;6.97;
57.6045;52.4819;6.97;
59.2574;-40.0369;6.97;
60.8422;48.8409;6.97;
61.3098;-1.0118;6.97;
62.2156;23.8711;6.97;
62.7642;16.647;6.97;
65.1723;-16.83;6.97;
65.684;15.0561;6.97;
66.9479;-11.1243;6.97;
74.6092;-3.7329;6.97;
77.5161;27.5565;6.97;
78.0624;40.1016;6.97;
83.3782;24.6288;6.97;
83.8033;-0.7354;6.97;
84.6852;70.3645;6.97;
85.3442;17.5222;6.97;
87.0478;30.5352;6.97;
87.9611;23.3828;6.97;
90.1489;-58.1021;6.97;
96.3034;32.2718;6.97;
96.8003;-60.7286;6.97;
100.5217;-15.2153;6.97;
102.748;5.8423;6.97;
105.9932;40.5822;6.97;
106.1064;-10.4544;6.97;
108.7863;-14.6095;6.97;
111.6054;-10.0895;6.97;
113.7809;48.6809;6.97;
114.4648;-6.958;6.97;
114.82;-49.0514;6.97;
115.8796;3.4859;6.97;
116.5584;51.0257;6.97;
117.1738;-31.6178;6.97;
118.7583;12.5695;6.97;
120.1339;29.2124;6.97;
120.7342;-40.4026;6.97;
121.3716;-10.123;6.97;
121.4951;-19.8925;6.97;
121.7731;-47.7938;6.97;
123.1363;-54.1465;6.97;
124.1856;-21.8821;6.97;
126.2198;-23.6891;6.97;
127.0298;46.2488;6.97;
129.0425;-56.7124;6.97;
133.5532;-43.499;6.97;
134.2373;56.8889;6.97;
138.7166;-1.5871;6.97;
139.4402;23.0788;6.97;
140.6224;-17.894;6.97;
141.7534;-16.0132;6.97;
144.0089;20.0456;6.97;
144.3694;-49.9909;6.97;
145.6162;-46.8652;6.97;
146.5115;65.6271;6.97;
146.7665;-31.2681;6.97;
151.3001;-28.197;6.97;
152.4508;-47.4462;6.97;
153.535;-7.9935;6.97;
155.1845;-5.3821;6.97;
156.4944;2.9292;6.97;
158.2276;-22.5276;6.97;
159.7141;-64.498;6.97;
159.9923;-49.2797;6.97;
161.3354;45.5663;6.97;
161.6081;-63.2997;6.97;
161.8891;-31.6032;6.97;
165.9367;25.7746;6.97;
172.247;10.0379;6.97;
173.7644;-56.1223;6.97;
174.1903;-24.4392;6.97;
174.7944;-57.7395;6.97;
175.9859;-29.7477;6.97;
178.8521;25.5222;6.97;
182.1552;26.4935;6.97;
182.6753;-56.4423;6.97;
184.1593;-63.1979;6.97;
187.9967;-41.0551;6.97;
190.4516;9.8861;6.97;
192.4459;-15.0789;6.97;
192.9608;-31.2019;6.97;
193.7793;-13.4528;6.97;
194.1617;43.552;6.97;
195.0127;-36.1822;6.97;
200.2806;47.2697;6.97;
204.5144;-42.765;6.97;
204.8345;-67.6708;6.97;
208.5835;-32.4455;6.97;
208.747;-55.0215;6.97;
208.7572;-19.2173;6.97;
209.1796;-38.3191;6.97;
216.183;-40.7552;6.97;
217.4932;-56.1312;6.97;
220.134;-14.0468;6.97;
221.2462;-61.5217;6.97;
221.4007;8.1597;6.97;
223.7734;-61.8739;6.97;
227.2638;-61.8876;6.97;
228.9227;25.6425;6.97;
231.2384;-72.0464;6.97;
231.5224;-21.3802;6.97;
231.6261;10.0361;6.97;
231.7098;-20.0051;6.97;
234.6733;-45.7088;6.97;
238.8453;-44.526;6.97;
239.8346;-33.0122;6.97;
240.7646;-5.8345;6.97;
247.0629;-25.454;6.97;
247.6238;33.7509;6.97;
247.8776;8.2941;6.97;
249.6448;-18.8257;6.97;
254.1577;-30.5801;6.97;
255.8247;-31.6146;6.97;
260.115;-29.365;6.97;
266.6693;25.7492;6.97;
267.7675;8.5308;6.97;
268.0711;-31.3282;6.97;
271.2516;16.9267;6.97;
271.4997;57.3594;6.97;
272.2271;-29.9929;6.97;
273.2168;22.825;6.97;
278.1215;-18.9727;6.97;
278.2584;-16.5602;6.97;
282.1512;45.2618;6.97;
283.2538;71.7872;6.97;
285.8245;25.8261;6.97;
288.9321;40.3599;6.97;
290.1029;-10.5604;6.97;
293.7926;74.3775;6.97;
295.188;-7.5123;6.97;
296.2031;29.2647;6.97;
297.2857;27.7317;6.97;
299.1574;23.8886;6.97;
299.3051;0.3521;6.97;
300.3613;10.7486;6.97;
301.75;66.308;6.97;
302.3357;68.5996;6.97;
302.6846;41.247;6.97;
304.2772;-21.3179;6.97;
306.0579;-14.114;6.97;
306.1779;-29.0778;6.97;
308.5076;-12.3437;6.97;
308.6325;6.8781;6.97;
309.4347;33.3665;6.97;
311.195;20.4897;6.97;
317.2411;47.271;6.97;
321.7281;10.6678;6.97;
322.7465;70.8232;6.97;
333.6955;4.2825;6.97;
340.705;0.2318;6.97;
346.2091;-27.1361;6.97;
350.9651;65.3434;6.97;
351.0794;23.7599;6.97;
351.4144;24.9537;6.97;
355.2727;46.2183;6.97;
356.6063;28.7036;6.97;
357.2326;-46.8421;6.97;
358.7807;47.7285;6.97;
3.9109;5.8438;6.98;
4.1643;1.8506;6.98;
6.675;-69.3071;6.98;
10.8229;-45.1813;6.98;
12.7952;-5.0393;6.98;
14.2311;64.5323;6.98;
17.5649;-56.863;6.98;
21.9071;66.077;6.98;
25.6535;60.548;6.98;
29.1341;41.8921;6.98;
29.3511;-36.0574;6.98;
32.0824;-10.0413;6.98;
34.7487;85.7362;6.98;
38.4944;59.2121;6.98;
38.6081;11.6048;6.98;
38.6678;50.0658;6.98;
39.7534;-8.9279;6.98;
47.9904;-39.3659;6.98;
55.6883;69.8457;6.98;
56.8214;23.7268;6.98;
56.9952;-2.8614;6.98;
59.3964;36.4913;6.98;
60.7964;78.2028;6.98;
62.2367;41.504;6.98;
62.8053;41.7474;6.98;
63.495;-32.0421;6.98;
64.8045;42.3812;6.98;
65.9828;-66.7371;6.98;
69.5245;46.2337;6.98;
78.4431;-35.8254;6.98;
79.3979;-15.2196;6.98;
80.4878;42.286;6.98;
83.7008;-0.9536;6.98;
85.0786;15.3501;6.98;
90.2055;2.916;6.98;
93.6262;-29.6043;6.98;
93.8417;16.4309;6.98;
96.0725;43.2303;6.98;
97.5911;22.5449;6.98;
98.073;8.818;6.98;
102.7518;25.7604;6.98;
103.7365;21.5714;6.98;
110.5818;-16.3113;6.98;
113.1923;-53.5552;6.98;
116.8967;-47.013;6.98;
119.6602;-27.5775;6.98;
119.7664;-4.3324;6.98;
121.2443;-3.4958;6.98;
123.7327;-17.276;6.98;
124.1049;-39.7531;6.98;
124.7862;16.1219;6.98;
129.0649;42.5799;6.98;
133.3723;-11.3919;6.98;
133.7433;-3.5556;6.98;
134.6931;-16.7486;6.98;
137.5431;-16.8626;6.98;
137.862;8.976;6.98;
139.2559;77.0742;6.98;
139.7417;-16.8008;6.98;
140.3562;16.5983;6.98;
141.4013;-53.2518;6.98;
142.369;-44.5324;6.98;
147.1812;-9.9186;6.98;
150.6383;-13.2965;6.98;
156.5951;54.4075;6.98;
157.6291;2.1502;6.98;
159.2131;-22.6653;6.98;
166.5093;1.2107;6.98;
168.7278;-68.3279;6.98;
168.76;-33.3177;6.98;
182.0025;0.6213;6.98;
183.0428;-63.4541;6.98;
186.1172;-77.2147;6.98;
188.5491;-32.0927;6.98;
192.9866;-35.0824;6.98;
195.7933;23.8266;6.98;
198.6062;-75.1712;6.98;
199.91;-60.6352;6.98;
201.3805;-68.5281;6.98;
208.3463;33.7868;6.98;
208.8179;-32.0992;6.98;
209.6904;46.5962;6.98;
213.4291;-11.8384;6.98;
216.3652;-19.9658;6.98;
219.1819;12.8781;6.98;
222.5912;65.6458;6.98;
223.5456;-66.4201;6.98;
229.5408;-47.8999;6.98;
233.5421;-33.1713;6.98;
233.6507;67.8055;6.98;
234.3804;-22.117;6.98;
234.5091;-54.522;6.98;
234.9164;16.314;6.98;
235.1029;-44.2886;6.98;
235.3562;-65.0681;6.98;
236.9852;-25.987;6.98;
247.2194;18.4141;6.98;
247.5623;47.9524;6.98;
248.0337;-12.4316;6.98;
250.1772;72.6717;6.98;
251.2861;-23.184;6.98;
252.4882;15.377;6.98;
255.1154;75.2252;6.98;
257.7851;56.6592;6.98;
258.4711;-56.8006;6.98;
262.9755;16.824;6.98;
266.0711;33.2261;6.98;
267.1781;-39.8988;6.98;
273.1342;24.4517;6.98;
274.818;15.826;6.98;
277.7979;-36.8092;6.98;
282.3057;27.7202;6.98;
282.7864;-39.1749;6.98;
283.4525;-19.7971;6.98;
284.7611;33.1172;6.98;
288.4725;25.7588;6.98;
288.5365;-22.0606;6.98;
293.4038;3.7613;6.98;
298.3165;28.0996;6.98;
300.0345;17.6108;6.98;
302.0048;42.385;6.98;
304.5711;25.6483;6.98;
304.957;45.3638;6.98;
306.9422;-5.6542;6.98;
307.1075;39.329;6.98;
308.1066;48.2165;6.98;
309.8347;26.0676;6.98;
311.3124;-15.7983;6.98;
311.4875;7.3791;6.98;
312.1066;68.0329;6.98;
312.7376;48.0305;6.98;
316.0338;-47.9609;6.98;
317.2434;-28.4777;6.98;
317.3364;-82.0273;6.98;
317.845;-52.3392;6.98;
318.1889;2.6427;6.98;
318.694;64.7503;6.98;
318.7659;-5.5519;6.98;
319.4016;39.2099;6.98;
321.1693;-68.2278;6.98;
324.974;39.515;6.98;
325.7277;23.3217;6.98;
326.2009;2.9921;6.98;
327.4394;-46.611;6.98;
327.9944;-55.7791;6.98;
331.494;53.6233;6.98;
332.0807;-34.556;6.98;
332.5273;35.2139;6.98;
334.5087;-62.8113;6.98;
336.6736;-11.2282;6.98;
337.636;61.6238;6.98;
343.1762;67.9902;6.98;
344.8035;52.303;6.98;
346.7612;3.0522;6.98;
347.7087;45.5123;6.98;
349.5061;79.8743;6.98;
1.4155;55.7099;6.99;
4.1793;36.6298;6.99;
7.9056;9.1612;6.99;
9.3438;-37.2881;6.99;
14.1952;-2.7299;6.99;
14.7627;27.6571;6.99;
15.1472;-36.2382;6.99;
15.8273;-41.0211;6.99;
16.78;20.1511;6.99;
18.8678;20.4145;6.99;
19.4499;49.0084;6.99;
19.676;72.8779;6.99;
19.9656;58.2081;6.99;
21.3296;16.2571;6.99;
21.4194;2.9721;6.99;
24.3546;25.1678;6.99;
25.6003;32.9619;6.99;
25.6333;-8.6595;6.99;
26.4326;3.6672;6.99;
31.3619;50.6432;6.99;
31.9468;5.9848;6.99;
33.855;-41.069;6.99;
34.3554;28.745;6.99;
35.7518;57.387;6.99;
36.7417;26.0409;6.99;
40.34;4.4278;6.99;
46.3978;36.7987;6.99;
46.6802;-72.0249;6.99;
51.3346;-4.6553;6.99;
52.8329;27.5718;6.99;
55.4507;62.6484;6.99;
56.0382;-38.2818;6.99;
56.8374;23.8033;6.99;
58.5722;-27.6688;6.99;
63.3126;-70.4204;6.99;
63.4886;-37.0304;6.99;
63.9975;-84.1812;6.99;
67.7203;44.6029;6.99;
74.8736;-49.4581;6.99;
81.914;-60.416;6.99;
82.1249;74.3075;6.99;
82.9816;-16.6764;6.99;
85.2349;-1.5072;6.99;
85.403;60.6229;6.99;
86.2219;16.0861;6.99;
87.8661;18.4442;6.99;
89.5897;-4.6507;6.99;
90.8914;26.5291;6.99;
95.235;-29.6709;6.99;
95.8731;-29.8608;6.99;
102.318;-28.9735;6.99;
102.5105;-66.2934;6.99;
103.6915;48.9051;6.99;
103.902;-33.8068;6.99;
105.2166;-19.4444;6.99;
105.8941;2.4373;6.99;
105.9958;47.05;6.99;
106.0627;75.4113;6.99;
107.0911;16.135;6.99;
108.459;28.494;6.99;
109.6338;-32.3468;6.99;
110.02;-20.7041;6.99;
111.4884;-2.2485;6.99;
111.8497;39.3151;6.99;
112.5431;38.1695;6.99;
116.364;-37.5963;6.99;
118.7525;-23.4654;6.99;
118.8156;-52.9023;6.99;
119.657;-37.0205;6.99;
123.2676;-34.5785;6.99;
124.4973;6.2341;6.99;
126.5732;-27.145;6.99;
128.5072;-25.0994;6.99;
129.0103;24.0511;6.99;
129.8102;-69.2739;6.99;
131.0034;-38.7793;6.99;
131.4927;-54.9604;6.99;
131.9181;-38.992;6.99;
134.2328;-73.9219;6.99;
134.3278;32.4451;6.99;
135.6786;82.7449;6.99;
137.2579;7.5132;6.99;
138.4664;-61.2798;6.99;
140.0875;-9.6102;6.99;
140.2874;2.941;6.99;
141.6717;36.4575;6.99;
142.0553;-7.7207;6.99;
143.4326;-60.6277;6.99;
144.5712;70.2661;6.99;
148.9959;-39.5533;6.99;
151.116;-51.7984;6.99;
151.2042;-28.1887;6.99;
151.3864;-33.3922;6.99;
151.884;-22.4896;6.99;
156.5652;-53.8915;6.99;
160.0622;-47.1602;6.99;
160.7543;-49.057;6.99;
170.948;-36.0892;6.99;
173.5157;-16.0459;6.99;
175.2902;-17.7053;6.99;
175.9026;-68.4787;6.99;
178.0172;-49.4011;6.99;
179.4842;-27.707;6.99;
180.9675;-53.4982;6.99;
186.4428;-64.0221;6.99;Tupã
186.7451;-52.7029;6.99;
189.3299;79.2155;6.99;
189.4659;4.2886;6.99;
192.5215;-7.6322;6.99;
193.6667;22.1079;6.99;
204.5038;22.5273;6.99;
206.8557;-6.7054;6.99;
206.8814;37.8933;6.99;
209.0199;28.6725;6.99;
211.7427;-47.5892;6.99;
216.9394;-44.3303;6.99;
219.9207;-26.7237;6.99;
221.0589;-69.6741;6.99;
224.389;-35.384;6.99;
225.0778;7.6483;6.99;
225.3134;-67.9833;6.99;
227.9411;-33.6389;6.99;
233.7483;-17.1388;6.99;
234.441;71.1537;6.99;
234.7558;-78.2352;6.99;
236.2007;16.7374;6.99;
240.5202;-36.7439;6.99;
251.3292;-30.8067;6.99;
253.6188;70.464;6.99;
255.1319;-57.2971;6.99;
258.3634;38.9851;6.99;
259.6;-50.211;6.99;
262.3039;-31.5343;6.99;
262.6038;-66.87;6.99;
263.2973;-58.5575;6.99;
272.2185;1.9956;6.99;
275.1758;-59.8399;6.99;
275.2052;27.5303;6.99;
275.3185;-30.9415;6.99;
275.3657;25.0568;6.99;
277.6215;-23.2506;6.99;
277.6369;40.9758;6.99;
281.6529;-8.1197;6.99;
286.0655;43.8804;6.99;
290.792;-10.7032;6.99;
292.5536;46.1478;6.99;
293.9614;-2.4557;6.99;
295.171;31.4065;6.99;
298.2938;-53.0926;6.99;
298.4104;41.3558;6.99;
299.7152;35.4978;6.99;
301.3578;-34.6669;6.99;
301.9953;77.8244;6.99;
304.0619;-41.4785;6.99;
304.3448;38.2357;6.99;
310.5655;-44.8852;6.99;
310.57;57.3854;6.99;
312.0538;-16.5213;6.99;
312.8922;49.6543;6.99;
315.8729;-2.3222;6.99;
318.7954;51.2819;6.99;
318.9882;25.4338;6.99;
319.3554;8.2341;6.99;
319.8326;38.8066;6.99;
319.8545;58.3266;6.99;
319.914;9.5253;6.99;
321.249;27.418;6.99;
325.3453;21.944;6.99;
325.9027;38.3046;6.99;
326.6754;-11.6978;6.99;
328.2998;71.9897;6.99;
329.05;33.3658;6.99;
329.8822;10.5765;6.99;
330.4291;41.5391;6.99;
330.6553;33.3794;6.99;
331.1631;-28.435;6.99;
331.3839;0.6276;6.99;
331.8748;-68.0235;6.99;
332.362;-8.1857;6.99;
338.8153;45.1534;6.99;
341.4003;52.8903;6.99;
343.1485;-19.038;6.99;
349.4738;30.4585;6.99;
350.2331;-18.5434;6.99;
352.1946;-5.3894;6.99;
354.5922;58.654;6.99;
355.5595;44.7554;6.99;
359.9637;11.6737;6.99;
3.5376;26.2588;7;
5.1375;45.5089;7;
7.4005;62.0642;7;
18.2208;32.0754;7;
20.1164;-57.3385;7;
33.2336;57.2045;7;
35.3986;44.6;7;
35.8426;-6.1927;7;
36.4171;61.5497;7;
37.9591;38.1218;7;
39.0107;6.4324;7;
47.6784;-39.0515;7;
47.9546;-29.1628;7;
50.9472;48.6044;7;
52.6099;10.4588;7;
66.7217;-18.6562;7;
67.0222;8.1548;7;
68.6457;-72.7337;7;
69.4764;7.3176;7;
72.0814;67.7633;7;
76.8595;-8.6532;7;
77.9435;4.4035;7;
79.9543;2.5136;7;
80.003;32.7856;7;
83.6031;-52.629;7;
85.0166;-1.4255;7;
85.3963;-15.3376;7;
90.7884;53.5414;7;
93.2428;7.2777;7;
96.117;13.015;7;
100.3743;6.1108;7;
101.8046;22.1945;7;
101.87;-76.8515;7;
101.9481;0.3402;7;
108.85;-42.088;7;
110.3687;-28.1912;7;
112.3035;11.5813;7;
112.9005;62.5018;7;
113.8499;28.6277;7;
114.3852;60.5386;7;
115.5049;-32.0797;7;
118.4946;-26.3488;7;
118.899;-15.5788;7;
124.3925;-58.6975;7;
124.9393;-37.4177;7;
127.5655;-51.135;7;
127.9029;-45.7848;7;
130.3854;-73.6146;7;
132.808;-38.6331;7;
138.4772;2.8628;7;
141.6469;-33.8974;7;
142.8688;-12.0624;7;
143.8526;-22.686;7;
146.7713;-10.523;7;
147.2085;60.0969;7;
153.2389;-65.1665;7;
153.9523;-50.1778;7;
154.8001;72.4371;7;
156.3174;-58.8725;7;
156.4433;-54.9887;7;
156.577;-6.4272;7;
159.4253;-35.72;7;
161.4664;72.288;7;
161.6136;-42.6434;7;
162.0106;41.11;7;
162.9052;-21.2501;7;
176.3542;-40.5165;7;
177.8385;-43.0797;7;
178.4483;33.6153;7;
180.8982;69.02;7;
184.9924;-41.3597;7;
194.0062;-31.4821;7;
196.8321;0.585;7;
203.1366;-69.2317;7;
204.7098;-33.1113;7;
207.5337;42.5573;7;
209.4526;-49.019;7;
211.0512;-41.8126;7;
214.2656;54.5429;7;
214.4426;51.8579;7;
224.3022;-42.1375;7;
227.4211;-35.8658;7;
230.5366;-32.1896;7;
232.0553;-37.3586;7;
236.9088;-9.4804;7;
237.1772;83.6197;7;
237.8838;-32.6861;7;
238.1502;-67.6396;7;
242.1429;-39.1051;7;
243.9613;36.5545;7;
245.4773;-55.5516;7;
246.316;19.2397;7;
246.9963;-46.2508;7;
257.0234;-41.6147;7;
257.4212;10.0387;7;
260.5527;-75.3481;7;
263.5441;-45.0064;7;
264.1391;13.2592;7;
264.4771;-59.4329;7;
265.3075;41.6549;7;
268.0107;24.3045;7;
269.6689;35.6319;7;
269.7386;-22.5175;7;
273.4203;-41.1268;7;
274.5749;46.4071;7;
280.0876;-58.7799;7;
282.3499;33.7009;7;
283.0367;-44.5364;7;
286.2213;15.736;7;
286.2349;-4.0409;7;
289.5456;-18.8638;7;
290.9491;39.5904;7;
293.0076;20.9294;7;
293.5247;-56.1001;7;
294.1565;48.5163;7;
298.7716;30.6876;7;
300.1496;-28.5864;7;
300.543;10.7389;7;
300.7879;41.4745;7;
303.7227;3.4069;7;
305.8301;-0.4523;7;
307.0162;33.8879;7;
308.4557;-29.2926;7;
309.2044;-69.4507;7;
311.9983;39.2877;7;
312.2355;-68.7913;7;
313.788;46.3502;7;
314.8678;40.9602;7;
318.5074;-22.2121;7;
329.3236;61.2953;7;
333.7001;24.315;7;
336.0679;-21.5971;7;
338.2968;-60.4329;7;
341.352;44.7524;7;
342.4009;66.5539;7;
342.4164;80.3677;7;
345.6049;59.8527;7;
347.794;-63.19;7;
347.9982;-11.9336;7;
348.2442;-9.5705;7;
3.1492;44.3163;7.01;
6.8423;-28.2432;7.01;
10.6724;-65.6085;7.01;
11.2957;0.2533;7.01;
16.8835;-41.7467;7.01;
20.3124;22.3747;7.01;
20.4127;-33.2324;7.01;
20.5928;16.8257;7.01;
21.9158;5.3528;7.01;
25.7406;58.1158;7.01;
26.0572;48.2113;7.01;
28.5254;-77.4912;7.01;
30.1602;75.9528;7.01;
31.3471;10.0769;7.01;
31.8359;27.2376;7.01;
33.2165;-34.5387;7.01;
34.174;67.2839;7.01;
37.9756;46.5855;7.01;
40.4848;71.6264;7.01;
43.73;17.7348;7.01;
47.1124;51.1665;7.01;
47.1162;7.643;7.01;
50.8787;82.1499;7.01;
53.7759;38.5857;7.01;
54.347;40.0897;7.01;
54.972;-10.9468;7.01;
57.4091;22.5335;7.01;
60.9033;-20.1588;7.01;
62.789;2.3184;7.01;
62.8567;-15.9684;7.01;
67.0607;-22.7679;7.01;
67.8487;-59.7669;7.01;
71.4586;28.6607;7.01;
80.5467;5.3953;7.01;
81.2501;-19.3739;7.01;
84.2319;74.3192;7.01;
85.6407;-10.6288;7.01;
87.0605;46.7217;7.01;
87.619;-37.6212;7.01;
88.0529;-19.0538;7.01;
89.5288;69.6043;7.01;
90.4739;-64.8606;7.01;
91.6642;-41.22;7.01;
95.516;29.9641;7.01;
96.2738;16.9947;7.01;
96.3344;11.2332;7.01;
98.8418;37.7153;7.01;
99.1765;23.098;7.01;
102.3899;-41.429;7.01;
105.5859;-42.6325;7.01;
106.2731;-20.2025;7.01;
107.2422;-45.3313;7.01;
109.2679;-21.1892;7.01;
109.6392;-30.7988;7.01;
115.6707;-42.5674;7.01;
116.9883;60.2961;7.01;
117.8608;29.168;7.01;
123.996;-30.1846;7.01;
128.5457;-39.7291;7.01;
129.2402;-18.6811;7.01;
130.6278;-8.4985;7.01;
133.5886;26.9238;7.01;
141.3626;-6.4045;7.01;
142.3278;-44.5389;7.01;
144.3205;-30.9701;7.01;
145.897;10.5189;7.01;
146.2238;-57.5693;7.01;
146.5903;-27.2761;7.01;
148.5277;8.0745;7.01;
149.6819;-29.3048;7.01;
151.5447;21.5146;7.01;
151.8868;-53.2601;7.01;
153.37;57.9938;7.01;
154.599;-13.3048;7.01;
154.7593;-56.0207;7.01;
157.5184;40.4699;7.01;
157.843;73.3308;7.01;
159.2417;-41.3411;7.01;
165.3365;46.5636;7.01;
168.0229;-71.2175;7.01;
169.0318;-41.0216;7.01;
173.3726;19.6799;7.01;
174.1189;25.0298;7.01;
179.3788;-27.0559;7.01;
179.6253;-70.74;7.01;
185.6108;-24.2366;7.01;
190.562;45.877;7.01;
191.0606;51.7593;7.01;
194.0625;-4.864;7.01;
194.5149;-14.9857;7.01;
194.7732;70.5968;7.01;
201.1504;-51.5045;7.01;
201.7939;64.7195;7.01;
209.2494;54.5858;7.01;
210.9796;12.7261;7.01;
214.4936;-7.9667;7.01;
214.6243;3.6745;7.01;
220.4882;-28.0658;7.01;
224.4481;15.0588;7.01;
225.6377;16.055;7.01;
227.6734;-43.7299;7.01;
229.6466;-78.4722;7.01;
229.6918;-54.3643;7.01;
231.9662;-40.6596;7.01;
232.2836;13.0326;7.01;
235.658;45.7621;7.01;
237.0802;-44.3518;7.01;
238.5574;-11.0902;7.01;
241.9913;-71.9446;7.01;
241.9975;45.3803;7.01;
243.2407;12.8007;7.01;
246.1822;-34.8938;7.01;
246.8737;-29.2883;7.01;
247.8233;79.7898;7.01;
249.7673;-58.2582;7.01;
259.8192;-31.3617;7.01;
263.2886;16.7693;7.01;
265.0705;69.1503;7.01;
265.6676;-15.5592;7.01;
265.8598;-78.6929;7.01;
267.3531;-38.9838;7.01;
268.1766;38.8206;7.01;
270.1834;9.564;7.01;
270.6286;26.313;7.01;
270.7642;-51.649;7.01;
274.4627;-33.3962;7.01;
276.7131;30.9684;7.01;
278.4477;-71.7686;7.01;
279.198;-15.9455;7.01;
279.2797;-19.2094;7.01;
279.9153;8.7328;7.01;
280.0782;12.0542;7.01;
280.7214;-39.2857;7.01;
283.2519;-16.3815;7.01;
283.8889;47.4408;7.01;
286.683;-42.8148;7.01;
289.6882;16.4884;7.01;
290.7516;42.9742;7.01;
291.0141;44.9335;7.01;
291.6152;-21.2459;7.01;
293.5779;16.265;7.01;
294.1572;20.3329;7.01;
294.8301;44.4362;7.01;
297.1745;29.4023;7.01;
300.0477;36.4141;7.01;
301.0614;51.2879;7.01;
301.6208;36.2266;7.01;
302.5423;-63.623;7.01;
302.8358;8.7171;7.01;
303.4133;46.7119;7.01;
305.5526;50.5411;7.01;
305.7514;-35.3774;7.01;
308.3477;54.802;7.01;
308.6922;82.0113;7.01;
310.222;41.2025;7.01;
310.5098;31.3119;7.01;
310.7019;66.3267;7.01;
310.9733;42.2202;7.01;
311.6141;-26.8687;7.01;
315.7354;-29.1103;7.01;
316.2858;-37.2314;7.01;
319.5022;-85.2012;7.01;
319.6453;11.5688;7.01;
322.829;3.8183;7.01;
325.1077;-6.9751;7.01;
328.4504;62.6144;7.01;
333.8771;-43.6347;7.01;
341.3667;-15.5834;7.01;
342.6929;-7.3119;7.01;
343.0908;15.8823;7.01;
345.2541;-58.4375;7.01;
346.9255;65.6169;7.01;
351.1808;36.3622;7.01;
351.8272;8.067;7.01;
357.3582;-21.614;7.01;
357.4605;27.6807;7.01;
359.4098;-33.1891;7.01;
1.167;34.2651;7.02;
2.3198;65.0709;7.02;
5.5984;35.5363;7.02;
8.6242;-4.5465;7.02;
10.1978;-7.2326;7.02;
14.3744;21.4862;7.02;
16.7958;-1.7321;7.02;
22.2532;51.6861;7.02;
22.581;-52.4936;7.02;
23.8579;56.0437;7.02;
26.252;69.5025;7.02;
26.9076;-46.2572;7.02;
31.6185;-55.0829;7.02;
32.2369;-31.7454;7.02;
35.8981;-55.6168;7.02;
36.7017;35.6143;7.02;
38.6494;-21.9306;7.02;
39.2715;-28.9933;7.02;
43.8913;47.3045;7.02;
48.8132;-20.019;7.02;
49.496;-10.4429;7.02;
53.9576;-43.7164;7.02;
57.198;-7.015;7.02;
57.6446;-30.69;7.02;
59.1573;3.0579;7.02;
62.4687;-19.287;7.02;
62.5886;39.2257;7.02;
65.501;39.934;7.02;
67.3356;17.5449;7.02;
67.7222;-41.1743;7.02;
72.2344;3.6897;7.02;
73.3009;-20.7721;7.02;
73.9828;4.6704;7.02;
75.5711;-56.0805;7.02;
77.4926;8.1732;7.02;
79.1576;-45.9137;7.02;
85.2185;-29.7207;7.02;
87.9763;-25.2193;7.02;
91.8814;38.0822;7.02;
93.6778;14.5863;7.02;
93.876;3.9582;7.02;
95.267;29.3717;7.02;
98.2903;46.4762;7.02;
98.6909;-20.5574;7.02;
98.8941;-50.2961;7.02;
100.7035;-50.4518;7.02;
101.2967;-0.0432;7.02;
102.149;-4.0759;7.02;
103.1716;-26.1166;7.02;
103.8114;-29.0385;7.02;
104.9617;-41.0016;7.02;
106.8404;-9.9851;7.02;
107.0931;7.8814;7.02;
107.1536;4.1761;7.02;
107.2728;71.9594;7.02;
107.7938;-4.7033;7.02;
108.8903;21.9666;7.02;
109.7857;-38.038;7.02;
109.8338;-22.0498;7.02;
110.5983;-24.9039;7.02;
111.6423;-0.4695;7.02;
113.005;35.603;7.02;
120.0428;-16.9534;7.02;
125.2888;-52.5875;7.02;
125.6373;-29.6924;7.02;
128.0705;-41.8324;7.02;
128.4004;-80.1587;7.02;
129.4898;-8.8816;7.02;
132.6513;-4.6995;7.02;
133.8448;-3.1477;7.02;
137.5257;-49.2898;7.02;
137.7405;-43.2675;7.02;
137.7602;71.3644;7.02;
139.751;-47.9678;7.02;
144.2401;82.9254;7.02;
144.3705;-29.8023;7.02;
144.8218;13.3126;7.02;
146.8189;8.5705;7.02;
147.196;-19.3136;7.02;
148.404;25.6674;7.02;
154.5887;12.6211;7.02;
163.1641;52.0712;7.02;
163.269;-20.6282;7.02;
163.6478;-38.7544;7.02;
169.0066;64.9076;7.02;
169.4492;-59.2078;7.02;
170.2292;-58.7036;7.02;
177.1634;-35.9869;7.02;
185.5359;-35.512;7.02;
189.3385;-8.3003;7.02;
197.9681;-52.8123;7.02;
198.7322;-11.3694;7.02;
203.3522;-7.6226;7.02;
205.7081;-44.1909;7.02;
211.6734;34.7786;7.02;
217.1297;2.7888;7.02;
219.1005;27.4851;7.02;
227.7881;-52.5362;7.02;
231.4987;32.474;7.02;
239.865;-27.0163;7.02;
240.088;67.6274;7.02;
242.0297;-18.2431;7.02;
243.0924;-61.929;7.02;
248.1589;-15.9875;7.02;
251.4519;-26.6494;7.02;
253.2794;-30.4296;7.02;
255.6383;9.8202;7.02;
259.5057;-43.5777;7.02;
260.1894;32.6744;7.02;
263.1001;14.3838;7.02;
263.763;-62.111;7.02;
266.2311;50.0443;7.02;
267.4894;-24.2071;7.02;
270.3721;24.2499;7.02;
272.8042;39.1006;7.02;
277.3644;13.855;7.02;
278.0584;-29.1902;7.02;
284.3988;-19.1531;7.02;
284.7555;-12.5878;7.02;
287.7936;23.4799;7.02;
288.5002;-14.0391;7.02;
289.2024;18.9763;7.02;
291.1146;12.2829;7.02;
291.2797;-18.5628;7.02;
296.4889;4.2485;7.02;
297.0493;22.7629;7.02;
298.4471;34.5838;7.02;
298.5082;15.2921;7.02;
303.4197;53.1251;7.02;
313.6931;-8.8833;7.02;
313.7845;-52.1199;7.02;
314.4448;-68.4247;7.02;
315.4993;-11.6963;7.02;
316.8595;-8.2349;7.02;
323.243;20.7115;7.02;
325.4101;21.6021;7.02;
325.4413;-19.8064;7.02;
330.3869;-15.612;7.02;
330.8103;30.2032;7.02;
335.8351;-14.9513;7.02;
338.6258;40.7749;7.02;
339.389;24.0013;7.02;
339.7724;58.9275;7.02;
341.0267;80.4371;7.02;
342.9422;15.0858;7.02;
343.5309;19.892;7.02;
344.6122;35.2824;7.02;
346.7759;50.1924;7.02;
348.451;-13.3946;7.02;
349.4243;34.0465;7.02;
351.5042;39.3395;7.02;
356.5336;60.4732;7.02;
357.4792;-65.6412;7.02;
3.6523;1.2968;7.03;
4.902;-7.224;7.03;
5.1264;10.9177;7.03;
5.7161;-37.4034;7.03;
10.5059;40.6883;7.03;
15.9816;-40.6483;7.03;
19.2099;21.0519;7.03;
20.6012;-43.6026;7.03;
21.7637;-20.4915;7.03;
22.1996;-24.7979;7.03;
22.9278;10.8894;7.03;
24.1719;6.718;7.03;
28.5845;69.1823;7.03;
30.9745;-17.5136;7.03;
37.0416;38.8411;7.03;
37.9724;57.6976;7.03;
38.063;-45.8712;7.03;
38.7488;-42.1129;7.03;
40.6492;61.5935;7.03;
43.0591;-8.2671;7.03;
43.9613;-38.6507;7.03;
44.4784;17.8134;7.03;
45.013;-1.8045;7.03;
48.0088;0.1077;7.03;
48.1564;-31.1291;7.03;
48.3417;-27.5739;7.03;
50.2605;-68.5334;7.03;
52.6124;47.0633;7.03;
52.6959;5.367;7.03;
53.1099;-24.6164;7.03;
53.2397;16.5984;7.03;
59.6592;53.9887;7.03;
60.1869;-58.6617;7.03;
61.4754;-10.2958;7.03;
62.4204;-7.8929;7.03;
63.2603;-32.7949;7.03;
65.9341;22.9648;7.03;
66.0417;62.0325;7.03;
66.4034;5.6453;7.03;
67.7382;10.7518;7.03;
72.1827;21.3158;7.03;
73.941;30.5512;7.03;
75.1356;3.6148;7.03;
78.0128;-65.1757;7.03;
80.002;-47.0488;7.03;
81.75;7.1703;7.03;
82.4479;12.2706;7.03;
84.7725;56.36;7.03;
85.0822;-3.4271;7.03;
85.1491;28.9769;7.03;
85.6356;-11.6444;7.03;
88.9178;27.7156;7.03;
90.568;66.8997;7.03;
91.3446;0.6128;7.03;
93.6254;4.5431;7.03;
94.2831;-22.3744;7.03;
94.6949;-50.3591;7.03;
95.7312;3.7608;7.03;
96.2091;4.872;7.03;
98.7583;31.4346;7.03;
102.1142;-12.8406;7.03;
102.7845;-19.0135;7.03;
104.0569;8.7454;7.03;
104.5297;-9.0273;7.03;
106.4825;15.1815;7.03;
109.2094;-25.159;7.03;
110.9183;-30.4492;7.03;
111.7445;-34.3122;7.03;
114.1143;-14.5951;7.03;
114.5495;-10.6131;7.03;
115.8186;69.3364;7.03;
116.3697;-14.6862;7.03;
118.9485;10.4434;7.03;
120.8922;20.3385;7.03;
123.7572;-79.3187;7.03;
125.1999;67.5269;7.03;
127.4799;0.0193;7.03;
131.0618;32.0626;7.03;
132.4041;1.4825;7.03;
135.8156;32.8814;7.03;
138.2096;56.9418;7.03;
139.1129;18.8103;7.03;
140.1097;-29.1268;7.03;
141.1932;50.2783;7.03;
142.9397;-70.4696;7.03;
143.9219;-44.1881;7.03;
144.1156;-2.7779;7.03;
145.5058;-42.2826;7.03;
153.8823;-62.537;7.03;
156.2374;-38.3033;7.03;
157.1811;17.1335;7.03;
160.9011;-39.0584;7.03;
160.9852;49.8009;7.03;
162.098;37.5703;7.03;
164.5202;-55.7837;7.03;
167.3142;57.8764;7.03;
167.5067;77.7868;7.03;
170.6206;17.437;7.03;
171.313;-18.6071;7.03;
172.3511;-0.8489;7.03;
174.6581;-72.3687;7.03;
175.0698;-28.4966;7.03;
175.2749;60.8425;7.03;
178.7972;46.4698;7.03;
178.8441;38.7569;7.03;
181.5059;-54.2578;7.03;
186.6359;55.1595;7.03;
187.3452;66.8939;7.03;
188.4279;75.2125;7.03;
190.0359;34.1662;7.03;
190.0916;-49.4007;7.03;
197.3884;56.8334;7.03;
200.1411;4.8271;7.03;
200.3697;-67.5369;7.03;
200.443;-18.7421;7.03;
203.441;60.262;7.03;
207.2383;-20.7483;7.03;
207.8964;-13.0151;7.03;
209.6118;-12.0593;7.03;
213.8308;3.1314;7.03;
214.4711;-42.5912;7.03;
214.5891;21.3043;7.03;
218.0328;-23.4466;7.03;
218.2063;14.0608;7.03;
220.2536;57.9578;7.03;
222.121;-25.487;7.03;
222.2779;54.2315;7.03;
223.2353;15.1324;7.03;
230.756;0.4644;7.03;
239.4973;-31.7289;7.03;
240.6926;22.2385;7.03;
240.7164;-25.0143;7.03;
249.7577;50.8298;7.03;
250.4575;-45.3687;7.03;
253.61;-33.4754;7.03;
254.019;47.3708;7.03;
255.6124;-72.6091;7.03;
257.3633;22.0918;7.03;
258.1647;-21.606;7.03;
260.4649;-20.5694;7.03;
260.5045;21.1548;7.03;
264.3093;55.7411;7.03;
269.5133;2.72;7.03;
270.0665;63.5514;7.03;
270.3883;11.2858;7.03;
271.0383;-34.0531;7.03;
271.2458;29.081;7.03;
271.7327;-3.2335;7.03;
272.452;-44.9455;7.03;
272.6138;35.1717;7.03;
274.119;-57.4471;7.03;
274.2765;33.5354;7.03;
276.0438;77.5614;7.03;
278.2796;-5.1625;7.03;
279.3802;37.7807;7.03;
281.3404;36.5673;7.03;
281.7178;-65.2496;7.03;
283.8682;13.2225;7.03;
284.6567;74.1329;7.03;
286.7766;72.0741;7.03;
288.2881;-77.8641;7.03;
293.8507;69.8055;7.03;
296.3515;23.9429;7.03;
300.8818;-36.5964;7.03;
302.0542;-18.8039;7.03;
302.1789;22.1534;7.03;
303.7155;10.4724;7.03;
304.2102;-40.9056;7.03;
305.1821;82.368;7.03;
305.6358;26.298;7.03;
305.8257;40.7591;7.03;
306.1488;16.1437;7.03;
308.5053;18.1855;7.03;
309.2831;61.3646;7.03;
309.4954;42.8456;7.03;
310.8333;25.8248;7.03;
311.6978;32.4199;7.03;
311.9687;27.5954;7.03;
312.4947;2.4338;7.03;
313.4683;49.5334;7.03;
313.8248;42.5135;7.03;
316.9892;14.6737;7.03;
319.9527;-14.0175;7.03;
321.9105;-11.6669;7.03;
323.6624;66.7723;7.03;
324.6199;49.7953;7.03;
325.1223;-41.184;7.03;
326.5118;50.6742;7.03;
327.1838;-65.5028;7.03;
327.268;49.6771;7.03;
329.8239;-23.8334;7.03;
332.1639;-43.0413;7.03;
336.1809;9.8102;7.03;
337.8693;-50.9377;7.03;
339.0711;-7.6644;7.03;
342.0169;-51.5127;7.03;
348.6272;20.4423;7.03;
349.426;31.03;7.03;
354.7321;-45.6119;7.03;
355.7818;34.7465;7.03;
357.146;28.371;7.03;
359.0303;-52.7881;7.03;
0.3161;60.3553;7.04;
0.4803;-37.23;7.04;
2.0682;-14.8245;7.04;
7.2375;48.4137;7.04;
9.3242;11.4366;7.04;
10.0835;59.4642;7.04;
12.2759;-21.1511;7.04;
16.065;57.1167;7.04;
22.0047;-2.0353;7.04;
23.5226;-28.7835;7.04;
27.1692;7.6839;7.04;
30.1765;-24.4218;7.04;
31.2521;10.116;7.04;
33.9808;63.2363;7.04;
40.2775;18.8002;7.04;
43.8084;0.4368;7.04;
46.9162;-61.7158;7.04;
48.0641;-20.6196;7.04;
49.1363;-35.6912;7.04;
52.1258;40.171;7.04;
53.6244;-34.8324;7.04;
54.6758;-35.2042;7.04;
60.4055;53.8659;7.04;
68.7295;-35.5762;7.04;
70.0877;64.5572;7.04;
76.7861;-17.2999;7.04;
76.9425;10.8951;7.04;
79.814;34.8905;7.04;
84.5683;-59.1166;7.04;
85.4282;-67.4028;7.04;
88.5397;10.2444;7.04;
90.1179;22.8997;7.04;
91.2857;0.8665;7.04;
92.9947;7.3913;7.04;
94.7316;-25.0128;7.04;
96.0988;51.0772;7.04;
96.1216;37.3166;7.04;
96.443;-40.9755;7.04;
97.896;16.8283;7.04;
98.1877;35.0629;7.04;
99.0393;-28.8355;7.04;
100.5305;-6.1143;7.04;
100.6433;38.892;7.04;
101.3102;53.0861;7.04;
101.3879;4.5941;7.04;
101.6697;8.3631;7.04;
107.6802;32.6187;7.04;
108.4054;47.2668;7.04;
109.0249;-14.51;7.04;
110.8428;-53.5081;7.04;
115.3562;-43.6353;7.04;
115.4499;-56.3151;7.04;
118.878;62.0439;7.04;
122.0369;-78.6949;7.04;
124.141;11.7262;7.04;
126.6818;7.6507;7.04;
130.3542;59.0711;7.04;
132.2273;-38.9701;7.04;
134.2714;21.8604;7.04;
135.8628;37.841;7.04;
136.8114;-13.3072;7.04;
136.9717;25.6263;7.04;
137.4408;-25.8031;7.04;
138.5947;-65.0539;7.04;
139.8332;-58.9294;7.04;
143.9614;48.4916;7.04;
146.7927;-10.7438;7.04;
147.0529;-7.2457;7.04;
148.4484;-69.8953;7.04;
149.4556;-61.9319;7.04;
159.1366;-59.1903;7.04;
163.3952;26.2078;7.04;
166.4423;50.1725;7.04;
171.4248;-45.8804;7.04;
176.1776;73.1468;7.04;
176.1829;28.6701;7.04;
179.0951;42.0138;7.04;
182.9346;-64.9488;7.04;
184.7771;16.5483;7.04;
188.8165;2.261;7.04;
196.6575;-54.506;7.04;
199.4984;-73.3445;7.04;
202.4703;64.1805;7.04;
205.4161;80.2037;7.04;
208.2759;-73.2687;7.04;
209.6201;64.8939;7.04;
210.3266;-57.2287;7.04;
219.0131;-64.0155;7.04;
220.1046;-26.2557;7.04;
220.3557;-19.928;7.04;
223.6054;-34.1428;7.04;
225.7766;28.2672;7.04;
227.1821;64.5477;7.04;
231.2768;-38.1692;7.04;
233.6317;4.7306;7.04;
236.6809;9.7863;7.04;
236.9377;33.012;7.04;
242.3665;11.7479;7.04;
243.5227;-58.039;7.04;
245.33;-23.708;7.04;
245.5919;-80.7458;7.04;
249.2425;14.4753;7.04;
250.6952;-62.3701;7.04;
252.7312;-16.5469;7.04;
253.0822;11.2419;7.04;
253.1329;-42.9918;7.04;
253.5078;60.3623;7.04;
260.1546;-59.4405;7.04;
260.1943;21.5195;7.04;
261.5936;-48.6149;7.04;
267.9365;56.1202;7.04;
271.1116;-59.1779;7.04;
273.9602;-43.1687;7.04;
275.5451;-7.4988;7.04;
275.9447;23.6829;7.04;
277.4079;-33.934;7.04;
283.4831;-9.3703;7.04;
285.2773;48.0356;7.04;
285.3249;28.412;7.04;
287.1883;34.7603;7.04;
287.9791;-14.5845;7.04;
288.0473;57.672;7.04;
290.0812;4.7779;7.04;
290.7456;-54.538;7.04;
293.0529;9.3343;7.04;
295.4121;33.083;7.04;
296.8766;56.911;7.04;
297.5138;-59.264;7.04;
298.713;24.8885;7.04;
305.4502;-40.7556;7.04;
306.1547;-25.8338;7.04;
308.4842;61.7434;7.04;
311.0526;-3.9154;7.04;
313.5129;-10.9243;7.04;
314.1019;43.9006;7.04;
319.2427;-10.135;7.04;
319.5121;46.8573;7.04;
322.6497;68.2933;7.04;
325.5236;52.2921;7.04;
325.9146;0.5351;7.04;
326.2305;-9.0363;7.04;
331.0936;13.6482;7.04;
332.6645;-68.329;7.04;
334.3131;12.8985;7.04;
336.1937;-26.8599;7.04;
338.0378;-69.1079;7.04;
340.7551;-10.1027;7.04;
343.8173;-48.4658;7.04;
350.7218;2.8183;7.04;
354.879;28.2465;7.04;
0.1735;62.1759;7.05;
0.3205;-41.4874;7.05;
2.1796;-2.2226;7.05;
2.2858;-50.1668;7.05;
4.6696;44.63;7.05;
6.7726;-5.0038;7.05;
10.2467;21.0205;7.05;
13.5255;66.4355;7.05;
18.5061;34.4927;7.05;
20.8395;-17.9339;7.05;
22.749;-4.9597;7.05;
25.0267;-48.7612;7.05;
26.7879;10.8442;7.05;
28.2947;37.3212;7.05;
31.7013;1.4421;7.05;
32.0164;15.8045;7.05;
36.9102;-6.9287;7.05;
37.1936;-11.3467;7.05;
40.5946;68.0644;7.05;
42.9926;-49.8703;7.05;
43.1325;-27.9577;7.05;
47.9691;-39.0232;7.05;
48.5353;40.119;7.05;
49.7579;-2.8432;7.05;
51.1439;-45.6639;7.05;
51.7052;0.0262;7.05;
52.4274;16.7623;7.05;
52.5545;55.375;7.05;
53.4384;-15.1279;7.05;
54.4393;-15.4849;7.05;
55.4763;-14.3632;7.05;
55.6552;8.6346;7.05;
57.4092;67.1655;7.05;
57.6848;-38.9819;7.05;
61.6627;32.3851;7.05;
62.0076;43.1792;7.05;
63.6268;22.4519;7.05;
63.9453;-18.6404;7.05;
66.0227;53.4953;7.05;
73.7923;51.6046;7.05;
75.5311;-31.349;7.05;
76.5348;33.9187;7.05;
78.2159;-27.1776;7.05;
79.2727;12.5655;7.05;
82.5628;20.5516;7.05;
87.0553;-48.9185;7.05;
91.9608;42.6657;7.05;
92.2362;-2.037;7.05;
93.9008;66.1485;7.05;
98.2057;46.9229;7.05;
98.424;39.4461;7.05;
100.3271;29.7136;7.05;
100.5195;3.2483;7.05;
101.1253;20.693;7.05;
101.5568;-34.2428;7.05;
101.9013;-17.5086;7.05;
102.5249;-27.334;7.05;
102.5459;16.4537;7.05;
103.1513;39.9289;7.05;
103.4368;-9.5155;7.05;
104.573;3.8958;7.05;
105.53;25.4256;7.05;
107.4748;13.1476;7.05;
108.2057;25.7487;7.05;
108.2896;54.4937;7.05;
111.5191;5.5801;7.05;
115.104;-22.0459;7.05;
115.1963;-71.7629;7.05;
116.7517;4.9253;7.05;
118.0649;36.2699;7.05;
118.2542;22.3345;7.05;
121.1498;53.6785;7.05;
121.4294;-45.1712;7.05;
124.5048;-47.0919;7.05;
127.2313;56.6671;7.05;
127.4169;24.3447;7.05;
127.6434;-40.5117;7.05;
128.3666;-41.6167;7.05;
131.5188;33.5868;7.05;
134.2857;-71.0169;7.05;
143.1823;26.9885;7.05;
145.0116;-12.9973;7.05;
148.3171;-44.5846;7.05;
155.6741;-9.3951;7.05;
156.1087;-25.5657;7.05;
156.5568;-63.2986;7.05;
157.9654;-81.9211;7.05;
159.2501;-8.8399;7.05;
159.7518;-55.1137;7.05;
162.1459;-48.3505;7.05;
166.5812;-50.4476;7.05;
168.005;-26.1367;7.05;
174.3916;-60.3649;7.05;
175.8457;-19.8233;7.05;
177.1524;28.7999;7.05;
177.853;11.8052;7.05;
182.5328;16.4269;7.05;
186.8871;28.109;7.05;
189.8944;60.8847;7.05;
203.2246;-26.5877;7.05;
204.061;-0.931;7.05;
204.3966;-7.8719;7.05;
207.2666;26.9799;7.05;
213.1885;-3.3201;7.05;
217.5006;-4.2472;7.05;
218.7867;-56.5626;7.05;
227.2027;-70.7106;7.05;
229.0712;-48.0446;7.05;
229.5722;-41.4206;7.05;
230.0542;-57.398;7.05;
231.0827;8.4816;7.05;
234.6395;65.7905;7.05;
235.6931;-16.0137;7.05;
239.0213;-40.7048;7.05;
239.9;-62.815;7.05;
240.2257;13.2716;7.05;
242.5829;-22.157;7.05;
244.9554;76.1431;7.05;
246.0186;-70.1453;7.05;
246.5523;8.5128;7.05;
251.7692;67.2668;7.05;
253.5789;43.4064;7.05;
255.0418;34.3384;7.05;
256.3763;-22.0728;7.05;
259.8495;28.0259;7.05;
263.7944;62.4617;7.05;
264.0266;-66.8649;7.05;
264.5143;43.5989;7.05;
266.2588;-35.5317;7.05;
271.3888;-19.7542;7.05;
271.8211;6.7015;7.05;
274.467;11.8778;7.05;
275.2322;-33.3335;7.05;
276.6615;59.7056;7.05;
280.1495;-33.8568;7.05;
281.7845;-5.8986;7.05;
282.68;43.9574;7.05;
283.4362;60.0179;7.05;
283.7278;-10.5163;7.05;
285.324;21.5139;7.05;
285.87;62.0945;7.05;
290.2617;42.687;7.05;
290.9114;8.66;7.05;
290.9539;-17.1958;7.05;
292.0459;-73.0906;7.05;
293.5791;-16.3742;7.05;
294.2593;-13.173;7.05;
302.0316;-6.7613;7.05;
302.1247;-10.3131;7.05;
303.8478;-5.5367;7.05;
307.6052;27.8328;7.05;
307.671;-20.7097;7.05;
310.934;46.3181;7.05;
313.8491;32.6891;7.05;
314.7277;46.2525;7.05;
317.2146;1.7875;7.05;
328.9961;10.097;7.05;
334.3229;-27.3899;7.05;
334.8264;34.5378;7.05;
336.5178;25.9276;7.05;
341.0722;49.4121;7.05;
341.2049;-40.7681;7.05;
346.3143;-24.3498;7.05;
346.9403;-0.2961;7.05;
347.5714;32.487;7.05;
349.8575;-39.1585;7.05;
352.9153;77.8197;7.05;
353.1029;17.4042;7.05;
353.3714;41.638;7.05;
358.5533;-59.542;7.05;
1.8439;-25.3566;7.06;
2.9364;57.2715;7.06;
3.7347;21.5421;7.06;
6.3458;-17.4277;7.06;
10.4897;-43.1248;7.06;
10.704;45.9295;7.06;
12.3173;41.0818;7.06;
20.0751;43.5102;7.06;
27.8606;-45.4711;7.06;
28.6579;40.656;7.06;
28.9286;59.2735;7.06;
30.4686;7.8644;7.06;
32.6736;-28.2193;7.06;
33.7589;-23.5407;7.06;
37.0317;-65.563;7.06;
40.1697;57.3088;7.06;
43.1664;48.8166;7.06;
44.9808;-13.6834;7.06;
47.9716;82.9038;7.06;
49.8239;-35.0042;7.06;
49.9438;-18.8443;7.06;
51.4576;73.2074;7.06;
52.1944;30.3753;7.06;
56.7535;-30.0553;7.06;
56.8172;44.0737;7.06;
58.6457;-9.5204;7.06;
58.9556;-4.5268;7.06;
63.7983;-38.2949;7.06;
66.0665;-46.6448;7.06;
70.2708;-6.7475;7.06;
72.4789;13.6891;7.06;
74.6861;-17.8068;7.06;
77.8753;-30.2255;7.06;
79.6061;-5.6609;7.06;
80.4928;-2.9637;7.06;
82.3197;32.1995;7.06;
83.5406;-1.9019;7.06;
86.4779;-23.1403;7.06;
86.7363;20.2818;7.06;
89.7283;18.8202;7.06;
89.8426;-12.8352;7.06;
92.5644;15.9065;7.06;
94.7061;11.165;7.06;
96.4898;-35.3373;7.06;
97.4079;-17.0114;7.06;
98.7394;15.3305;7.06;
98.7796;12.6689;7.06;
99.6603;-60.183;7.06;
105.1609;-15.3987;7.06;
106.3945;14.4731;7.06;
107.0457;-31.428;7.06;
115.9919;24.244;7.06;
116.8774;70.2067;7.06;
117.5952;45.7919;7.06;
119.2123;-59.1258;7.06;
119.2466;-49.2649;7.06;
120.0625;-45.7933;7.06;
120.3274;-22.337;7.06;
121.7147;-27.1143;7.06;
122.0784;38.5248;7.06;
123.8897;-13.6243;7.06;
126.1892;17.1818;7.06;
127.7656;40.0556;7.06;
127.9963;-18.3904;7.06;
128.7922;-54.2062;7.06;
128.9681;-56.3728;7.06;
130.8912;36.7149;7.06;
131.6824;-39.9079;7.06;
133.4406;13.8304;7.06;
133.8111;-18.2568;7.06;
138.9642;-37.6293;7.06;
144.1787;56.9702;7.06;
145.4549;43.6372;7.06;
145.9017;13.442;7.06;
151.3029;67.2797;7.06;
156.9329;41.2359;7.06;
165.7978;28.9301;7.06;
167.0909;71.959;7.06;
169.9484;-28.1889;7.06;
172.6615;-13.0503;7.06;
176.3507;7.03;7.06;
193.5012;-18.0376;7.06;
195.6057;-29.2655;7.06;
196.4407;-18.2596;7.06;
198.5183;-2.807;7.06;
200.9131;2.7233;7.06;
201.5361;-3.6611;7.06;
202.0976;-67.8695;7.06;
202.2568;47.8471;7.06;
202.9837;47.2344;7.06;
205.8765;-4.2745;7.06;
209.1693;2.9865;7.06;
219.2861;-3.8922;7.06;
223.4719;-23.9742;7.06;
224.1434;-46.9505;7.06;
226.3263;-29.9904;7.06;
228.5412;-38.492;7.06;
229.9587;-19.5502;7.06;
236.0676;-56.1654;7.06;
238.2293;-59.0616;7.06;
240.2412;64.95;7.06;
244.8963;-18.828;7.06;
249.132;36.0399;7.06;
250.9349;-47.1057;7.06;
252.0038;57.4893;7.06;
257.8209;-32.3252;7.06;
259.4932;17.1246;7.06;
260.615;10.1961;7.06;
260.8146;71.8699;7.06;
262.1615;-25.5107;7.06;
262.199;10.534;7.06;
264.9831;7.8011;7.06;
280.3348;4.5582;7.06;
280.8924;-8.3683;7.06;
284.0967;-61.8192;7.06;
284.9272;16.2526;7.06;
288.1005;-51.8056;7.06;
288.4733;9.0332;7.06;
290.2642;5.1115;7.06;
291.7365;12.0621;7.06;
293.5031;26.0626;7.06;
293.6603;10.9527;7.06;
316.1332;-46.2556;7.06;
317.0045;-46.4931;7.06;
319.3448;34.4215;7.06;
325.0227;-57.4421;7.06;
326.62;22.1745;7.06;
328.9105;2.3608;7.06;
329.3791;4.1577;7.06;
329.9814;-31.5257;7.06;
331.8806;9.671;7.06;
336.2613;32.7912;7.06;
339.1744;13.1558;7.06;
339.5485;45.8278;7.06;
342.126;-43.4464;7.06;
342.504;-55.2341;7.06;
344.0141;58.1958;7.06;
344.3417;-56.8752;7.06;
345.4141;4.4612;7.06;
348.5022;4.9971;7.06;
354.6423;35.0332;7.06;
357.9796;-33.122;7.06;
2.331;17.5339;7.07;
7.9198;-1.7937;7.07;
8.0196;-18.222;7.07;
10.6564;-36.0222;7.07;
13.845;-24.6602;7.07;
14.5406;-15.6828;7.07;
15.9465;6.7648;7.07;
16.1684;33.183;7.07;
18.24;47.1953;7.07;
19.151;74.0268;7.07;
19.9388;-68.8982;7.07;
21.0339;72.8471;7.07;
21.333;-59.4987;7.07;
23.3883;62.5266;7.07;
24.0129;47.1145;7.07;
27.4711;80.8864;7.07;
27.5644;-6.7041;7.07;
28.3712;49.4448;7.07;
28.3747;12.6824;7.07;
33.377;-33.3353;7.07;
36.3798;29.8803;7.07;
36.8727;-0.7515;7.07;
38.9976;-21.4037;7.07;
41.0039;-6.0093;7.07;
43.7257;-14.0249;7.07;
44.1239;62.6096;7.07;
46.7163;30.5271;7.07;
50.0261;50.9688;7.07;
55.6537;17.2935;7.07;
55.7918;-31.0193;7.07;
59.6671;-3.6652;7.07;
61.2225;-2.4271;7.07;
62.9289;-47.0855;7.07;
62.9953;-53.4121;7.07;
67.8049;23.3461;7.07;
77.1334;-2.8245;7.07;
77.9818;53.4521;7.07;
79.1006;-32.5135;7.07;
83.2574;-25.3671;7.07;
86.7522;34.3118;7.07;
87.0611;1.6097;7.07;
92.4152;43.1407;7.07;
96.4096;58.4254;7.07;
96.4408;-20.9731;7.07;
96.59;41.9595;7.07;
98.6638;19.429;7.07;
100.6149;-23.2326;7.07;
100.6221;66.1978;7.07;
101.2122;-18.5705;7.07;
101.2151;59.4493;7.07;
101.5879;18.8377;7.07;
103.8161;-70.4891;7.07;
105.9728;-13.097;7.07;
110.9495;16.6751;7.07;
112.5748;-57.2105;7.07;
112.5975;19.8139;7.07;
114.2409;-40.1921;7.07;
117.6657;24.161;7.07;
117.8076;-62.9302;7.07;
120.3006;54.4605;7.07;
120.827;26.2676;7.07;
121.2933;57.773;7.07;
121.5085;36.2724;7.07;
122.1235;-19.8602;7.07;
124.1985;-9.0143;7.07;
124.4373;-55.7753;7.07;
125.0201;-23.4619;7.07;
125.0812;-69.0613;7.07;
125.8556;-70.2487;7.07;
126.1386;-1.1484;7.07;
130.3465;-72.5887;7.07;
131.0643;42.1007;7.07;
131.6347;8.4779;7.07;
133.8556;-33.4018;7.07;
134.7739;63.3525;7.07;
136.3889;36.1804;7.07;
137.4559;59.1539;7.07;
139.3717;-11.962;7.07;
139.4847;-37.3979;7.07;
142.2467;50.0311;7.07;
146.5287;-19.728;7.07;
147.1169;-37.6361;7.07;
147.6876;31.3927;7.07;
148.7747;24.6372;7.07;
150.2467;-3.1893;7.07;
155.0148;-67.1679;7.07;
156.7319;-57.607;7.07;
162.2413;-9.1;7.07;
164.4956;-42.0394;7.07;
166.0998;-42.6776;7.07;
167.4209;-54.7148;7.07;
168.9275;-22.916;7.07;
181.8121;-6.7656;7.07;
181.8665;-18.1908;7.07;
187.2842;-34.8344;7.07;
188.5966;-1.4076;7.07;
193.4495;19.0574;7.07;
195.1314;-60.3754;7.07;
196.1854;0.2951;7.07;
199.0997;6.5046;7.07;
199.5752;-57.3003;7.07;
199.5996;-78.8231;7.07;
201.1503;-53.9144;7.07;
203.2093;-36.8538;7.07;
209.7653;-18.6229;7.07;
214.0353;56.7127;7.07;
215.0591;-55.7913;7.07;
215.6593;32.5035;7.07;
217.7164;-20.7183;7.07;
227.3668;3.8658;7.07;
234.4967;10.2399;7.07;
234.5538;36.2468;7.07;
236.5788;-57.8125;7.07;
239.8489;-58.7262;7.07;
240.1818;32.0395;7.07;
241.3493;-31.4569;7.07;
241.9336;-46.5253;7.07;
242.544;-40.1288;7.07;
244.0817;-1.6481;7.07;
244.5673;-28.0417;7.07;
250.1858;-48.7562;7.07;
250.3947;30.8758;7.07;
251.6425;-41.6107;7.07;
253.674;-43.56;7.07;
253.6916;62.0999;7.07;
256.5672;15.2297;7.07;
257.0888;28.2337;7.07;
257.2583;14.9611;7.07;
259.3604;31.5184;7.07;
260.4881;11.6723;7.07;
261.8899;-53.2225;7.07;
263.3086;-45.5113;7.07;
266.6281;-39.2648;7.07;
270.1621;29.5719;7.07;
270.2643;48.4655;7.07;
271.4571;21.4459;7.07;
272.4297;6.2065;7.07;
275.8749;-42.323;7.07;
277.8417;-0.482;7.07;
282.3325;-8.3126;7.07;
282.6724;-47.7797;7.07;
283.9526;3.4498;7.07;
284.6071;1.1981;7.07;
285.2976;2.4823;7.07;
285.801;-56.9967;7.07;
287.3511;-13.4567;7.07;
288.3509;11.3449;7.07;
289.343;71.347;7.07;
290.5162;17.7534;7.07;
290.6416;-3.7182;7.07;
292.7418;-11.4847;7.07;
293.0496;-60.2697;7.07;
293.5587;25.3525;7.07;
295.7637;-8.3074;7.07;
296.6721;44.3485;7.07;
296.8272;21.7715;7.07;
297.0376;61.4112;7.07;
305.1755;22.2768;7.07;
306.295;21.4886;7.07;
309.5212;76.8332;7.07;
311.949;26.178;7.07;
315.833;27.3315;7.07;
317.6057;-54.5738;7.07;
319.5653;-17.4623;7.07;
319.9643;-27.2091;7.07;
321.1658;-34.9675;7.07;
321.2004;25.8805;7.07;
325.1241;-74.0743;7.07;
327.974;-54.6522;7.07;
328.7512;-15.2581;7.07;
329.8778;-29.0566;7.07;
330.3466;61.9739;7.07;
333.3556;-1.6539;7.07;
334.3008;66.1289;7.07;
334.3187;15.0467;7.07;
334.3633;-15.9798;7.07;
335.8919;45.35;7.07;
338.0909;2.5861;7.07;
338.947;19.7166;7.07;
339.9923;-35.1748;7.07;
342.9559;41.313;7.07;
343.1586;50.7049;7.07;
346.2507;4.2254;7.07;
349.0185;-51.8721;7.07;
353.7265;-35.085;7.07;
356.2502;-0.6603;7.07;
357.3263;22.8545;7.07;
357.694;-18.2924;7.07;
359.0362;-62.8724;7.07;
359.7996;53.5632;7.07;
1.333;68.8844;7.08;
4.5865;30.3959;7.08;
9.0277;38.252;7.08;
13.3429;69.9561;7.08;
15.6234;8.8216;7.08;
24.3173;-0.3503;7.08;
24.7818;-56.4294;7.08;
31.5599;-39.5389;7.08;
32.321;-19.5702;7.08;
33.6756;30.3948;7.08;
39.018;29.4038;7.08;
40.1973;2.8985;7.08;
40.4024;-56.2972;7.08;
48.8614;-39.7621;7.08;
60.358;28.5019;7.08;
60.8384;3.1878;7.08;
61.9553;62.3329;7.08;
62.3518;58.5601;7.08;
64.7803;-47.5677;7.08;
65.265;56.7122;7.08;
66.9194;-32.4086;7.08;
68.0329;21.6324;7.08;
68.6914;50.1245;7.08;
69.2086;-8.4605;7.08;
73.357;66.0062;7.08;
77.8917;35.9574;7.08;
80.7731;1.0569;7.08;
87.1284;7.5513;7.08;
88.8537;-4.8256;7.08;
90.701;-53.5828;7.08;
90.8404;31.3902;7.08;
91.0466;-13.6895;7.08;
91.8334;26.6822;7.08;
95.1515;25.189;7.08;
96.9959;-13.1606;7.08;
98.9757;-11.3743;7.08;
109.2395;-71.7497;7.08;
111.5274;31.8967;7.08;
114.035;-27.5038;7.08;
116.7408;-50.1845;7.08;
116.8856;9.6326;7.08;
116.8877;8.9723;7.08;
117.4676;-40.9145;7.08;
117.8304;54.7323;7.08;
119.3667;-46.3266;7.08;
124.7388;-39.0791;7.08;
125.3955;-8.6708;7.08;
126.6962;39.8922;7.08;
127.7165;78.2284;7.08;
131.5837;0.6468;7.08;
133.0403;29.8537;7.08;
134.5729;70.6547;7.08;
136.5935;68.4451;7.08;
139.4618;7.9461;7.08;
140.8534;-77.8905;7.08;
143.3236;-86.0101;7.08;
146.3197;8.8828;7.08;
150.4536;-42.4854;7.08;
150.8375;-10.7274;7.08;
153.2102;-32.5156;7.08;
160.2082;-48.0251;7.08;
160.5695;10.3555;7.08;
163.8679;-26.9789;7.08;
165.398;52.7024;7.08;
167.1098;-65.4285;7.08;
167.7086;-45.5843;7.08;
168.544;-16.8861;7.08;
168.6356;5.9928;7.08;
174.1196;-16.8501;7.08;
175.0776;62.3965;7.08;
175.3438;-35.6037;7.08;
175.5165;12.2849;7.08;
175.57;-57.5651;7.08;
178.0599;49.9317;7.08;
183.2171;-59.6553;7.08;
184.5384;-3.9541;7.08;
187.5737;-72.9852;7.08;
192.6612;-58.1663;7.08;
195.3964;21.2689;7.08;
195.9038;-56.6452;7.08;
199.9874;8.4871;7.08;
200.4992;24.8823;7.08;
207.1786;42.3376;7.08;
210.3937;4.2528;7.08;
212.2514;-19.2456;7.08;
214.7382;42.0049;7.08;
216.4828;0.9927;7.08;
217.5582;-15.2484;7.08;
234.1774;14.9248;7.08;
236.6974;-52.1462;7.08;
241.1764;-37.8161;7.08;
241.524;64.6873;7.08;
243.2143;19.1015;7.08;
243.3038;38.0724;7.08;
244.3058;-70.9913;7.08;
247.5657;-52.4408;7.08;
252.0576;-24.5266;7.08;
254.9493;10.9155;7.08;
256.1159;-23.3905;7.08;
256.3287;-47.069;7.08;
262.2423;50.8703;7.08;
265.5492;80.2824;7.08;
273.2832;-60.1431;7.08;
278.4401;17.7322;7.08;
278.9032;-18.5506;7.08;
281.8293;-37.5487;7.08;
283.1071;-3.7256;7.08;
283.7011;15.3427;7.08;
285.893;17.2808;7.08;
286.1911;-25.2311;7.08;
287.7768;5.2747;7.08;
288.0725;41.2377;7.08;
291.5051;45.0131;7.08;
294.296;-14.4313;7.08;
295.2203;-58.2696;7.08;
297.5825;36.0982;7.08;
297.9224;31.1413;7.08;
298.9998;15.047;7.08;
299.595;-2.2318;7.08;
303.3437;38.7654;7.08;
303.4272;-61.55;7.08;
307.1221;-24.1632;7.08;
307.2514;-20.9015;7.08;
307.2988;4.4566;7.08;
307.8045;11.2606;7.08;
308.2152;41.8985;7.08;
309.4506;60.756;7.08;
309.7343;-71.0944;7.08;
310.5245;6.5076;7.08;
312.767;52.3957;7.08;
317.3005;-23.6268;7.08;
318.5038;52.7119;7.08;
318.5786;41.1468;7.08;
318.7661;-2.5719;7.08;
320.9591;47.1646;7.08;
324.3397;35.3276;7.08;
328.2002;38.8355;7.08;
330.837;54.8801;7.08;
331.6662;51.8059;7.08;
332.6547;-37.7498;7.08;
334.078;62.316;7.08;
335.3483;7.1853;7.08;
335.9592;58.5345;7.08;
338.3214;-35.1387;7.08;
338.7512;60.8263;7.08;
345.1007;-41.1512;7.08;
356.8473;-71.3069;7.08;
357.1311;25.6538;7.08;
359.0315;33.4875;7.08;
0.5008;-37.9019;7.09;
0.9837;14.3789;7.09;
1.0496;-30.1349;7.09;
2.9048;58.2118;7.09;
11.922;-31.353;7.09;
15.0116;60.51;7.09;
29.0122;80.9084;7.09;
29.1565;53.3045;7.09;
30.0908;4.3895;7.09;
30.5834;46.8425;7.09;
33.4225;25.5962;7.09;
33.9857;79.1792;7.09;
36.0432;10.2725;7.09;
36.1728;29.2448;7.09;
37.8153;46.395;7.09;
40.4203;58.9774;7.09;
45.8694;23.0615;7.09;
46.9606;-61.855;7.09;
47.9181;-0.4941;7.09;
49.1141;-4.2873;7.09;
51.0676;-24.3007;7.09;
58.2073;-22.2763;7.09;
64.3324;46.2177;7.09;
64.4821;58.7908;7.09;
67.5749;19.8406;7.09;
78.4127;-3.622;7.09;
80.1175;-60.7798;7.09;
80.5823;59.2779;7.09;
84.28;41.8283;7.09;
84.9778;13.0227;7.09;
88.0061;-15.5062;7.09;
88.4236;-5.7047;7.09;
90.0321;-64.31;7.09;
91.7872;14.4492;7.09;
92.0487;37.9827;7.09;
94.0254;37.6366;7.09;
103.2471;2.7435;7.09;
103.5252;6.6877;7.09;
105.0115;-30.0783;7.09;
107.3975;25.7286;7.09;
109.6926;8.4868;7.09;
110.7755;-62.2716;7.09;
111.9559;-28.3712;7.09;
113.9702;-47.1557;7.09;
114.43;-7.7272;7.09;
114.6269;0.505;7.09;
117.3286;24.4887;7.09;
117.4174;12.1488;7.09;
118.8502;-47.3131;7.09;
119.274;20.9669;7.09;
120.1718;18.2456;7.09;
124.7238;-42.5267;7.09;
125.7382;-43.2279;7.09;
125.8825;-27.8224;7.09;
126.1649;-11.5245;7.09;
127.7113;-33.6448;7.09;
129.1701;49.3763;7.09;
129.9588;-34.0098;7.09;
131.542;-26.6128;7.09;
131.6379;-42.5663;7.09;
132.4217;64.2648;7.09;
133.298;37.0703;7.09;
134.3702;-50.7495;7.09;
135.9931;71.3055;7.09;
137.0064;-2.4762;7.09;
137.0262;47.4237;7.09;
139.3798;69.8735;7.09;
139.9796;-13.3059;7.09;
139.9892;-35.4981;7.09;
142.3613;-17.5053;7.09;
142.6723;-4.0654;7.09;
148.3413;-9.9037;7.09;
149.0905;-47.7539;7.09;
150.5018;-34.1736;7.09;
150.9118;-12.8772;7.09;
151.7169;-51.0777;7.09;
152.3456;-13.3623;7.09;
152.3811;9.5931;7.09;
152.9791;-44.7286;7.09;
153.6325;16.1383;7.09;
156.0253;34.1932;7.09;
156.8557;-18.2868;7.09;
157.9078;-14.8851;7.09;
158.0771;4.6454;7.09;
158.385;-46.9759;7.09;
161.2595;3.3067;7.09;
164.0482;-60.4536;7.09;
165.1578;-19.343;7.09;
167.1776;-57.0658;7.09;
168.2103;-13.9335;7.09;
174.6991;-47.8512;7.09;
179.5153;-31.6509;7.09;
181.3934;51.9312;7.09;
187.1628;49.6355;7.09;
187.9701;-58.2906;7.09;
190.8876;-13.8596;7.09;
191.0368;35.7687;7.09;
196.6125;-14.916;7.09;
198.1908;-1.7584;7.09;
200.488;-51.2823;7.09;
202.2615;-5.9555;7.09;
206.0366;-43.4413;7.09;
209.4852;-53.7043;7.09;
209.7719;25.816;7.09;
211.3242;56.5206;7.09;
222.3545;-65.6815;7.09;
222.4502;10.4929;7.09;
225.2529;40.0843;7.09;
231.2022;-71.3231;7.09;
231.6172;52.0526;7.09;
235.7152;6.8839;7.09;
236.273;-61.2979;7.09;
239.6197;4.7549;7.09;
244.8369;-54.5136;7.09;
245.4666;21.8122;7.09;
246.3718;71.3846;7.09;
247.3572;-13.5704;7.09;
247.8774;33.5137;7.09;
249.2851;0.2543;7.09;
252.3475;52.9169;7.09;
252.8645;28.1218;7.09;
254.0756;52.6984;7.09;
254.0787;74.2826;7.09;
255.6843;-54.5613;7.09;
259.5498;-39.6908;7.09;
260.1279;-26.5498;7.09;
262.5926;10.7683;7.09;
263.5494;-54.8958;7.09;
271.1246;42.8606;7.09;
271.3128;65.7235;7.09;
271.5067;-8.1086;7.09;
273.2604;-23.1173;7.09;
273.5602;70.8344;7.09;
273.7407;-15.3847;7.09;
275.7045;7.2067;7.09;
276.6218;26.461;7.09;
281.4576;34.5184;7.09;
281.576;-41.918;7.09;
281.924;13.4423;7.09;
284.1339;46.7663;7.09;
284.1853;-17.4441;7.09;
284.9887;43.2537;7.09;
285.3896;2.5885;7.09;
286.4454;-29.0811;7.09;
287.0573;1.2987;7.09;
287.7072;10.3458;7.09;
288.4848;-26.8763;7.09;
290.5161;-29.5231;7.09;
292.8158;-2.1102;7.09;
295.099;23.4801;7.09;
295.3145;30.7213;7.09;
297.1818;18.867;7.09;
297.2668;53.7675;7.09;
300.2765;-13.9411;7.09;
300.9264;-36.0597;7.09;
302.9961;59.6916;7.09;
303.3351;35.5999;7.09;
303.4811;39.159;7.09;
304.1439;21.4047;7.09;
306.6824;39.4959;7.09;
307.0492;22.129;7.09;
307.4369;2.9962;7.09;
307.5726;-69.0692;7.09;
308.9463;-0.0012;7.09;
309.2104;49.9096;7.09;
309.2951;-1.311;7.09;
309.3445;38.0985;7.09;
309.4538;-17.1225;7.09;
311.5554;15.9073;7.09;
312.1507;-43.0075;7.09;
313.0031;-11.4395;7.09;
315.2638;-29.7287;7.09;
316.7655;-23.1488;7.09;
317.9147;53.7462;7.09;
320.3424;2.9742;7.09;
320.4931;72.0592;7.09;
322.2624;61.4331;7.09;
325.5523;-32.5066;7.09;
326.0603;-62.1142;7.09;
328.7265;32.3387;7.09;
328.9099;-21.14;7.09;
329.1083;-51.4128;7.09;
330.8198;-31.4452;7.09;
332.0685;72.7685;7.09;
333.4079;49.4713;7.09;
333.4646;-4.4513;7.09;
335.6579;81.9391;7.09;
341.0889;-14.6761;7.09;
341.2083;-56.827;7.09;
342.0554;84.776;7.09;
342.7001;66.7379;7.09;
342.9234;4.786;7.09;
346.3272;-7.7547;7.09;
346.5404;41.7898;7.09;
352.8911;86.1781;7.09;
353.231;-3.0167;7.09;
353.308;-12.6092;7.09;
354.3011;55.8766;7.09;
354.9058;-72.7222;7.09;
356.073;-64.3397;7.09;
357.6281;-13.1106;7.09;
1.2928;-32.4687;7.1;
2.5139;-8.9742;7.1;
4.4516;-1.8627;7.1;
7.1102;-29.2848;7.1;
8.0908;58.3386;7.1;
10.9974;49.0704;7.1;
14.3342;52.2399;7.1;
17.8221;-13.5033;7.1;
20.169;51.5948;7.1;
28.9693;-68.3919;7.1;
29.2171;52.4894;7.1;
31.2561;64.3856;7.1;
32.9798;-70.951;7.1;
36.467;25.1596;7.1;
36.8686;-75.7404;7.1;
39.2406;24.6481;7.1;
41.9108;29.6785;7.1;
45.8833;-10.9751;7.1;
51.8955;-39.8806;7.1;
55.9806;-19.1109;7.1;
71.7385;-21.2114;7.1;
72.171;7.84;7.1;
72.5997;17.2027;7.1;
73.2334;75.7101;7.1;
77.7455;-34.9038;7.1;
79.4319;-54.4724;7.1;
84.6655;-8.471;7.1;
85.4478;63.2959;7.1;
85.97;-21.2797;7.1;
88.7358;-59.6085;7.1;
89.7328;29.9838;7.1;
90.263;-37.0716;7.1;
90.3925;-16.3988;7.1;
90.5265;65.0598;7.1;
90.8586;3.8625;7.1;
96.0441;60.0845;7.1;
99.2739;-2.179;7.1;
99.6901;-16.2609;7.1;
106.1724;-40.484;7.1;
110.0193;-4.9914;7.1;
110.963;-39.5378;7.1;
111.0053;-3.9789;7.1;
112.9553;1.1652;7.1;
116.4283;-5.6785;7.1;
118.2093;-50.5217;7.1;
120.1351;18.8431;7.1;
121.9522;38.5806;7.1;
124.5957;9.1514;7.1;
126.0006;68.9246;7.1;
132.0952;-65.4305;7.1;
133.7402;-15.7793;7.1;
134.444;38.2589;7.1;
135.4949;2.6712;7.1;
137.9615;-28.3148;7.1;
138.1724;-3.0331;7.1;
140.4523;88.5703;7.1;
143.2287;-14.0007;7.1;
152.5927;62.9156;7.1;
152.6244;-67.8413;7.1;
153.0997;-15.068;7.1;
155.7721;35.2176;7.1;
156.7902;-42.053;7.1;
156.9226;-44.3423;7.1;
162.3617;17.1465;7.1;
167.2607;30.0404;7.1;
169.6945;66.6842;7.1;
172.2899;67.4583;7.1;
172.8823;17.7498;7.1;
176.9584;49.823;7.1;
177.0162;-35.2253;7.1;
181.5056;68.6987;7.1;
181.7951;12.9855;7.1;
188.0775;-79.7838;7.1;
192.2184;12.0964;7.1;
194.369;-9.7613;7.1;
200.6145;-25.8409;7.1;
202.2726;-63.874;7.1;
203.5744;-11.5374;7.1;
206.237;-7.6344;7.1;
208.3256;-66.5124;7.1;
209.4866;5.1177;7.1;
214.7185;48.5924;7.1;
217.2911;-29.1135;7.1;
222.3557;-8.5043;7.1;
229.089;37.0695;7.1;
234.7064;10.6158;7.1;
236.7508;-62.7966;7.1;
241.0155;25.2548;7.1;
244.5588;-34.9147;7.1;
249.1083;30.9417;7.1;
252.9436;25.4002;7.1;
254.2278;-40.5123;7.1;
256.4197;56.1353;7.1;
258.3845;-47.3194;7.1;
258.544;12.0396;7.1;
259.295;25.8738;7.1;
267.0628;-35.8953;7.1;
270.6286;44.2339;7.1;
271.6908;-28.3638;7.1;
274.775;12.1933;7.1;
275.5666;-14.3887;7.1;
276.1536;-32.2911;7.1;
278.7828;-16.9855;7.1;
280.3047;-42.1666;7.1;
280.606;-20.3119;7.1;
281.2681;-11.455;7.1;
282.4824;26.4252;7.1;
282.4885;-52.122;7.1;
284.0966;-11.3233;7.1;
285.6791;68.3252;7.1;
287.6415;42.0222;7.1;
289.2874;41.2648;7.1;
290.414;-29.6055;7.1;
298.1847;-31.9768;7.1;
302.6169;25.049;7.1;
302.8286;-0.1265;7.1;
303.3875;36.3284;7.1;
306.1854;-8.7694;7.1;
307.6457;44.3152;7.1;
318.0162;76.3102;7.1;
320.5676;-71.5713;7.1;
320.9916;51.6572;7.1;
324.6516;53.5803;7.1;
325.978;-54.4999;7.1;
331.8099;70.6942;7.1;
331.9143;10.7536;7.1;
333.5854;-19.2489;7.1;
333.6443;29.5724;7.1;
337.0307;12.2487;7.1;
338.1144;19.6236;7.1;
340.268;-23.5213;7.1;
345.3383;14.8708;7.1;
346.2641;24.5218;7.1;
346.3709;24.653;7.1;
346.3798;14.4517;7.1;
348.7413;28.0708;7.1;
351.6144;8.6438;7.1;
352.6962;33.8357;7.1;
352.7619;-69.0767;7.1;
2.268;19.9247;7.11;
2.6115;28.6529;7.11;
5.5593;-5.1919;7.11;
5.8542;-18.8916;7.11;
6.5558;-39.6494;7.11;
9.5608;84.675;7.11;
9.6505;-23.5992;7.11;
12.1944;78.4673;7.11;
13.3308;49.6556;7.11;
17.0942;54.2314;7.11;
21.5209;-22.7984;7.11;
22.3138;60.0357;7.11;
23.7542;-29.9103;7.11;
24.6495;-65.6065;7.11;
24.7023;-53.4389;7.11;
27.1497;-26.2537;7.11;
28.6024;11.4027;7.11;
29.5048;28.5199;7.11;
33.6355;6.651;7.11;
38.0271;50.1808;7.11;
39.7491;14.8604;7.11;
39.8937;-66.9573;7.11;
43.1652;6.4748;7.11;
45.7329;-60.7977;7.11;
46.9159;1.406;7.11;
47.177;-35.4329;7.11;
54.778;24.7029;7.11;
57.7521;69.1028;7.11;
58.7442;-14.9059;7.11;
63.6431;10.7014;7.11;
63.7933;29.9021;7.11;
65.4395;50.0352;7.11;
66.115;41.73;7.11;
69.5635;31.9988;7.11;
72.2741;61.5074;7.11;
74.8353;-36.8715;7.11;
77.8256;29.7299;7.11;
78.3663;-55.5689;7.11;
79.9432;-25.9275;7.11;
80.3685;-1.5462;7.11;
82.5256;29.5486;7.11;
84.395;-1.4221;7.11;
86.0733;-10.0167;7.11;
88.0721;71.2894;7.11;
98.3509;78.1685;7.11;
102.3816;-45.5669;7.11;
105.163;16.9592;7.11;
107.399;-15.2432;7.11;
109.3433;-29.1311;7.11;
109.7527;35.1579;7.11;
111.4389;4.4459;7.11;
112.6649;27.9087;7.11;
113.5384;46.1508;7.11;
114.2698;-27.4217;7.11;
114.3482;-36.418;7.11;
115.0183;-30.1691;7.11;
115.5787;-16.0692;7.11;
118.1755;3.3838;7.11;
118.6143;-41.6582;7.11;
120.0522;-55.2158;7.11;
122.2369;-71.7218;7.11;
123.9972;-19.4082;7.11;
125.1229;-6.6272;7.11;
126.147;-40.747;7.11;
129.8703;-18.2675;7.11;
134.4184;-24.8411;7.11;
134.4632;-18.889;7.11;
135.1584;-21.2159;7.11;
139.2333;-40.1166;7.11;
140.3558;40.2839;7.11;
142.4054;-50.6037;7.11;
145.4054;-68.505;7.11;
147.195;64.8943;7.11;
147.6712;-7.3822;7.11;
149.8044;-58.1282;7.11;
152.3796;68.664;7.11;
156.0588;-69.9177;7.11;
159.8454;-55.9898;7.11;
160.0883;27.5253;7.11;
161.4995;56.9208;7.11;
166.0694;-36.7215;7.11;
167.1646;-39.4722;7.11;
168.0791;-29.7825;7.11;
172.0148;-0.8979;7.11;
172.5684;37.9538;7.11;
172.6783;56.7464;7.11;
174.5233;31.8808;7.11;
175.7821;-72.4455;7.11;
180.3536;-34.0503;7.11;
185.2255;-47.4546;7.11;
186.2061;-58.1197;7.11;
191.3581;-71.7113;7.11;
195.9412;-34.2503;7.11;
197.6968;13.3068;7.11;
198.8602;-87.5607;7.11;
200.1886;-23.7635;7.11;
203.8819;-22.0246;7.11;
203.9956;-73.3274;7.11;
207.5614;-20.8693;7.11;
209.7944;64.3852;7.11;
210.2652;21.9763;7.11;
211.0296;-37.264;7.11;
213.5459;-51.1621;7.11;
216.3049;-28.131;7.11;
216.316;53.585;7.11;
219.6207;-3.6111;7.11;
220.7889;-58.2665;7.11;
223.3421;-45.8557;7.11;
224.0701;3.4161;7.11;
228.7357;38.3011;7.11;
228.8972;10.1265;7.11;
229.6747;10.4277;7.11;
230.1726;-25.9904;7.11;
231.435;-1.2544;7.11;
232.1374;0.6071;7.11;
233.5947;-57.0731;7.11;
235.7982;-25.4156;7.11;
237.4906;-3.9212;7.11;
237.5494;5.9548;7.11;
238.7343;-53.4839;7.11;
239.7746;29.4316;7.11;
241.6878;-64.5616;7.11;
242.4283;-56.4451;7.11;
249.1195;-40.303;7.11;
251.3983;-33.8505;7.11;
252.2143;-4.5157;7.11;
255.6603;20.7256;7.11;
258.6422;63.3531;7.11;
259.1297;18.0197;7.11;
260.0121;69.7536;7.11;
261.9677;11.3905;7.11;
262.7593;-2.8268;7.11;
263.6391;-18.2208;7.11;
267.072;-47.2551;7.11;
267.5051;24.4681;7.11;
270.3527;30.6453;7.11;
271.751;-48.2473;7.11;
271.8754;26.4149;7.11;
272.2231;-42.657;7.11;
272.9198;-35.0254;7.11;
275.5579;-15.0883;7.11;
276.8467;-36.016;7.11;
277.5183;-43.834;7.11;
281.432;11.497;7.11;
282.5623;11.5227;7.11;
284.2301;56.7494;7.11;
286.8605;6.1626;7.11;
290.8009;20.2779;7.11;
290.959;-34.967;7.11;
293.2202;-46.7772;7.11;
301.2418;-21.3141;7.11;
302.9474;40.33;7.11;
303.6662;58.9392;7.11;
303.8217;45.741;7.11;
304.1499;45.3391;7.11;
304.7168;21.2101;7.11;
306.3598;41.9104;7.11;
306.8548;-1.5587;7.11;
312.0895;7.5942;7.11;
312.3111;14.6058;7.11;
314.6136;41.3577;7.11;
318.5204;58.2972;7.11;
319.7426;32.1808;7.11;
321.8468;-13.5876;7.11;
326.0952;84.0385;7.11;
330.2779;39.2459;7.11;
332.191;-25.7703;7.11;
334.8057;33.5067;7.11;
336.5546;69.0436;7.11;
339.9437;-28.3481;7.11;
341.9892;-58.6848;7.11;
344.7894;80.344;7.11;
347.3439;2.1444;7.11;
347.4953;47.9594;7.11;
347.6768;26.523;7.11;
349.1227;-23.2255;7.11;
350.3465;36.5011;7.11;
352.2592;16.0125;7.11;
354.5013;48.9965;7.11;
354.9602;34.9554;7.11;
355.2848;-32.0713;7.11;
355.4884;-42.2688;7.11;
356.9249;-0.7622;7.11;
2.0071;31.3912;7.12;
6.5265;55.4909;7.12;
12.3078;57.075;7.12;
14.6825;-19.6327;7.12;
15.1365;58.3641;7.12;
16.5165;57.7565;7.12;
21.3022;28.5667;7.12;Bélénos
33.1776;13.9185;7.12;
38.852;-9.3508;7.12;
39.7728;-27.8218;7.12;
42.8349;2.1728;7.12;
43.5731;20.5658;7.12;
46.5713;11.6653;7.12;
48.3157;-41.3798;7.12;
49.9667;13.3771;7.12;
51.2041;28.6525;7.12;
51.5186;49.7456;7.12;
52.8209;-55.2492;7.12;
54.9296;-52.9158;7.12;Tupi
56.7649;8.9549;7.12;
57.1818;34.3103;7.12;
60.0011;-19.2467;7.12;
63.1288;-36.1526;7.12;
64.2551;19.6757;7.12;
65.2107;-19.3356;7.12;
70.7154;18.7204;7.12;
70.8217;-23.6283;7.12;
73.4602;68.2189;7.12;
73.7284;16.3865;7.12;
75.5234;69.1603;7.12;
76.5923;-14.6966;7.12;
78.3273;-59.5857;7.12;
81.6633;-13.8595;7.12;
83.1149;26.9816;7.12;
83.9142;-81.6119;7.12;
84.9646;24.2255;7.12;
85.076;24.5376;7.12;
85.6977;38.198;7.12;
86.1306;15.0635;7.12;
86.8618;-36.4873;7.12;
88.3584;57.9635;7.12;
91.7717;-81.0632;7.12;
91.8247;20.8202;7.12;
93.6297;11.7969;7.12;
96.6158;-19.325;7.12;
97.4831;7.112;7.12;
99.7194;33.018;7.12;
102.8003;-10.0852;7.12;
104.653;-7.1858;7.12;
105.8092;57.93;7.12;
109.28;-28.6004;7.12;
112.5088;-25.1462;7.12;
112.7357;8.552;7.12;
116.7922;-39.1033;7.12;
117.2146;-43.3113;7.12;
126.5024;-32.17;7.12;
126.7501;7.2211;7.12;
127.2158;53.8622;7.12;
127.8496;-19.5057;7.12;
129.2554;-44.1147;7.12;
132.8718;70.2994;7.12;
137.0709;-41.4261;7.12;
141.3148;-46.9429;7.12;
142.1615;-25.4336;7.12;
144.8669;35.2431;7.12;
144.8725;72.7468;7.12;
146.1993;-27.6305;7.12;
147.4403;52.891;7.12;
147.5509;-0.2285;7.12;
147.5904;35.8735;7.12;
152.7383;-16.9308;7.12;
155.4975;-18.0345;7.12;
155.5063;-20.5758;7.12;
155.7468;19.1309;7.12;
156.0577;-24.6065;7.12;
157.177;13.2889;7.12;
157.4256;-22.0445;7.12;
158.3112;-5.3625;7.12;
158.5872;49.1073;7.12;
159.9269;-22.5306;7.12;
160.6321;18.2199;7.12;
161.3475;41.3077;7.12;
164.7575;69.989;7.12;
164.9561;58.9065;7.12;
168.5535;-8.3278;7.12;
169.7776;13.3908;7.12;
170.4072;-43.5577;7.12;
174.3244;6.27;7.12;
176.1218;48.5164;7.12;
179.2779;40.289;7.12;
181.0784;4.9318;7.12;
183.571;-66.5487;7.12;
185.0961;66.3912;7.12;
185.7503;-64.7303;7.12;
186.2372;42.8547;7.12;
187.7637;23.7731;7.12;
188.9142;-17.1504;7.12;
193.4156;-71.2735;7.12;
194.1875;-27.382;7.12;
197.7722;-17.0899;7.12;
200.4877;-38.8545;7.12;
203.8805;-85.8243;7.12;
206.0439;27.5855;7.12;
207.1656;-46.9737;7.12;
207.8612;-73.1437;7.12;
210.5994;10.327;7.12;
210.7369;14.9753;7.12;
217.1387;28.2905;7.12;
218.3236;85.9384;7.12;
222.4293;23.0323;7.12;
222.6508;-12.0182;7.12;
222.6832;-55.0093;7.12;
227.3942;-5.395;7.12;
233.6973;44.0676;7.12;
234.2954;-41.0188;7.12;
234.3482;12.3016;7.12;
238.7368;34.3625;7.12;
239.6111;-13.4428;7.12;
240.2743;-21.1556;7.12;
240.7452;-8.0482;7.12;
240.9353;-60.4985;7.12;
249.1334;-67.0049;7.12;
251.4917;4.0418;7.12;
255.0187;78.0991;7.12;
255.2948;-13.5671;7.12;
256.9342;-31.0777;7.12;
258.531;-65.9625;7.12;
258.7829;17.8015;7.12;
264.7665;-60.9404;7.12;
272.0083;-52.2377;7.12;
273.4091;10.8261;7.12;
273.4288;-75.5507;7.12;
279.744;32.2293;7.12;
281.1256;60.349;7.12;
282.0837;-11.3921;7.12;
282.296;14.6581;7.12;
284.2982;14.833;7.12;
285.1593;-48.2844;7.12;
285.5072;-40.6628;7.12;
286.0888;27.3207;7.12;
287.7724;5.1798;7.12;
288.4691;36.4243;7.12;
288.8068;10.2124;7.12;
292.3909;-15.3587;7.12;
294.0959;15.8923;7.12;
296.4128;-70.6267;7.12;
296.8545;-43.3451;7.12;
299.7796;50.6631;7.12;
299.9741;52.1498;7.12;
300.0645;42.2179;7.12;
301.651;-4.4174;7.12;
301.6615;7.5761;7.12;
301.8245;11.0538;7.12;
302.3266;-28.4402;7.12;
302.46;39.1369;7.12;
303.5774;30.1773;7.12;
303.6268;37.3538;7.12;
304.1657;35.4685;7.12;
307.6407;-64.1902;7.12;
308.0333;18.6276;7.12;
311.6085;16.9035;7.12;
312.4127;13.9629;7.12;
312.576;56.7984;7.12;
312.9117;-29.442;7.12;
314.9929;18.6189;7.12;
315.461;-36.5742;7.12;
316.6834;-80.6981;7.12;
316.7079;81.0204;7.12;
316.7933;-13.9229;7.12;
320.7025;40.9326;7.12;
321.6714;13.6883;7.12;
321.9736;35.4092;7.12;
324.7921;71.3089;7.12;
327.4746;-27.4039;7.12;
330.4022;-53.0936;7.12;
331.5441;10.0935;7.12;
331.5549;-14.896;7.12;
333.1491;-8.014;7.12;
336.5289;28.518;7.12;
342.6598;4.0682;7.12;
352.6419;77.8941;7.12;
353.8042;-64.6891;7.12;
356.405;13.1527;7.12;
359.8805;-2.8438;7.12;
1.1594;-51.5833;7.13;
1.3798;-9.6175;7.13;
2.2235;-22.1795;7.13;
3.6846;-46.0334;7.13;
3.9888;4.2511;7.13;
7.1155;33.7989;7.13;
13.0534;-22.6173;7.13;
14.9987;48.02;7.13;
19.6383;43.2811;7.13;
23.3386;55.8177;7.13;
27.0858;-41.4951;7.13;
27.7212;35.845;7.13;
32.288;-2.332;7.13;
33.9273;67.6723;7.13;
35.8222;38.2527;7.13;
37.3293;-21.038;7.13;
37.3483;-12.9108;7.13;
41.0541;-36.3074;7.13;
41.3266;-20.4016;7.13;
45.1516;22.829;7.13;
46.2652;52.6283;7.13;
48.5222;59.5635;7.13;
48.6506;-2.3328;7.13;
51.6688;72.206;7.13;
52.3073;45.0493;7.13;
57.0478;-74.6941;7.13;
57.1682;78.1193;7.13;
61.0296;39.5097;7.13;
61.3169;-0.5691;7.13;
61.8931;38.0745;7.13;
64.1214;-38.8842;7.13;
64.1929;-69.7268;7.13;
65.2396;50.2548;7.13;
65.8242;-32.152;7.13;
66.0607;21.7362;7.13;
67.5759;-38.2746;7.13;
69.6201;-19.6409;7.13;
73.0084;-46.8524;7.13;
73.6819;12.3522;7.13;
76.0126;47.6648;7.13;
76.6705;22.5108;7.13;
77.6422;-11.6486;7.13;
78.5325;67.4818;7.13;
79.3017;39.4637;7.13;
80.48;-54.2726;7.13;
87.5689;-55.0533;7.13;
87.6656;27.505;7.13;
92.8837;43.7991;7.13;
94.4145;-53.9787;7.13;
96.3;51.6331;7.13;
99.4616;0.5271;7.13;
99.7649;-18.1858;7.13;
101.4906;-7.339;7.13;
103.2279;-12.1545;7.13;
104.2151;-3.6924;7.13;
104.5347;-30.7465;7.13;
107.8241;-12.0414;7.13;
108.1003;-31.9819;7.13;
110.5344;-32.5873;7.13;
114.7124;7.9666;7.13;
115.6791;22.224;7.13;
116.7703;69.1545;7.13;
119.3859;32.6567;7.13;
121.7508;-51.9394;7.13;
124.1306;-52.76;7.13;
124.9353;-49.5368;7.13;
125.6623;40.4438;7.13;
128.2906;-43.6839;7.13;
128.9436;-28.4786;7.13;
129.4711;-12.7059;7.13;
131.5843;20.6165;7.13;
131.8136;7.6093;7.13;
131.9497;-42.2729;7.13;
132.343;-10.8843;7.13;
134.8084;-16.5026;7.13;
135.0186;82.7194;7.13;
141.1748;17.7106;7.13;
142.1424;-45.4978;7.13;
142.3217;-13.7368;7.13;
142.9735;-56.9889;7.13;
150.8522;42.0093;7.13;
151.0349;11.6285;7.13;
151.8087;60.9199;7.13;
152.3148;-18.139;7.13;
152.6289;-45.3078;7.13;
155.2133;30.6639;7.13;
156.4004;-19.5997;7.13;
158.8649;-37.3614;7.13;
159.1495;-33.2726;7.13;
159.6798;5.734;7.13;
161.8298;6.3462;7.13;
163.2359;-17.2771;7.13;
168.8373;27.571;7.13;
174.1182;-61.6651;7.13;
179.2316;-12.1079;7.13;
182.9179;-10.5706;7.13;
185.2964;34.6867;7.13;
188.3808;-68.7558;7.13;
191.4276;-50.1799;7.13;
194.6283;61.717;7.13;
196.7599;-58.8055;7.13;
203.1512;14.3942;7.13;
203.2974;-19.9902;7.13;
211.6719;53.3123;7.13;
212.2967;7.385;7.13;
219.2867;35.9297;7.13;
219.8512;53.4401;7.13;
219.9969;-27.1343;7.13;
220.2135;-24.0577;7.13;
221.988;-68.5197;7.13;
222.2446;-58.1193;7.13;
227.276;69.6531;7.13;
229.0297;13.4702;7.13;
232.4352;16.192;7.13;
239.3028;-21.4857;7.13;
240.915;11.4336;7.13;
244.9679;83.6973;7.13;
248.479;68.013;7.13;
257.8236;51.7544;7.13;
259.7396;70.7878;7.13;
260.151;15.1594;7.13;
262.0981;-54.0212;7.13;
265.7554;29.6529;7.13;
272.7646;26.6708;7.13;
278.5213;-32.9611;7.13;
279.7895;-70.8032;7.13;
279.8056;-1.9522;7.13;
280.9635;8.6251;7.13;
282.241;21.167;7.13;
286.9477;-68.8838;7.13;
288.2336;29.2316;7.13;
292.419;-30.7978;7.13;
294.8882;-58.2318;7.13;
302.1497;85.1242;7.13;
303.5274;-62.4895;7.13;
303.6948;21.9754;7.13;
305.6876;19.85;7.13;
309.9677;13.4197;7.13;
311.8337;-26.4152;7.13;
313.4161;-36.196;7.13;
314.7993;44.7905;7.13;
315.6083;-12.4471;7.13;
317.8657;78.9754;7.13;
325.9428;11.1014;7.13;
326.0974;29.2656;7.13;
326.7173;19.9236;7.13;
327.3968;33.312;7.13;
328.4125;20.3986;7.13;
329.2593;-37.6588;7.13;
332.0377;17.5586;7.13;
334.0039;45.0891;7.13;
334.354;26.3869;7.13;
339.1175;6.5122;7.13;
340.511;22.1001;7.13;
343.1413;35.3376;7.13;
349.1651;-28.6841;7.13;
350.8271;-41.6012;7.13;
351.7452;-58.4238;7.13;
355.0684;18.2143;7.13;
359.4972;-38.9539;7.13;
359.5794;19.6935;7.13;
4.6651;22.8797;7.14;
5.2239;-39.2399;7.14;
5.3113;-35.799;7.14;
7.2115;-24.6367;7.14;
12.842;-38.5288;7.14;
12.9041;22.6234;7.14;
14.3102;54.9524;7.14;
16.0187;38.6885;7.14;
16.8442;38.0289;7.14;
17.3426;-56.5952;7.14;
22.3035;36.6278;7.14;
22.9035;-12.2582;7.14;
24.0981;67.615;7.14;
25.1318;81.4298;7.14;
27.8609;54.9247;7.14;
29.7776;33.2097;7.14;
31.0882;25.9201;7.14;
32.071;24.8192;7.14;
32.8234;-74.5014;7.14;
34.0118;-52.8887;7.14;
34.6862;64.4249;7.14;
36.6887;-45.9999;7.14;
38.5312;-5.6354;7.14;
41.1535;29.4602;7.14;
41.2546;-22.1665;7.14;
42.7832;60.4177;7.14;
45.8831;38.41;7.14;
46.6646;-29.9875;7.14;
46.896;75.8037;7.14;
49.0637;-11.9859;7.14;
51.0326;-20.9314;7.14;
52.2042;35.8075;7.14;
55.2053;-27.9698;7.14;
55.8433;-2.0696;7.14;
60.3585;47.4504;7.14;
66.8857;-40.4724;7.14;
70.6682;-5.7573;7.14;
73.4019;25.3663;7.14;
74.4765;-6.1022;7.14;
79.3127;-39.2881;7.14;
79.3843;5.4823;7.14;
81.42;-9.5526;7.14;
82.2019;2.1647;7.14;
82.4716;53.4328;7.14;
83.7354;-0.1229;7.14;
84.3128;83.8614;7.14;
85.0246;-23.7238;7.14;
85.3861;-48.2506;7.14;
85.8619;52.4888;7.14;
86.7985;12.3395;7.14;
90.8295;-2.4787;7.14;
92.7219;59.1693;7.14;
96.5044;15.1499;7.14;
96.6608;-33.4155;7.14;
97.715;-35.0004;7.14;
97.8395;2.9113;7.14;
98.8912;-36.2594;7.14;
99.2645;5.5194;7.14;
99.6193;4.6072;7.14;
100.4779;2.5818;7.14;
100.7594;-13.6981;7.14;
102.399;-7.4124;7.14;
102.4085;-24.1435;7.14;
103.1531;-70.5101;7.14;
103.1916;-16.2122;7.14;
104.601;-16.0546;7.14;
105.7273;-24.5831;7.14;
106.341;-8.1332;7.14;
107.1251;10.9253;7.14;
111.0716;36.3109;7.14;
111.665;31.62;7.14;
115.8839;-4.6807;7.14;
116.4264;39.5469;7.14;
117.2054;-38.2041;7.14;
120.4816;4.5414;7.14;
120.5022;-9.3568;7.14;
121.9327;-41.8123;7.14;
123.5158;-36.9522;7.14;
124.7429;-47.2109;7.14;
125.5281;-28.624;7.14;
127.4614;-10.4666;7.14;
127.7804;59.9126;7.14;
129.292;69.6989;7.14;
132.415;-63.182;7.14;
138.1063;-25.6009;7.14;
138.234;-31.0661;7.14;
139.1933;-84.6603;7.14;
143.0128;-61.2349;7.14;
143.1956;-57.0943;7.14;
143.6364;-3.488;7.14;
145.6828;51.2685;7.14;
146.4181;-70.1182;7.14;
149.6904;10.4586;7.14;
150.8884;9.899;7.14;
151.0056;-18.1011;7.14;
151.9139;15.1575;7.14;
152.6436;-18.6033;7.14;
166.0758;38.8682;7.14;
169.4737;-59.2364;7.14;
170.1103;17.3113;7.14;
170.8222;-58.7875;7.14;
172.7899;-44.9678;7.14;
172.9652;24.3114;7.14;
174.4518;-63.3232;7.14;
179.8915;-1.9186;7.14;
181.1791;3.5731;7.14;
182.1786;-18.4354;7.14;
185.0664;-64.6478;7.14;
186.1767;-60.9041;7.14;
186.8188;-55.735;7.14;
187.3673;4.8382;7.14;
193.5556;82.5177;7.14;
200.3484;-22.7941;7.14;
201.096;-38.0334;7.14;
204.294;-23.616;7.14;
204.8557;26.6848;7.14;
205.506;-43.147;7.14;
205.7536;-30.1827;7.14;
205.9676;60.1455;7.14;
206.1601;-47.2172;7.14;
207.7745;-13.6792;7.14;
208.2464;-70.0472;7.14;
209.6165;-48.4649;7.14;
212.5975;-30.0877;7.14;
214.2893;-46.9107;7.14;
216.6141;-33.2502;7.14;
220.5974;-23.4257;7.14;
221.5563;-7.797;7.14;
222.5567;52.4144;7.14;
223.7082;15.3253;7.14;
224.4439;-12.4376;7.14;
224.702;24.1697;7.14;
226.5131;-22.404;7.14;
227.8927;20.0434;7.14;
241.0818;6.0113;7.14;
243.3652;39.8244;7.14;
249.8183;-29.9242;7.14;
251.2718;28.3579;7.14;
252.7628;9.8789;7.14;
253.0375;-57.5803;7.14;
257.9778;57.9676;7.14;
258.5671;-62.7344;7.14;
259.1154;-25.3054;7.14;
261.6915;31.2193;7.14;
261.7649;-47.1365;7.14;
262.7147;1.1196;7.14;
262.832;-39.018;7.14;
263.5944;-40.5312;7.14;
266.671;5.7743;7.14;
268.271;-13.6502;7.14;
270.5964;-23.0334;7.14;
272.9635;-56.4009;7.14;
279.7289;6.2708;7.14;
280.5424;-17.0111;7.14;
281.4044;-17.5448;7.14;
281.691;67.7715;7.14;
285.074;-55.0156;7.14;
286.8299;41.0541;7.14;
289.0473;-25.6668;7.14;
289.5486;60.96;7.14;
291.7453;21.1064;7.14;
292.1091;24.9954;7.14;
293.168;-28.0198;7.14;
293.841;34.688;7.14;
294.4835;18.5925;7.14;
294.9639;24.537;7.14;
298.0391;7.46;7.14;
301.7577;13.3243;7.14;
303.7351;72.6055;7.14;
304.3022;40.5914;7.14;
306.2005;26.1271;7.14;
309.3908;6.5009;7.14;
309.8804;26.6976;7.14;
310.8558;25.6023;7.14;
312.0979;21.2333;7.14;
312.1082;-18.2017;7.14;
312.7256;-21.3123;7.14;
313.8463;40.3;7.14;
315.3589;40.618;7.14;
315.9702;55.2303;7.14;
317.653;66.1582;7.14;
318.452;-43.1299;7.14;
321.1498;-6.7153;7.14;
322.6997;-62.1676;7.14;
324.1718;-50.8454;7.14;
324.9816;49.1328;7.14;
327.0454;24.4642;7.14;
327.5454;43.8882;7.14;
328.0721;72.4899;7.14;
330.8212;-29.9046;7.14;
332.4403;43.1865;7.14;
336.4428;53.8166;7.14;
339.0279;-70.9638;7.14;
340.757;-21.6575;7.14;
341.978;51.9794;7.14;
346.5718;-9.6061;7.14;
348.5266;-2.635;7.14;
352.5078;21.5496;7.14;
353.3503;42.8466;7.14;
353.3573;-31.2895;7.14;
353.8655;-10.5551;7.14;
354.7063;23.3083;7.14;
355.8627;58.0803;7.14;
2.8425;74.4845;7.15;
3.4712;-56.9997;7.15;
4.1416;-13.4039;7.15;
11.6014;30.9426;7.15;
12.3615;-23.2125;7.15;
12.8011;38.0422;7.15;
13.2547;-30.3569;7.15;
17.7571;-18.8049;7.15;
18.4671;-4.8474;7.15;
18.9737;-23.9731;7.15;
23.9711;-17.5325;7.15;
24.2035;-32.2972;7.15;
24.3485;-82.2818;7.15;
24.8096;27.7564;7.15;
26.0633;9.4841;7.15;
38.2903;42.8962;7.15;
39.7276;-25.7454;7.15;
42.5894;-4.9864;7.15;
42.7759;-40.9632;7.15;
43.9083;48.3401;7.15;
48.4635;43.863;7.15;
49.2295;-31.3522;7.15;
50.0934;55.5371;7.15;
52.1145;-13.2093;7.15;
60.8293;3.0777;7.15;
61.8007;56.7377;7.15;
62.194;-8.6703;7.15;
64.4331;62.3466;7.15;
68.6824;-34.8187;7.15;
69.1946;-83.4966;7.15;
69.4284;-2.6465;7.15;
76.1188;7.8303;7.15;
78.7944;-28.3353;7.15;
81.5195;-12.9048;7.15;
83.3617;-49.3779;7.15;
84.4031;-4.9341;7.15;
84.6073;-54.9542;7.15;
88.6197;8.0543;7.15;
93.8618;-1.3998;7.15;
94.3473;57.4147;7.15;
94.9319;38.4352;7.15;
95.4388;45.6111;7.15;
95.9747;40.8087;7.15;
96.3925;22.4578;7.15;
97.1918;36.48;7.15;
97.9028;32.1662;7.15;
99.6064;-66.0856;7.15;
99.6651;-37.996;7.15;
101.12;76.5859;7.15;
102.5041;46.1847;7.15;
105.8093;14.3361;7.15;
105.8899;71.7581;7.15;
106.0163;75.2275;7.15;
109.0288;-30.4354;7.15;
109.8422;-8.7831;7.15;
110.0785;-8.5498;7.15;
110.6805;-26.0113;7.15;
111.7731;-68.6154;7.15;
112.103;21.5494;7.15;
112.335;-17.3449;7.15;
112.8514;66.1348;7.15;
114.6655;-26.3167;7.15;
118.0164;59.5006;7.15;
118.5465;36.7416;7.15;
123.9254;66.1756;7.15;
124.4597;35.7284;7.15;
124.728;26.3354;7.15;
125.1997;35.7788;7.15;
127.0855;33.6853;7.15;
127.1382;6.9649;7.15;
127.6843;68.5149;7.15;
131.6789;-63.1916;7.15;
132.1789;-39.2339;7.15;
132.4294;-5.6945;7.15;
132.4818;-36.6161;7.15;
133.4908;8.4216;7.15;
133.7569;-34.1432;7.15;
135.8171;-33.6007;7.15;
136.932;-12.0207;7.15;
137.2074;-10.7575;7.15;
143.1715;-54.8308;7.15;
151.7103;-24.7156;7.15;
163.1771;40.1712;7.15;
167.7297;81.7317;7.15;
168.8719;-41.0572;7.15;
169.8846;-47.3963;7.15;
171.8917;0.9562;7.15;
173.887;-12.4112;7.15;
174.3338;-12.3472;7.15;
174.788;-58.5977;7.15;
180.8979;-5.4796;7.15;
186.4984;-14.9478;7.15;
190.8765;-41.3218;7.15;
200.512;-43.0504;7.15;
204.5972;-29.8388;7.15;
205.3634;-26.5313;7.15;
210.3318;13.7327;7.15;
210.778;-82.9205;7.15;
211.604;7.0048;7.15;
212.4988;40.7782;7.15;
213.1394;-9.9001;7.15;
223.1301;55.7452;7.15;
223.7283;-41.3648;7.15;
225.0993;55.6182;7.15;
226.0268;5.4928;7.15;
230.5005;-57.1453;7.15;
231.9241;-14.9542;7.15;
232.1919;-31.4757;7.15;
234.6725;-17.6649;7.15;
237.0137;-25.2156;7.15;
237.465;2.5007;7.15;
244.2451;-80.8003;7.15;
249.4069;22.4449;7.15;
256.9842;-24.9981;7.15;
260.9071;60.9985;7.15;
266.383;13.0195;7.15;
267.7315;-76.0585;7.15;
267.7822;-22.921;7.15;
268.9968;-48.9394;7.15;
272.6738;-33.9188;7.15;
274.3139;-76.5838;7.15;
275.7357;20.9637;7.15;
277.9395;45.9888;7.15;
279.8206;-59.1218;7.15;
282.7551;34.3939;7.15;
282.8549;38.6266;7.15;
283.0622;26.0264;7.15;
284.1921;-14.8577;7.15;
284.2678;-38.9144;7.15;
286.8909;34.3931;7.15;
288.1439;-37.524;7.15;
289.5971;5.131;7.15;
291.9304;-40.0972;7.15;
297.6063;43.6612;7.15;
300.2839;14.5232;7.15;
300.6423;15.5921;7.15;
300.9146;38.3273;7.15;
306.8338;68.7674;7.15;
307.1382;-11.7962;7.15;
309.2447;32.3513;7.15;
312.9577;23.3314;7.15;
313.3263;54.5181;7.15;
313.675;37.0737;7.15;
314.1284;14.6833;7.15;
314.2557;17.0975;7.15;
316.3832;-4.3621;7.15;
318.3706;7.1674;7.15;
321.9506;21.7359;7.15;
322.8562;-19.2375;7.15;
328.8966;34.977;7.15;
329.259;17.682;7.15;
331.9153;-59.3201;7.15;
332.2559;48.5188;7.15;
333.0734;2.7337;7.15;
334.2544;56.1766;7.15;
335.701;85.0617;7.15;
336.0315;-10.1977;7.15;
337.5014;70.1715;7.15;
338.6976;29.9574;7.15;
339.3025;23.4734;7.15;
344.9975;5.1596;7.15;
352.2049;-59.4366;7.15;
355.203;-7.9142;7.15;
356.2361;69.7549;7.15;
357.6582;54.1982;7.15;
5.6991;54.6454;7.16;
13.6251;56.3196;7.16;
15.1236;18.6916;7.16;
18.9447;9.7849;7.16;
20.6796;17.197;7.16;
27.8056;24.6522;7.16;
30.117;-41.7757;7.16;
31.6234;13.4619;7.16;
32.2653;41.9655;7.16;
36.2918;33.8668;7.16;
44.2942;-0.5745;7.16;
46.0709;75.1495;7.16;
48.4597;49.5689;7.16;
51.3034;-37.1527;7.16;
52.2279;-33.6553;7.16;
53.0359;62.268;7.16;
53.4367;6.926;7.16;
53.4762;-30.628;7.16;
55.0898;21.4057;7.16;
57.3751;80.3225;7.16;
60.9349;-37.0703;7.16;
62.4949;-19.0029;7.16;
62.5308;-61.5989;7.16;
63.1042;23.5746;7.16;
64.006;0.4539;7.16;
64.7005;-54.1355;7.16;
65.8967;35.9031;7.16;
67.4033;80.9317;7.16;
67.9874;-12.6326;7.16;
71.1212;-27.9489;7.16;
72.0267;-63.4803;7.16;
72.3064;-4.9865;7.16;
72.7815;-25.31;7.16;
74.0276;22.5766;7.16;
78.4054;-32.0671;7.16;
78.5602;30.3999;7.16;
79.1828;18.4395;7.16;
81.2959;-54.3179;7.16;
81.6958;70.2282;7.16;
84.0108;19.5494;7.16;
84.0355;12.4364;7.16;
86.8413;-27.1345;7.16;
89.419;55.6567;7.16;
91.7281;2.1731;7.16;
93.4298;41.6972;7.16;
94.0578;5.1142;7.16;
96.3277;23.7095;7.16;
96.7782;-32.1668;7.16;
97.178;34.8647;7.16;
97.6605;-22.3218;7.16;
98.0816;-45.3101;7.16;
98.8622;80.5732;7.16;
99.1134;-57.5392;7.16;
100.862;5.8488;7.16;
101.3471;23.6462;7.16;
102.5518;35.0685;7.16;
102.6609;-31.2763;7.16;
102.7195;-20.9104;7.16;
104.4288;17.902;7.16;
107.8312;33.1119;7.16;
108.8843;59.7749;7.16;
110.0952;28.1222;7.16;
111.8291;1.4527;7.16;
112.331;-13.1392;7.16;
112.6093;13.865;7.16;
113.363;-77.0829;7.16;
113.9178;-70.5236;7.16;
114.006;-3.1518;7.16;
114.9244;-43.2796;7.16;
119.1337;-15.5244;7.16;
119.3164;81.3522;7.16;
119.3577;-0.6359;7.16;
122.1506;-39.4991;7.16;
123.3129;-52.2362;7.16;
124.1103;-3.2261;7.16;
124.3234;-42.5215;7.16;
125.4044;33.9368;7.16;
125.9954;-32.8969;7.16;
131.253;-30.9781;7.16;
132.8656;-61.363;7.16;
133.5026;-42.4858;7.16;
134.2439;-49.681;7.16;
136.1733;-17.2368;7.16;
136.8425;0.6002;7.16;
138.6977;-55.6409;7.16;
141.616;-54.8744;7.16;
141.809;-33.7913;7.16;
143.7792;-5.3689;7.16;
143.9228;-68.2102;7.16;
145.6043;48.7761;7.16;
145.6702;-55.832;7.16;
147.6578;-60.5277;7.16;
152.5703;49.5073;7.16;
155.875;-26.0563;7.16;
160.3964;-64.1064;7.16;
160.8426;-32.1372;7.16;
162.5541;-62.6357;7.16;
162.8269;-4.7365;7.16;
164.0677;-58.0531;7.16;
167.2398;59.2153;7.16;
167.4816;32.5311;7.16;
167.6532;11.3016;7.16;
170.246;4.8805;7.16;
170.8264;-23.7065;7.16;
171.4266;-14.5373;7.16;
174.1487;56.1354;7.16;
174.5455;-45.7495;7.16;
178.8495;1.0959;7.16;
180.3487;66.123;7.16;
182.3482;-59.7693;7.16;
184.7769;40.3128;7.16;
185.0703;-4.5103;7.16;
185.8097;-37.4898;7.16;
188.0413;-27.5662;7.16;
190.2256;8.8294;7.16;
194.8873;28.0657;7.16;
197.3758;-20.1237;7.16;
197.5054;38.7238;7.16;
198.6695;-38.6516;7.16;
199.1927;-41.283;7.16;
202.7301;-19.5601;7.16;
206.2865;-71.533;7.16;
207.1881;27.8813;7.16;
209.4873;32.6009;7.16;
210.6318;31.6609;7.16;
213.3277;-8.4446;7.16;
216.2641;5.6153;7.16;
217.9461;-44.8067;7.16;
218.7358;-37.2043;7.16;
222.8822;-60.9308;7.16;
224.9777;-46.2479;7.16;
227.2388;33.2654;7.16;
228.1822;48.5808;7.16;
230.6951;18.919;7.16;
231.4962;44.3022;7.16;
231.6817;45.6039;7.16;
232.5992;12;7.16;
235.0893;43.8464;7.16;
235.1259;37.017;7.16;
235.9433;2.4399;7.16;
240.2837;-24.2666;7.16;
240.386;47.1426;7.16;
242.5023;-35.6426;7.16;
243.7407;-39.6278;7.16;
250.2762;62.308;7.16;
250.6944;-37.3425;7.16;
252.451;-42.0017;7.16;
254.5396;-14.3725;7.16;
254.5823;-33.6091;7.16;
264.4748;-42.5676;7.16;
264.9066;-32.3201;7.16;
266.9418;-63.5626;7.16;
273.0612;-19.4328;7.16;
273.5451;-27.5028;7.16;
276.2993;49.8645;7.16;
276.7398;-79.2694;7.16;
278.8104;41.5816;7.16;
281.0894;28.1014;7.16;
283.9365;-16.3492;7.16;
284.2355;-33.3295;7.16;
286.1376;45.9217;7.16;
287.0338;-26.8347;7.16;
287.4262;58.4683;7.16;
289.0077;16.161;7.16;
291.1848;19.9394;7.16;
293.5801;41.429;7.16;
294.0041;0.2497;7.16;
296.4194;36.0886;7.16;
297.2537;44.3792;7.16;
297.2924;-76.9086;7.16;
298.3444;20.3372;7.16;
298.7548;66.7483;7.16;
298.7603;-36.2018;7.16;
300.966;21.0504;7.16;
301.9329;2.443;7.16;
302.7325;84.5445;7.16;
303.8489;44.0006;7.16;
306.6364;-29.0739;7.16;
307.9318;30.2609;7.16;
308.1317;-16.6096;7.16;
312.2844;54.2338;7.16;
312.5211;-27.3677;7.16;
315.3424;1.0697;7.16;
315.7673;1.6941;7.16;
315.8741;23.9963;7.16;
319.5702;10.2491;7.16;
322.2206;-8.9908;7.16;
324.0406;50.5021;7.16;
324.097;-40.3302;7.16;
324.2934;62.3042;7.16;
324.5051;41.0814;7.16;
324.8436;24.4946;7.16;
325.0481;49.683;7.16;
325.1336;70.786;7.16;
325.2514;30.2973;7.16;
327.1957;22.4279;7.16;
327.4026;-82.434;7.16;
329.6014;-12.6647;7.16;
331.9346;-28.1476;7.16;
333.7709;59.1144;7.16;
334.2345;-14.657;7.16;
334.6423;-20.74;7.16;
337.2825;29.0292;7.16;
342.892;32.8156;7.16;
342.9618;46.7355;7.16;
349.4868;73.6885;7.16;
350.9706;-53.815;7.16;
351.5857;53.167;7.16;
352.6687;0.8776;7.16;
352.9516;-21.2501;7.16;
353.8166;10.9585;7.16;
355.6072;-61.0618;7.16;
355.844;-33.0827;7.16;
0.6966;2.1302;7.17;
2.3649;46.3879;7.17;
3.2575;49.9265;7.17;
3.5109;76.027;7.17;
7.8782;20.8295;7.17;
11.9037;-2.3219;7.17;
14.0885;-63.9584;7.17;
14.467;-66.5609;7.17;
16.6848;-15.5103;7.17;
18.0441;-73.9071;7.17;
19.7631;45.7059;7.17;
20.4963;76.7103;7.17;
22.421;-13.2238;7.17;
23.8596;-13.381;7.17;
24.2023;59.626;7.17;
33.1222;79.6933;7.17;
33.6541;1.6776;7.17;
36.9452;-69.524;7.17;
37.7197;-64.0457;7.17;
41.6493;54.0777;7.17;
48.535;15.5904;7.17;
48.6761;-6.7024;7.17;
52.9169;-3.4977;7.17;
55.2338;41.1888;7.17;
57.6254;34.0523;7.17;
64.8759;37.9984;7.17;
66.6131;-0.5112;7.17;
72.0577;-9.5067;7.17;
72.2607;-88.2712;7.17;
72.3156;28.3508;7.17;
72.919;-8.4013;7.17;
74.2116;-70.9251;7.17;
75.4486;11.3753;7.17;
76.5921;54.4052;7.17;
79.106;-23.059;7.17;
80.7126;3.5522;7.17;m Ori
81.3293;-75.6924;7.17;
85.3394;29.4944;7.17;
85.4602;-12.3109;7.17;
86.1275;4.3392;7.17;
86.2521;6.3504;7.17;
87.1895;-1.5019;7.17;
88.5177;-60.0235;7.17;
88.9888;0.8361;7.17;
90.4159;-35.0438;7.17;
91.3144;-54.4084;7.17;
91.5655;31.997;7.17;
92.9844;23.2071;7.17;
95.8572;-26.3796;7.17;
100.177;40.1685;7.17;
104.7525;-26.4744;7.17;
105.1684;23.4402;7.17;
107.4875;-13.6161;7.17;
107.7489;-67.9614;7.17;
108.2611;-24.2256;7.17;
108.5938;-61.0698;7.17;
108.6418;20.5169;7.17;
109.7346;-45.2973;7.17;
110.2255;-20.6491;7.17;
110.2401;6.2376;7.17;
112.3059;14.3583;7.17;
113.0537;27.1252;7.17;
115.6503;-59.2974;7.17;
117.0663;-6.7738;7.17;
117.151;74.0432;7.17;
119.1881;-12.9353;7.17;
120.3092;-25.4134;7.17;
121.0055;-26.9733;7.17;
122.1184;-52.6171;7.17;
122.4674;-43.5284;7.17;
123.3925;10.8472;7.17;
124.7876;-46.2052;7.17;
125.3672;-39.7054;7.17;
126.2515;-74.9122;7.17;
126.8964;-5.1486;7.17;
129.7346;-6.8483;7.17;
134.2704;35.0234;7.17;
134.7525;63.4286;7.17;
139.8773;9.7901;7.17;
142.5913;-31.55;7.17;
142.8783;-36.7505;7.17;
151.464;-68.298;7.17;
155.2083;-15.4799;7.17;
157.5328;-70.8881;7.17;
161.6193;-19.7606;7.17;
162.3379;-39.1703;7.17;
162.8458;75.9948;7.17;
172.7544;32.3166;7.17;
177.7421;33.6042;7.17;
181.5363;-69.1254;7.17;
194.4651;9.3386;7.17;
197.2533;-33.5015;7.17;
197.8695;40.7925;7.17;
200.0657;17.7658;7.17;
203.1065;-47.2714;7.17;Dofida
207.9113;-31.3196;7.17;
208.5838;-48.6928;7.17;
208.6741;-48.1346;7.17;
213.4639;46.3252;7.17;
220.2596;52.2358;7.17;
222.4467;-52.7448;7.17;
225.6219;33.2744;7.17;
228.6294;-59.7353;7.17;
230.1794;8.9137;7.17;
231.2051;10.9928;7.17;
232.0777;-21.2096;7.17;
234.6857;-23.0495;7.17;
245.7974;-34.925;7.17;
246.0041;-58.6057;7.17;
246.2003;44.6899;7.17;
247.7301;30.9409;7.17;
255.5666;49.594;7.17;
256.1224;-17.4923;7.17;
257.4652;-82.3186;7.17;
260.4605;9.7359;7.17;
260.6304;-70.4421;7.17;
262.3672;34.9386;7.17;
267.6445;-49.4957;7.17;
269.7651;30.0489;7.17;
274.248;12.0677;7.17;
274.5504;11.3963;7.17;
277.4976;15.9444;7.17;
278.8178;-39.6944;7.17;
280.7309;44.9253;7.17;
281.3912;-48.4595;7.17;
282.9919;-83.3164;7.17;
286.0716;34.087;7.17;
287.69;31.6349;7.17;
292.7546;46.3318;7.17;
294.874;30.4083;7.17;
295.0211;-14.0447;7.17;
297.09;25.0096;7.17;
298.8697;-53.9472;7.17;
299.0218;-44.0122;7.17;
301.8806;16.6473;7.17;
303.3365;72.8971;7.17;
304.1068;22.3965;7.17;
307.6923;-15.7714;7.17;
307.8746;33.0983;7.17;
308.0186;60.4224;7.17;
309.8401;-61.5356;7.17;
318.0308;-30.5893;7.17;
320.5183;-51.8755;7.17;
320.8371;44.5183;7.17;
322.6843;-25.7097;7.17;
323.8;21.4041;7.17;
325.8364;-24.1413;7.17;
326.4722;78.2329;7.17;
332.9779;6.8963;7.17;
334.78;28.8476;7.17;
339.1594;27.7842;7.17;
340.0519;-6.5345;7.17;
348.8688;64.2667;7.17;
349.3298;29.8734;7.17;
349.6626;33.7273;7.17;
350.2804;60.471;7.17;
350.3132;-13.2694;7.17;
352.7776;2.3634;7.17;
356.0952;55.2064;7.17;
2.0014;-78.5988;7.18;
4.1016;-70.3924;7.18;
4.2156;46.6143;7.18;
4.6151;76.2765;7.18;
6.8344;2.8141;7.18;
7.8762;11.5322;7.18;
8.3714;-0.6088;7.18;
11.1549;40.6794;7.18;
12.2904;28.7193;7.18;
12.3798;46.511;7.18;
16.3412;-40.27;7.18;
18.5152;60.8831;7.18;
18.5438;58.8123;7.18;
19.3874;14.2427;7.18;
22.3602;42.2819;7.18;
23.1801;63.5938;7.18;
25.0715;39.5877;7.18;
25.649;-20.1726;7.18;
27.9016;-2.6378;7.18;
34.923;60.0131;7.18;
46.0258;-5.2433;7.18;
46.4207;65.1567;7.18;
47.0345;-61.1499;7.18;
48.0472;46.386;7.18;
51.7208;66.211;7.18;
53.3605;65.5519;7.18;
54.4599;0.1411;7.18;
54.5544;49.083;7.18;
56.3648;47.6604;7.18;
56.6742;-25.3572;7.18;
57.2127;-55;7.18;
57.3613;57.1222;7.18;
58.1378;40.3656;7.18;
62.7299;15.9467;7.18;
65.8322;-7.7045;7.18;
65.8767;24.4054;7.18;
67.5935;23.5889;7.18;
69.9043;-21.2475;7.18;
71.5849;55.6551;7.18;
72.6182;-38.5599;7.18;
73.8768;32.7839;7.18;
80.0133;-5.2084;7.18;
81.7777;-31.5662;7.18;
83.222;36.3199;7.18;
86.3561;6.2979;7.18;
86.8321;50.0883;7.18;
90.527;-27.4273;7.18;
91.923;-34.64;7.18;
96.4077;-35.0391;7.18;
96.4295;38.0504;7.18;
98.0862;15.7062;7.18;
98.5296;22.1241;7.18;
99.8615;-43.4273;7.18;
100.2479;56.0993;7.18;
101.3553;-65.0442;7.18;
102.3727;3.6917;7.18;
103.9707;-25.5181;7.18;
105.0293;29.7721;7.18;
105.8037;9.0235;7.18;
107.1153;-18.603;7.18;
107.8707;30.4726;7.18;
110.0951;-22.0846;7.18;
111.5557;-20.9063;7.18;
114.1423;65.0962;7.18;
114.5307;38.2588;7.18;
114.5462;-31.4533;7.18;
114.9972;-3.5975;7.18;
115.9467;43.7947;7.18;
120.0617;-35.9915;7.18;
120.63;-66.0209;7.18;
122.0968;13.1534;7.18;
124.1041;-36.2026;7.18;
124.8823;35.0457;7.18;
124.9281;-27.0818;7.18;
130.6925;31.8626;7.18;
131.5901;-33.902;7.18;
140.9601;34.5482;7.18;
141.13;18.1414;7.18;
148.6629;-43.3211;7.18;
149.3191;-32.8578;7.18;
149.4565;35.1245;7.18;
151.2751;-45.8962;7.18;
151.4112;-84.0889;7.18;
152.9577;-61.5419;7.18;
154.1952;-13.0995;7.18;
158.0722;24.4423;7.18;
158.4858;-80.5168;7.18;
159.3466;-43.5234;7.18;
161.0299;-48.8967;7.18;
163.2039;-6.822;7.18;
166.6084;-16.531;7.18;
169.0336;-68.1984;7.18;
172.2127;42.7933;7.18;
172.3285;30.4245;7.18;
174.0609;3.3011;7.18;
175.2329;-0.6743;7.18;
177.3661;-46.0675;7.18;
177.7716;-27.0802;7.18;
183.5258;-36.729;7.18;
185.8648;-6.1188;7.18;
189.7347;-0.8542;7.18;
191.3834;-4.8109;7.18;
192.5031;54.756;7.18;
196.4652;-14.1119;7.18;
200.1888;69.1022;7.18;
202.5528;45.7352;7.18;
208.1999;-42.4832;7.18;
208.648;-55.0718;7.18;
208.6806;-61.3345;7.18;
210.6354;-19.8099;7.18;
210.8638;27.5099;7.18;
211.7835;-35.4919;7.18;
214.143;-59.9137;7.18;
215.9023;49.4051;7.18;
216.1493;-2.3429;7.18;
217.8717;-47.7296;7.18;
218.5156;-16.8196;7.18;
218.9513;-8.5753;7.18;
219.026;-84.1484;7.18;
219.8417;-25.0286;7.18;
223.9994;41.1366;7.18;
226.1378;-28.3002;7.18;
226.7759;-37.9457;7.18;
226.8071;-32.9102;7.18;
226.8223;22.9083;7.18;
230.1309;-28.2871;7.18;
233.5603;-60.8079;7.18;
234.0493;-65.1146;7.18;
237.8966;-37.4373;7.18;
241.8064;-42.0696;7.18;
246.3349;67.0724;7.18;
247.1897;-17.985;7.18;
251.9073;37.5602;7.18;
252.0575;1.0905;7.18;
254.9783;-59.3297;7.18;
262.8784;1.6723;7.18;
263.6724;40.9093;7.18;
264.8164;30.2534;7.18;
265.0833;6.5646;7.18;
267.243;37.0617;7.18;
268.6016;-38.6265;7.18;
269.3222;-71.0943;7.18;
270.0628;-37.4082;7.18;
271.3613;28.6855;7.18;
273.0429;8.227;7.18;
275.1184;-44.0769;7.18;
276.1791;-6.6038;7.18;
278.6055;-19.7847;7.18;
281.2656;35.0084;7.18;
281.7768;74.7254;7.18;
282.033;-43.573;7.18;
283.6175;20.3599;7.18;
286.0845;-21.5315;7.18;
286.3366;25.9207;7.18;
287.3417;10.2412;7.18;
292.8256;42.987;7.18;
294.0362;-46.1514;7.18;
294.9008;-64.5356;7.18;
295.1613;44.7892;7.18;
295.9462;38.3224;7.18;
296.3446;-1.499;7.18;
297.7208;20.0395;7.18;
300.8037;50.309;7.18;
301.9396;57.7999;7.18;
302.207;12.2284;7.18;
302.2717;-26.224;7.18;
303.0083;7.6845;7.18;
303.875;23.742;7.18;
304.2008;32.3798;7.18;
309.7679;-16.5595;7.18;
310.4396;-75.3464;7.18;
311.0002;21.4007;7.18;
312.3427;83.9418;7.18;
312.4584;-0.3243;7.18;
312.5228;27.3777;7.18;
314.6821;31.6475;7.18;
320.3715;48.1674;7.18;
321.191;-57.2572;7.18;
321.9991;53.2893;7.18;
323.4177;-16.201;7.18;
325.3671;-14.8414;7.18;
325.4936;-17.2218;7.18;
333.0883;55.0977;7.18;
334.0341;-57.5681;7.18;
337.8294;63.8176;7.18;
339.6406;44.669;7.18;
340.2904;45.0087;7.18;
340.5275;-3.4734;7.18;
342.1348;-70.9334;7.18;
343.8384;-5.6897;7.18;
344.6906;43.8388;7.18;
345.4768;19.8377;7.18;
346.3741;28.9886;7.18;
346.9493;30.4396;7.18;
347.5865;-13.6445;7.18;
348.0126;-43.9878;7.18;
348.421;2.2036;7.18;
350.4553;20.6378;7.18;
351.0908;6.1863;7.18;
354.001;-8.7662;7.18;
354.3671;35.8148;7.18;
354.9638;-32.7434;7.18;
356.6443;0.53;7.18;
358.476;17.9918;7.18;
2.4866;-44.6664;7.19;
3.006;28.6065;7.19;
3.6019;-2.198;7.19;
4.5824;44.5584;7.19;
11.2695;75.9378;7.19;
12.4844;-57.3862;7.19;
13.4191;43.3634;7.19;
14.2046;-25.3634;7.19;
15.9893;48.8613;7.19;
17.4659;49.0539;7.19;
20.3803;74.5803;7.19;
26.0965;37.6684;7.19;
26.2708;2.5032;7.19;
31.0006;8.0949;7.19;
33.2292;40.6683;7.19;
33.7294;66.321;7.19;
34.9075;52.5614;7.19;
34.9705;31.3375;7.19;
35.5106;-27.8614;7.19;
35.6116;65.242;7.19;
36.3665;32.4077;7.19;
37.0675;-36.3408;7.19;
41.4557;-62.7242;7.19;
41.609;-21.6609;7.19;
41.6673;75.408;7.19;
41.8141;22.9603;7.19;
42.1602;-20.8211;7.19;
45.6017;54.3633;7.19;
47.2258;-18.9692;7.19;
48.0608;-40.4093;7.19;
51.8831;5.8704;7.19;
63.5141;-30.1127;7.19;
63.5148;-15.9931;7.19;
65.0169;23.5988;7.19;
68.7442;16.9947;7.19;
70.5171;24.0108;7.19;
70.8737;-52.546;7.19;
71.7778;10.0517;7.19;
76.2073;-20.2458;7.19;
78.5072;51.4307;7.19;
78.5239;21.2237;7.19;
81.1729;11.5294;7.19;
82.9004;-61.5411;7.19;
84.3812;-31.0618;7.19;
87.5978;-48.9864;7.19;
88.3025;11.8142;7.19;
89.4149;-15.4061;7.19;
90.3802;2.9093;7.19;
90.3806;3.1865;7.19;
91.482;-13.2478;7.19;
91.6168;10.7503;7.19;
93.793;48.834;7.19;
94.1135;-35.4309;7.19;
99.9057;-52.8325;7.19;
100.1441;-28.2656;7.19;
105.9768;-50.6614;7.19;
106.5726;17.7444;7.19;
108.4356;-5.1555;7.19;
110.7734;17.4096;7.19;
112.8389;-4.6789;7.19;
114.7748;8.9263;7.19;
115.8101;-4.1311;7.19;
116.3396;-39.3452;7.19;
118.7135;-31.5348;7.19;
121.8558;55.3014;7.19;
123.3185;-24.2926;7.19;
124.5275;26.4246;7.19;
125.0302;53.1975;7.19;
126.0938;-55.7896;7.19;
129.5236;-38.009;7.19;
134.9392;-51.5038;7.19;
135.1901;-9.1914;7.19;
135.2762;-27.5157;7.19;
135.4549;5.6517;7.19;
137.2596;17.4697;7.19;
139.7828;-22.5531;7.19;
141.5459;-30.0348;7.19;
143.6775;-44.8162;7.19;
146.1587;3.3533;7.19;
146.2975;-0.4649;7.19;
149.7032;4.8085;7.19;
150.3976;-1.0181;7.19;
152.7328;36.4681;7.19;
152.9653;-40.8743;7.19;
154.9615;-51.5685;7.19;
155.7793;-50.5271;7.19;
158.2871;39.2216;7.19;
159.2946;46.5481;7.19;
159.7902;-25.8515;7.19;
161.8453;26.9106;7.19;
165.7414;-2.6354;7.19;
167.9539;42.8321;7.19;
177.954;-64.5957;7.19;
187.8556;-9.1816;7.19;
190.6134;-61.0185;7.19;
199.7581;28.5678;7.19;
203.4586;-66.0784;7.19;
204.4505;-35.0648;7.19;
208.9937;-39.4097;7.19;
209.375;-68.0057;7.19;
215.2114;-42.4248;7.19;
216.0029;5.823;7.19;
222.3652;-19.9036;7.19;
222.49;-29.0346;7.19;
222.7653;-15.0275;7.19;
230.0881;-75.5641;7.19;
236.9513;4.2983;7.19;
239.2859;-6.2966;7.19;
240.4811;-21.9804;7.19;
242.0299;-27.7304;7.19;
245.8234;35.6118;7.19;
247.0669;-16.2122;7.19;
250.3294;22.4367;7.19;
250.8754;20.7161;7.19;
258.2641;-54.8522;7.19;
260.538;-30.5014;7.19;
260.8327;9.4668;7.19;
262.9275;-41.0396;7.19;
266.8808;-20.8373;7.19;
269.1025;19.8888;7.19;
269.9036;71.6342;7.19;
271.1571;-40.6376;7.19;
271.1629;27.1152;7.19;
273.6844;-45.5952;7.19;
277.8292;62.538;7.19;
277.9425;-2.4185;7.19;
281.5072;59.6869;7.19;
281.6171;43.5608;7.19;
281.8733;49.432;7.19;
284.6159;-34.2147;7.19;
285.864;-50.3166;7.19;
286.6588;-51.4176;7.19;
288.5474;-67.454;7.19;
288.5802;25.0132;7.19;
289.9795;45.0321;7.19;
291.917;-18.3508;7.19;
292.9274;-19.3865;7.19;
293.0659;-21.5169;7.19;
297.928;-10.9492;7.19;
299.3324;24.0882;7.19;
301.2731;13.7641;7.19;
302.6326;28.4343;7.19;
304.1644;28.5229;7.19;
309.1103;-20.5855;7.19;
309.4827;-11.0331;7.19;
310.9873;-5.5902;7.19;
311.4295;50.6739;7.19;
314.6671;-70.4222;7.19;
315.4787;57.7653;7.19;
315.6718;26.5081;7.19;
319.0709;26.3503;7.19;
319.9282;55.4501;7.19;
320.5524;-83.2097;7.19;
324.338;-18.4412;7.19;
329.3716;29.3101;7.19;
337.3577;-28.6596;7.19;
340.6774;0.071;7.19;
344.9345;-62.7721;7.19;
353.7894;67.4919;7.19;
358.5084;56.4894;7.19;
359.887;50.8326;7.19;
0.6602;66.1004;7.2;
2.5686;52.2551;7.2;
4.5329;3.7968;7.2;
5.2477;12.7717;7.2;
6.9184;-16.4094;7.2;
10.6207;27.6429;7.2;
13.1885;68.8658;7.2;
13.3312;4.0862;7.2;
13.8551;28.5594;7.2;
15.9948;35.4695;7.2;
16.2298;16.2422;7.2;
25.3006;-33.3982;7.2;
26.2838;-14.5623;7.2;
27.4898;-29.0409;7.2;
27.811;-30.9028;7.2;
27.8705;-4.2201;7.2;
32.6252;-45.447;7.2;
36.0971;-3.104;7.2;
36.6904;57.6792;7.2;
39.6556;19.7277;7.2;
45.8682;-58.933;7.2;
49.2046;51.2182;7.2;
51.0265;-41.2319;7.2;
55.9402;-9.603;7.2;
60.0077;-42.3901;7.2;
60.3195;40.0946;7.2;
62.1626;25.8778;7.2;
62.3353;-7.9291;7.2;
63.4447;-84.4858;7.2;
69.1069;-37.8261;7.2;
69.7253;-58.9806;7.2;
69.786;13.003;7.2;
70.0215;39.7885;7.2;
71.6563;-68.546;7.2;
71.7589;41.305;7.2;
74.5708;0.454;7.2;
76.1982;-11.699;7.2;
79.0419;-41.2492;7.2;
80.539;-81.0389;7.2;
81.7261;3.6147;7.2;
81.9934;48.3812;7.2;
86.2767;-40.1989;7.2;
87.3409;38.7383;7.2;
87.8401;-11.6462;7.2;
88.5986;-15.732;7.2;
88.725;22.5199;7.2;
91.6798;-49.2221;7.2;
92.0045;-82.0437;7.2;
92.5494;46.7587;7.2;
92.7627;2.3305;7.2;
95.5337;61.76;7.2;
95.7755;-3.5158;7.2;
98.416;-26.3296;7.2;
101.2288;20.8607;7.2;
101.6325;-8.9186;7.2;
102.5337;-12.5848;7.2;
104.6173;-3.0237;7.2;
105.0934;-2.4321;7.2;
105.9236;-0.557;7.2;
107.1343;-12.8859;7.2;
108.1892;-51.2118;7.2;
109.1961;-13.6811;7.2;
110.3437;-3.2886;7.2;
110.9501;80.6263;7.2;
112.4763;-13.9894;7.2;
114.157;-44.9873;7.2;
114.451;38.8788;7.2;
114.7682;11.8711;7.2;
116.0139;-42.9776;7.2;
117.152;-30.756;7.2;
118.5493;13.4212;7.2;
119.5257;5.0114;7.2;
120.3963;-50.6056;7.2;
121.6434;22.4567;7.2;
122.0014;-35.2111;7.2;
122.7143;-32.3796;7.2;
124.217;-15.152;7.2;
129.7897;-40.4192;7.2;
130.5228;-89.4605;7.2;
131.1874;-42.6346;7.2;
133.0142;4.4661;7.2;
134.1762;-63.0485;7.2;
135.3287;-64.9242;7.2;
136.8064;51.6299;7.2;
139.4727;28.5605;7.2;
139.7152;-45.008;7.2;
141.8818;-58.0946;7.2;
142.4784;5.6551;7.2;
143.5787;54.0465;7.2;
144.1706;69.6366;7.2;
145.0433;8.2781;7.2;
147.2619;34.0854;7.2;
147.9821;-32.98;7.2;
148.5214;-27.999;7.2;
152.096;-35.0137;7.2;
156.5645;24.7153;7.2;
156.6107;10.5029;7.2;
157.9658;-52.232;7.2;
158.769;-55.4099;7.2;
161.3733;-55.7914;7.2;
162.7376;3.5907;7.2;
168.1845;35.8301;7.2;
169.4639;-45.5058;7.2;
172.1433;-58.142;7.2;
172.439;-25.002;7.2;
174.9021;18.9967;7.2;
182.4027;-52.144;7.2;
183.0741;55.7059;7.2;
191.9974;24.0956;7.2;
192.3837;-80.7024;7.2;
195.4028;-24.6663;7.2;
199.5493;67.6879;7.2;
199.9278;36.0829;7.2;
200.301;-9.9991;7.2;
200.4197;16.0814;7.2;
201.7951;-17.929;7.2;
202.0239;-43.7686;7.2;
202.1273;-27.3918;7.2;
208.2073;-54.5793;7.2;
209.3214;-28.6352;7.2;
210.023;-62.7822;7.2;
211.8378;42.0985;7.2;
215.0347;-28.049;7.2;
215.5094;-8.0913;7.2;
216.6759;5.935;7.2;
218.4654;-46.4649;7.2;
218.9792;-69.9706;7.2;
222.623;80.7499;7.2;
223.0646;-44.9272;7.2;
224.3327;-32.8337;7.2;
224.9902;14.8333;7.2;
226.2201;-63.3262;7.2;
226.5477;-23.323;7.2;
226.8107;-57.4397;7.2;
227.6323;-71.6645;7.2;
228.6193;-3.3644;7.2;
235.7629;-10.9335;7.2;
238.5608;-53.5829;7.2;
240.009;0.6236;7.2;
244.2011;-5.4968;7.2;
244.4648;23.6073;7.2;
245.142;-68.5366;7.2;
246.7077;-48.0443;7.2;
248.8334;-53.6473;7.2;
249.2384;-54.9852;7.2;
252.1267;-61.4891;7.2;
253.542;15.6235;7.2;
253.7307;-40.5248;7.2;
254.9705;27.3159;7.2;
256.5143;23.3221;7.2;
260.179;-38.0206;7.2;
261.0464;36.9229;7.2;
265.5629;17.2283;7.2;
266.9898;-34.0189;7.2;
267.1172;-38.1335;7.2;
268.0556;32.0139;7.2;
269.4365;-83.2356;7.2;
271.202;-25.6057;7.2;
274.0377;21.0399;7.2;
274.5778;-61.2086;7.2;
275.5751;7.5489;7.2;
276.8292;-53.6339;7.2;
278.0436;13.7366;7.2;
280.9057;-1.559;7.2;
282.5501;-22.8482;7.2;
284.3023;13.3725;7.2;
285.1892;-0.4551;7.2;
285.4153;41.4901;7.2;
285.8037;-11.1897;7.2;
285.8401;-57.9241;7.2;
287.6145;48.4444;7.2;
298.6831;60.8236;7.2;
300.1245;-15.8869;7.2;
302.8578;29.1669;7.2;
304.0933;26.4904;7.2;
304.7882;14.3842;7.2;
304.9383;-25.2286;7.2;
308.977;-26.7734;7.2;
310.8602;-22.4539;7.2;
316.384;-43.522;7.2;
320.017;12.9628;7.2;
320.898;40.0186;7.2;
323.2159;-64.15;7.2;
324.4299;-45.5859;7.2;
324.5582;-14.91;7.2;
325.8902;-68.0647;7.2;
328.1237;-9.4179;7.2;
329.2362;-61.8462;7.2;
329.506;5.9404;7.2;
332.21;22.1388;7.2;
333.2341;-55.945;7.2;
335.214;-8.7655;7.2;
336.9137;-26.4188;7.2;
337.1253;-51.788;7.2;
341.4749;11.2003;7.2;
342.8907;59.0085;7.2;
344.8286;4.3585;7.2;
351.1288;30.7122;7.2;
351.9317;86.5589;7.2;
353.3364;60.4109;7.2;
357.6426;-20.2332;7.2;
357.9439;-42.6729;7.2;
358.1185;-58.5502;7.2;
359.8663;57.6709;7.2;
0.3999;72.2366;7.21;
2.2468;-21.2064;7.21;
2.9029;-80.1737;7.21;
3.3075;-37.8229;7.21;
4.4583;16.331;7.21;
4.5772;-2.0148;7.21;
8.3738;-55.3283;7.21;
10.0825;24.0539;7.21;
12.6607;25.5849;7.21;
14.474;29.5214;7.21;
15.1309;37.7915;7.21;
15.7096;26.2994;7.21;
16.1817;2.3137;7.21;
20.1539;54.9624;7.21;
20.9196;-40.9561;7.21;
21.4927;10.407;7.21;
23.3043;-79.9266;7.21;
25.5162;43.64;7.21;
29.2961;71.7249;7.21;
30.5299;22.1041;7.21;
38.2833;29.9646;7.21;
42.0374;-31.4231;7.21;
42.1219;-5.7384;7.21;
43.2272;73.2772;7.21;
43.3947;-7.7503;7.21;
44.9269;-63.6282;7.21;
48.0069;-56.4015;7.21;
52.138;43.7536;7.21;
54.1091;52.9314;7.21;
59.5871;24.0811;7.21;
61.3894;31.4972;7.21;
65.3136;27.3502;7.21;
74.2771;-65.0159;7.21;
74.5541;40.0569;7.21;
78.5827;69.8237;7.21;
81.6868;-36.5849;7.21;
81.7891;-1.3674;7.21;
81.8855;-13.5783;7.21;
82.1071;22.7425;7.21;
83.5397;43.9375;7.21;
83.8194;8.7007;7.21;
85.1767;52.5701;7.21;
85.7227;-33.9584;7.21;
86.8535;29.6576;7.21;
88.3602;6.2557;7.21;
88.4946;-14.1272;7.21;
89.2309;38.2872;7.21;
96.1942;43.5485;7.21;
97.9188;5.7691;7.21;
103.0084;-33.9156;7.21;
103.9842;27.2859;7.21;
105.0878;-5.8267;7.21;
105.9049;-2.4742;7.21;
106.4907;-42.3275;7.21;
107.8618;-27.7318;7.21;
110.0107;19.5208;7.21;
112.6637;41.8903;7.21;
113.763;5.2968;7.21;
114.3708;-2.0369;7.21;
114.9128;-29.1909;7.21;
117.5863;-35.7906;7.21;
120.0786;8.9743;7.21;
124.3919;70.1771;7.21;
125.5163;19.9592;7.21;
126.9072;-31.9935;7.21;
133.0907;-56.2421;7.21;
133.7516;-54.6994;7.21;
139.4989;-45.6363;7.21;
140.4366;-2.7929;7.21;
140.7067;-35.5232;7.21;
144.767;-2.8395;7.21;
151.5228;-29.1187;7.21;
153.2704;-47.9196;7.21;
153.4349;-7.384;7.21;
155.0489;-52.6017;7.21;
156.4626;-20.3253;7.21;
159.1836;-47.255;7.21;
165.9608;-51.0293;7.21;
166.1627;31.4367;7.21;
169.9229;38.1009;7.21;
172.3383;-57.8324;7.21;
172.7352;-41.9263;7.21;
179.2398;-63.2491;7.21;
181.8455;-43.2465;7.21;
184.1757;39.5929;7.21;
184.3945;-40.0044;7.21;
185.1139;61.3096;7.21;
186.1589;41.3324;7.21;
188.714;85.7322;7.21;
189.6365;45.2171;7.21;
189.6462;13.8054;7.21;
193.9641;-73.0326;7.21;
194.6705;22.0429;7.21;
196.1215;-81.1501;7.21;
196.1605;-0.7283;7.21;
199.4081;13.7638;7.21;
203.1635;-44.4503;7.21;
205.1021;53.1917;7.21;
206.5281;5.1156;7.21;
206.9909;-55.9606;7.21;
211.2738;-22.6221;7.21;
213.2348;-25.5043;7.21;
214.6488;10.5105;7.21;
215.68;-55.4312;7.21;
215.8805;39.3278;7.21;
218.2892;-24.0182;7.21;
218.7538;13.0958;7.21;
219.4101;-50.0859;7.21;
220.9435;-2.5056;7.21;
224.7942;-48.8262;7.21;
225.6304;51.6196;7.21;
225.8043;17.9757;7.21;
227.0021;28.5184;7.21;
227.8961;-2.26;7.21;
229.0066;-4.8979;7.21;
231.9711;-53.7018;7.21;
232.4612;18.4999;7.21;
236.7242;46.9863;7.21;
237.5334;64.7997;7.21;
244.4393;-4.0367;7.21;
246.1644;-2.4881;7.21;
250.0511;17.7072;7.21;
250.2842;-2.8573;7.21;
250.6087;21.5929;7.21;
250.8891;12.4186;7.21;
252.1728;35.922;7.21;
253.5861;-25.8294;7.21;
256.9826;32.1055;7.21;
257.9974;14.4877;7.21;
266.0034;-5.9296;7.21;
269.8628;6.419;7.21;
270.8377;8.4194;7.21;
270.841;-17.6101;7.21;
271.9666;29.818;7.21;
274.4651;-27.3547;7.21;
276.3259;48.7618;7.21;
276.5394;79.6286;7.21;
277.1484;46.4233;7.21;
277.298;29.5538;7.21;
277.8708;-1.6349;7.21;
278.6957;21.4862;7.21;
279.0006;-14.0656;7.21;
279.6071;36.0531;7.21;
280.1921;8.7929;7.21;
281.1271;-53.8018;7.21;
282.86;-27.1642;7.21;
283.2488;43.7135;7.21;
286.9128;6.9835;7.21;
287.0073;26.012;7.21;
288.8658;19.42;7.21;
289.5491;24.4156;7.21;
294.5482;51.2359;7.21;
294.664;32.4061;7.21;
295.7464;27.4085;7.21;
295.8129;30.2324;7.21;
300.1374;39.2074;7.21;
305.1594;-58.7295;7.21;
305.6962;31.5496;7.21;
307.3598;9.8978;7.21;
308.5689;49.7732;7.21;
310.0931;-24.118;7.21;
310.9125;6.5782;7.21;
314.2001;42.8957;7.21;
318.3859;-54.9887;7.21;
319.3856;22.5416;7.21;
319.5443;22.1142;7.21;
320.2631;-20.8212;7.21;
321.1784;-5.5813;7.21;
321.655;-46.0673;7.21;
323.3382;21.5903;7.21;
325.4238;15.0422;7.21;
326.658;-67.5963;7.21;
327.5343;19.424;7.21;
332.5707;32.2882;7.21;
333.2914;59.2994;7.21;
344.2339;59.9617;7.21;
345.6141;-45.304;7.21;
345.6844;23.1304;7.21;
347.9114;47.0987;7.21;
348.7551;46.5243;7.21;
349.9251;-41.0832;7.21;
351.9607;-50.3437;7.21;
354.2776;30.678;7.21;
355.6992;-11.3285;7.21;
357.3838;-66.2576;7.21;
358.5124;-9.2899;7.21;
3.1415;-88.3629;7.22;
3.1681;-1.2272;7.22;
3.2094;-57.9126;7.22;
4.1071;53.9456;7.22;
7.9629;18.1053;7.22;
10.6669;71.3659;7.22;
10.7576;-3.8563;7.22;
13.5415;32.8884;7.22;
15.1672;-20.0902;7.22;
15.393;-6.7995;7.22;
16.6522;13.8846;7.22;
16.7666;11.5521;7.22;
18.7541;-68.8189;7.22;
19.7802;80.8618;7.22;
20.5114;79.0252;7.22;
20.5882;-61.3294;7.22;
21.7732;25.4397;7.22;
23.6552;35.1117;7.22;
25.6706;38.5154;7.22;
25.7332;-83.3672;7.22;
32.7852;-19.3074;7.22;
33.3082;-22.8711;7.22;
38.1755;1.0337;7.22;
38.9264;-85.017;7.22;
39.2899;2.4155;7.22;
43.24;60.4713;7.22;
43.4699;-49.8896;7.22;
45.268;-33.1099;7.22;
47.6662;21.8926;7.22;
47.7147;-11.1251;7.22;
51.2902;-4.4782;7.22;
51.9223;-14.3666;7.22;
52.4914;-35.7486;7.22;
54.4579;4.1455;7.22;
54.5785;44.8017;7.22;
54.7296;2.7635;7.22;
57.2341;16.4595;7.22;
57.411;-2.3286;7.22;
58.3634;-41.2227;7.22;
60.9349;81.875;7.22;
61.8501;75.175;7.22;
62.5141;-34.4977;7.22;
66.1751;10.0467;7.22;
68.3204;52.805;7.22;
69.8679;-0.0844;7.22;
71.1755;0.5681;7.22;
72.5721;6.9499;7.22;
73.5127;17.0268;7.22;
75.169;-13.5037;7.22;
76.9265;-17.2887;7.22;
77.1569;-3.3059;7.22;
79.1207;36.0718;7.22;
79.683;-62.9849;7.22;
84.7791;-58.9575;7.22;
85.9023;6.8885;7.22;
86.2701;-41.7819;7.22;
86.4567;-47.0066;7.22;
89.2108;16.3551;7.22;
90.337;18.9613;7.22;
91.7781;35.2137;7.22;
92.8142;-44.9143;7.22;
93.7279;-8.8042;7.22;
95.0712;-10.8822;7.22;
95.8774;-18.9988;7.22;
97.4037;-3.5517;7.22;
97.7546;-66.8707;7.22;
98.7364;16.7638;7.22;
99.0183;13.694;7.22;
99.1145;-50.3228;7.22;
99.3834;-8.2356;7.22;
101.2937;-47.2227;7.22;
101.4582;2.4993;7.22;
103.6672;6.7241;7.22;
105.2581;-3.2525;7.22;
106.1596;-11.5241;7.22;
106.9686;-15.7005;7.22;
109.0017;82.4405;7.22;
110.9254;-53.6693;7.22;
111.8581;15.3164;7.22;
112.3788;35.164;7.22;
118.417;-23.1872;7.22;
119.3564;6.8517;7.22;
119.4464;-41.5357;7.22;
120.0124;-45.0257;7.22;
120.9632;-70.3373;7.22;
122.2362;-68.9916;7.22;
124.7883;24.1747;7.22;
128.2349;-49.1551;7.22;
128.4404;-23.3555;7.22;
129.0966;-38.4554;7.22;
130.7523;70.1645;7.22;
132.0265;17.3948;7.22;
136.1135;43.4419;7.22;
137.9436;44.8241;7.22;
140.4171;-56.9034;7.22;
141.971;-22.5285;7.22;
144.8034;25.3674;7.22;
146.3554;-8.4825;7.22;
153.5887;-42.8086;7.22;
154.3765;55.8985;7.22;
156.7244;-0.1485;7.22;
157.9328;-44.4848;7.22;
158.8803;45.6537;7.22;
160.3241;52.9706;7.22;
161.6562;-42.6104;7.22;
164.0504;64.538;7.22;
165.6369;9.173;7.22;
168.2358;-12.7852;7.22;
170.0466;30.1205;7.22;
170.9087;17.1421;7.22;
171.168;-61.6476;7.22;
172.9501;-60.6064;7.22;
173.2421;84.7063;7.22;
173.2586;34.0515;7.22;
173.7568;-30.0319;7.22;
175.4359;-9.0768;7.22;
178.3998;-46.7417;7.22;
178.86;-5.1345;7.22;
182.3039;17.1861;7.22;
184.0489;80.1251;7.22;
185.1492;63.6703;7.22;
186.2869;-48.3091;7.22;
191.1785;-17.7783;7.22;
191.359;14.3736;7.22;
192.2603;-65.5932;7.22;
192.8003;19.1614;7.22;
192.9364;-31.0837;7.22;
194.0717;-19.6315;7.22;
202.3067;3.8714;7.22;
204.41;33.7381;7.22;
204.9864;-83.9083;7.22;
208.9614;-66.3865;7.22;
210.8;32.8138;7.22;
211.3043;-14.8571;7.22;
212.8464;-56.3828;7.22;
216.0231;49.5323;7.22;
216.6799;78.4989;7.22;
216.7556;9.9813;7.22;
216.89;-46.2135;7.22;
219.0321;-22.1774;7.22;
221.3193;65.33;7.22;
221.9504;-66.3319;7.22;
223.8288;32.8239;7.22;
224.6639;61.6669;7.22;
226.4927;4.2335;7.22;
226.5756;5.5504;7.22;
227.4531;-20.5205;7.22;
233.1819;10.9683;7.22;
234.6771;31.5518;7.22;
235.8878;22.9205;7.22;
241.3146;-56.3399;7.22;
241.6289;-40.4502;7.22;
244.6088;-58.3929;7.22;
244.7524;37.7657;7.22;
246.7569;-17.7687;7.22;
246.9709;-69.8614;7.22;
251.144;49.8629;7.22;
251.8672;-48.3195;7.22;
251.879;-47.5905;7.22;
251.9557;-45.3903;7.22;
253.8934;-60.6774;7.22;
256.7929;58.2688;7.22;
258.7381;19.6826;7.22;
260.8938;76.0551;7.22;
260.9927;8.6046;7.22;
261.191;-59.2137;7.22;
262.2135;-70.6337;7.22;
262.2591;-59.0325;7.22;
262.5684;47.4022;7.22;
262.862;54.3558;7.22;
263.2643;-29.6508;7.22;
265.0995;-28.9232;7.22;
268.003;1.0992;7.22;
268.4463;-19.8872;7.22;
270.5981;-23.0308;7.22;
272.9813;-5.624;7.22;
274.0036;53.2967;7.22;
275.7484;46.3627;7.22;
276.4471;35.3427;7.22;
278.6304;6.4623;7.22;
281.7279;-7.5791;7.22;
281.8045;31.4056;7.22;
282.2038;-18.6322;7.22;
282.6563;-26.7705;7.22;
283.591;13.3898;7.22;
283.6915;-48.9477;7.22;
285.1503;-19.6583;7.22;
285.4122;-36.8907;7.22;
285.8664;65.587;7.22;
289.1812;33.1276;7.22;
292.7732;48.5821;7.22;
294.5904;0.3455;7.22;
295.2999;-2.3134;7.22;
296.1729;10.9125;7.22;
296.917;-17.071;7.22;
297.3915;-37.7806;7.22;
298.0251;-56.7198;7.22;
298.7506;34.9006;7.22;
300.2162;13.3797;7.22;
300.4132;-0.199;7.22;
301.2931;40.8138;7.22;
302.2021;39.7983;7.22;
303.8621;44.1388;7.22;
304.1083;-1.4998;7.22;
304.7937;29.4991;7.22;
307.9319;4.4157;7.22;
309.9686;-36.0336;7.22;
311.7913;42.4098;7.22;
311.8941;1.8319;7.22;
312.2535;-72.5327;7.22;
312.3879;50.7832;7.22;
312.5395;13.2984;7.22;
313.5439;19.7541;7.22;
320.0382;-13.5023;7.22;
320.7781;-85.6387;7.22;
321.1024;75.9716;7.22;
321.5303;-24.4842;7.22;
321.5917;-20.9991;7.22;
322.9038;42.7008;7.22;
323.2962;4.5632;7.22;
324.3241;51.0642;7.22;
327.0768;38.9561;7.22;
328.0405;-62.0524;7.22;
328.7446;34.7732;7.22;
330.6848;42.8145;7.22;
331.1366;25.6585;7.22;
331.6413;12.4453;7.22;
331.764;34.5215;7.22;
332.7069;-55.4571;7.22;
332.9372;38.4158;7.22;
332.9897;50.1962;7.22;
338.8647;39.5858;7.22;
340.9121;44.5305;7.22;
341.8614;-44.9652;7.22;
342.6931;52.0614;7.22;
345.9608;21.5983;7.22;
347.1524;-63.8716;7.22;
352.4763;24.7723;7.22;
353.0009;45.8889;7.22;
353.4169;29.8747;7.22;
353.6718;37.7999;7.22;
355.2533;57.8387;7.22;
358.6755;61.8389;7.22;
359.6433;-14.1251;7.22;
0.3466;6.7915;7.23;
1.3955;53.1717;7.23;
5.3425;67.0054;7.23;
9.0409;24.0254;7.23;
9.5265;-41.5922;7.23;
11.6058;-57.9276;7.23;
12.5614;28.369;7.23;
12.9055;-8.8183;7.23;
14.5685;45.5971;7.23;
17.7262;9.5639;7.23;
21.5703;42.3112;7.23;
23.3084;60.6864;7.23;
24.7822;36.5433;7.23;
27.1535;-14.7652;7.23;
29.6167;-41.1701;7.23;
29.9431;49.4781;7.23;
32.0361;-27.5713;7.23;
34.8087;50.1439;7.23;
37.494;57.8207;7.23;
39.5506;-41.9043;7.23;
41.0478;35.115;7.23;
43.5047;-64.8999;7.23;
45.9525;60.3124;7.23;
47.2539;12.8597;7.23;
49.7404;-73.9862;7.23;
50.7705;26.9009;7.23;
52.8522;-33.5456;7.23;
63.3734;-10.3872;7.23;
63.8087;44.7678;7.23;
64.3225;2.5297;7.23;
65.1325;43.2381;7.23;
65.3769;-6.0732;7.23;
71.8405;-61.4761;7.23;
74.8607;-9.1662;7.23;
77.0266;3.7486;7.23;
77.4305;-22.494;7.23;
81.8534;-26.585;7.23;
86.351;-39.3125;7.23;
89.6383;38.8935;7.23;
92.4123;49.063;7.23;
93.6555;2.29;7.23;
99.0524;-36.1384;7.23;
100.0657;-4.4613;7.23;
100.2825;-30.6456;7.23;
102.2778;-26.0635;7.23;
102.8272;-3.5138;7.23;
103.2485;-42.6276;7.23;
104.9356;-28.3997;7.23;
107.2825;2.2531;7.23;
107.8203;15.3322;7.23;
108.6954;-37.2454;7.23;
109.3817;-5.8226;7.23;
111.3592;78.254;7.23;
112.6622;20.4916;7.23;
113.9609;-33.3925;7.23;
114.0185;66.4703;7.23;
114.9942;59.5633;7.23;
115.8903;-45.864;7.23;
119.166;-16.5315;7.23;
119.4086;-46.5933;7.23;
119.8031;5.2516;7.23;
121.3518;5.8275;7.23;
125.144;-44.255;7.23;
125.6906;-31.6075;7.23;
130.9226;9.3398;7.23;
131.0405;-47.1161;7.23;
131.9746;-43.3542;7.23;
133.4665;1.8243;7.23;
133.6235;-23.5218;7.23;
133.6284;5.4644;7.23;
136.272;-3.7809;7.23;
138.3533;3.8246;7.23;
145.9282;34.0972;7.23;
148.9041;-4.9762;7.23;
149.986;-31.3495;7.23;
150.3113;-39.4508;7.23;
150.9118;3.972;7.23;
155.0613;-81.6484;7.23;
156.3668;-12.7627;7.23;
156.5112;39.2672;7.23;
156.8759;3.5635;7.23;
157.2788;-38.0591;7.23;
157.781;-67.7024;7.23;
165.9954;3.6388;7.23;
166.2081;-64.6157;7.23;
166.5823;-44.3733;7.23;
167.166;-29.7473;7.23;
168.1845;-59.6776;7.23;
170.3993;40.431;7.23;
170.5616;-56.6028;7.23;
171.8008;33.1244;7.23;
172.683;-39.2355;7.23;
173.7619;-30.7245;7.23;
177.8338;68.8339;7.23;
178.1617;-62.2352;7.23;
179.8825;-35.3085;7.23;
181.3343;-49.0071;7.23;
182.449;-5.2257;7.23;
183.12;-33.405;7.23;
189.0427;56.8255;7.23;
191.8375;-19.0045;7.23;
193.4222;-60.3494;7.23;
193.7952;-24.9556;7.23;
194.9512;-20.2918;7.23;
195.2838;4.3586;7.23;
195.7395;-16.8814;7.23;
198.2032;51.8999;7.23;
201.4331;72.2733;7.23;
202.5049;19.0621;7.23;
205.6365;15.147;7.23;
206.2375;-6.0023;7.23;
206.7644;-53.2826;7.23;
209.0227;-63.8916;7.23;
209.5404;-29.7443;7.23;
210.5851;36.1119;7.23;
211.1108;-29.0628;7.23;
211.1555;-35.6454;7.23;
213.5306;-53.932;7.23;
220.278;-22.6186;7.23;
221.684;7.2814;7.23;
223.727;-36.4304;7.23;
224.3359;57.6491;7.23;
226.2951;-72.1896;7.23;
226.8188;-24.1939;7.23;
228.1562;-0.3816;7.23;
230.6055;25.6241;7.23;
231.25;-76.5246;7.23;
235.5058;0.457;7.23;
236.0151;-51.9047;7.23;
236.1904;68.68;7.23;
241.4079;21.8929;7.23;
242.3061;-71.0696;7.23;
246.3833;51.1385;7.23;
248.753;60.4681;7.23;
249.6759;-68.7209;7.23;
250.2733;-47.7461;7.23;
252.97;-49.115;7.23;
253.4571;-70.171;7.23;
255.3902;42.7271;7.23;
258.0956;43.7373;7.23;
259.5748;-15.7988;7.23;
259.8773;-55.1165;7.23;
261.3596;-8.8285;7.23;
269.9081;-56.2555;7.23;
271.7655;23.4035;7.23;
272.145;-27.8642;7.23;
272.9879;-20.4234;7.23;
276.372;22.0335;7.23;
276.9175;53.951;7.23;
280.6863;14.8423;7.23;
282.8731;45.1337;7.23;
284.9649;6.1573;7.23;
286.3558;42.1777;7.23;
286.6178;37.3884;7.23;
286.7146;48.9255;7.23;
287.8522;-65.8768;7.23;
288.5418;7.7641;7.23;
288.6981;-58.0073;7.23;
289.0932;49.4245;7.23;
289.7185;76.7925;7.23;
291.1731;-12.6156;7.23;
293.6897;46.4676;7.23;
295.3647;47.3281;7.23;
300.3126;27.1896;7.23;
304.4771;34.0903;7.23;
307.1726;-67.7582;7.23;
310.2084;35.04;7.23;
313.4736;44.3864;7.23;
316.7187;45.6755;7.23;
318.7632;-21.8153;7.23;
324.6717;64.3856;7.23;
325.2593;5.0206;7.23;
325.5177;-25.8601;7.23;
326.4419;7.9876;7.23;
328.9737;63.2611;7.23;
329.8948;-27.6305;7.23;
331.0943;-38.8763;7.23;
332.7996;36.2563;7.23;
333.655;-15.1017;7.23;
335.5168;-53.8641;7.23;
340.2502;25.2102;7.23;
347.779;53.0582;7.23;
348.728;65.4241;7.23;
349.759;-12.1704;7.23;
351.9293;74.1194;7.23;
353.8111;-3.8538;7.23;
353.83;50.3118;7.23;
355.6305;18.6665;7.23;
355.7593;-29.044;7.23;
356.6421;-8.9969;7.23;
359.8114;50.5292;7.23;
0.635;16.2566;7.24;
11.2481;-12.1443;7.24;
15.6537;-77.551;7.24;
16.8698;41.2589;7.24;
17.7446;56.7744;7.24;
18.2753;41.6543;7.24;
18.9719;20.5022;7.24;
22.2587;74.205;7.24;
22.8141;-65.1184;7.24;
23.0317;-23.6485;7.24;
24.9229;-37.4734;7.24;
29.132;70.2038;7.24;
30.3766;17.9539;7.24;
32.7886;-59.1519;7.24;
34.5157;-23.628;7.24;
35.0658;-50.3022;7.24;
36.8837;16.6435;7.24;
37.6051;47.8537;7.24;
39.2009;51.9612;7.24;
41.4295;17.0212;7.24;
43.3029;-5.2492;7.24;
48.7395;-69.7827;7.24;
51.3313;40.9533;7.24;
53.0684;44.8407;7.24;
54.2693;-36.2922;7.24;
57.1951;-40.3992;7.24;
59.214;-48.4784;7.24;
59.2999;-24.6316;7.24;
59.6556;11.0275;7.24;
60.3234;-46.1373;7.24;
60.8705;-24.4601;7.24;
62.5081;68.3736;7.24;
63.6287;-75.8081;7.24;
68.6119;0.407;7.24;
68.9167;19.9688;7.24;
71.6899;9.0174;7.24;
75.6579;-8.8942;7.24;
75.7567;12.0594;7.24;
75.9978;-10.6352;7.24;
77.024;15.8552;7.24;
77.1388;-3.0096;7.24;
77.3552;-23.1187;7.24;
78.7995;1.5561;7.24;
84.3202;44.0709;7.24;
84.4895;35.6042;7.24;
84.8939;9.8485;7.24;
86.0175;-18.2882;7.24;
87.1915;0.7256;7.24;
88.325;9.5589;7.24;
89.2732;27.3167;7.24;
91.5483;-45.816;7.24;
95.5182;-35.0436;7.24;
101.1117;5.2061;7.24;
102.0999;6.213;7.24;
102.3161;-12.6679;7.24;
102.5465;-39.0551;7.24;
103.4486;-11.2636;7.24;
104.1933;-51.016;7.24;
104.3829;-16.8895;7.24;
107.7393;-67.067;7.24;
107.8693;60.2248;7.24;
108.0425;-5.4449;7.24;
109.2507;9.4631;7.24;
110.2078;-6.1355;7.24;
111.0758;3.178;7.24;
111.9616;19.0448;7.24;
113.0491;71.3637;7.24;
115.2631;24.9651;7.24;
118.49;16.0362;7.24;
119.7817;-39.4203;7.24;
120.0998;64.7472;7.24;
120.3337;-49.6205;7.24;
124.4346;-55.8918;7.24;
125.317;1.0638;7.24;
125.6572;-44.8657;7.24;
126.6488;-49.4972;7.24;
126.6687;-42.5242;7.24;
127.0109;11.7064;7.24;
128.7726;-22.255;7.24;
129.5851;0.6911;7.24;
131.4475;-40.6156;7.24;
132.0763;0.555;7.24;
132.4764;2.3627;7.24;
133.4614;17.5451;7.24;
137.988;-67.7217;7.24;
140.1579;19.0906;7.24;
141.0778;23.5792;7.24;
141.4827;-20.7618;7.24;
143.3203;-38.6375;7.24;
146.481;-43.6787;7.24;
148.7949;-33.6907;7.24;
148.9252;-59.1067;7.24;
149.8976;56.4745;7.24;
151.6198;55.7695;7.24;
154.017;-28.614;7.24;
155.8215;-40.6955;7.24;
155.9536;-2.276;7.24;
157.8293;66.3122;7.24;
157.8757;-35.1283;7.24;
160.4682;-8.0561;7.24;
161.7434;-15.7319;7.24;
164.8877;9.9308;7.24;
165.8663;75.4411;7.24;
167.6442;-32.5639;7.24;
171.7599;-19.2006;7.24;
172.1043;2.783;7.24;
173.7287;-12.0874;7.24;
174.4054;62.7131;7.24;
175.0187;-59.0021;7.24;
175.4084;-63.8294;7.24;
177.1053;28.417;7.24;
177.6666;-12.8671;7.24;
180.4054;64.9393;7.24;
180.4078;70.8499;7.24;
188.384;24.4487;7.24;
188.5369;-50.0603;7.24;
191.2748;-60.0758;7.24;
192.7998;-69.6452;7.24;
194.1076;-14.9497;7.24;
201.0766;1.3997;7.24;
201.1618;83.3085;7.24;
202.022;-45.0691;7.24;
203.5871;14.111;7.24;
211.5343;-44.6891;7.24;
214.9348;-36.8582;7.24;
216.2022;21.3579;7.24;
216.7324;-76.5194;7.24;
218.3703;52.9088;7.24;
220.1296;-16.2093;7.24;
223.1218;23.8014;7.24;
226.88;64.7196;7.24;
227.1869;12.4889;7.24;
227.2597;-38.5343;7.24;
228.615;-47.038;7.24;
233.0431;-21.9668;7.24;
235.9181;-57.452;7.24;
238.9204;72.392;7.24;
244.4582;-13.3725;7.24;
245.5627;2.8754;7.24;
247.1326;29.0757;7.24;
247.8751;-39.0123;7.24;
247.9637;-62.2902;7.24;
248.3474;-4.262;7.24;
252.6897;-38.2564;7.24;
252.7996;15.7947;7.24;
254.0918;16.2853;7.24;
255.2801;21.4972;7.24;
255.6314;19.3861;7.24;
256.1908;28.0911;7.24;
257.5865;84.5988;7.24;
257.7009;32.1789;7.24;
257.8155;-56.6808;7.24;
261.6775;-21.4694;7.24;
261.8866;16.4569;7.24;
264.748;-43.1455;7.24;
268.8203;5.7042;7.24;
269.5291;15.1394;7.24;
271.8363;15.2347;7.24;
272.472;61.881;7.24;
273.0262;-34.0687;7.24;
283.5318;15.0063;7.24;
284.6165;23.8023;7.24;
286.1604;23.3293;7.24;
286.7208;22.1725;7.24;
289.0694;-8.6901;7.24;
291.097;-9.3384;7.24;
291.3783;34.1944;7.24;
291.9659;2.1743;7.24;
293.8828;-41.1211;7.24;
295.011;-49.9493;7.24;
297.8969;-12.6211;7.24;
299.6362;33.2776;7.24;
300.0341;7.7606;7.24;
300.8891;-15.4134;7.24;
301.3;-26.8133;7.24;
302.1263;-74.7574;7.24;
303.0081;34.4789;7.24;
303.734;-56.9765;7.24;
304.601;32.1104;7.24;
304.9923;-32.6165;7.24;
306.1385;5.5095;7.24;
307.9677;16.9917;7.24;
311.1473;-28.2046;7.24;
313.5836;-62.8355;7.24;
314.1861;-3.6746;7.24;
315.1353;-83.1466;7.24;
315.2077;46.5786;7.24;
315.4186;-4.1315;7.24;
315.6679;11.6571;7.24;
316.9374;-31.0568;7.24;
317.5088;32.2058;7.24;
318.3636;7.218;7.24;
322.9639;-25.4127;7.24;
323.0492;10.9108;7.24;
324.2773;11.7195;7.24;
325.5879;50.858;7.24;
327.6355;21.9431;7.24;
328.3398;36.1266;7.24;
331.6382;1.8571;7.24;
331.7447;26.6228;7.24;
333.3063;27.3187;7.24;
334.1346;63.7124;7.24;
335.0946;51.861;7.24;
337.6114;-16.3467;7.24;
337.9492;-46.5797;7.24;
340.3144;-57.0282;7.24;
342.2339;4.2928;7.24;
345.8289;38.2986;7.24;
346.2528;18.6312;7.24;
349.7822;48.9194;7.24;
352.8691;-56.1425;7.24;
353.4425;-36.264;7.24;
358.0703;61.8776;7.24;
359.0299;-21.9921;7.24;
0.0484;-0.3604;7.25;
7.9228;12.9135;7.25;
12.8862;-3.1431;7.25;
15.0882;17.2263;7.25;
15.7099;62.6091;7.25;
18.3465;-2.5508;7.25;
18.6909;60.939;7.25;
20.1713;15.696;7.25;
21.4232;44.7865;7.25;
22.6631;25.915;7.25;
22.8596;38.7671;7.25;
24.3453;58.6374;7.25;
24.9741;-22.9134;7.25;
31.6773;25.8308;7.25;
37.0489;29.8733;7.25;
39.0704;67.5129;7.25;
40.3489;8.5272;7.25;
42.3612;33.9363;7.25;
44.8436;6.6521;7.25;
45.3142;36.1179;7.25;
49.5831;24.0818;7.25;
50.1449;-65.7859;7.25;
54.5413;-31.2996;7.25;
55.3838;10.0818;7.25;
55.9912;-28.6286;7.25;
57.0016;40.5306;7.25;
66.4244;-2.2324;7.25;
71.458;-2.9087;7.25;
75.2751;3.7173;7.25;
77.1923;11.7522;7.25;
78.7939;8.4324;7.25;
81.9143;74.5567;7.25;
85.847;50.7022;7.25;
87.1864;18.2432;7.25;
89.818;-32.2097;7.25;
91.8285;-37.2001;7.25;
94.9217;-17.5262;7.25;
95.262;2.5688;7.25;
95.724;-33.6146;7.25;
96.3411;-9.0911;7.25;
97.2287;52.1259;7.25;
97.9977;22.1857;7.25;
98.1352;-21.0218;7.25;
98.1653;15.021;7.25;
98.2993;-37.8219;7.25;
98.5902;3.3065;7.25;
100.2893;39.2345;7.25;
101.53;-20.7543;7.25;
101.9167;-81.0657;7.25;
105.2337;-0.6692;7.25;
105.3262;-50.4667;7.25;
112.5258;10.0476;7.25;
113.7216;3.343;7.25;
113.9815;-37.4457;7.25;
115.5991;-56.146;7.25;
118.5602;54.715;7.25;
118.978;39.2868;7.25;
121.2602;-60.388;7.25;
124.9482;35.2013;7.25;
125.7006;-76.4308;7.25;
128.9636;6.6228;7.25;
130.1725;-12.1691;7.25;
130.6452;-48.1636;7.25;
135.4541;-26.5635;7.25;
142.3179;-52.4246;7.25;
142.4609;-43.9589;7.25;
144.014;-31.2323;7.25;
145.3647;-10.5026;7.25;
147.9224;-60.5937;7.25;
148.2028;-71.4545;7.25;
148.3218;50.6212;7.25;
148.6353;-34.9069;7.25;
149.3026;-49.8704;7.25;
154.1301;45.0435;7.25;
155.1618;-6.1928;7.25;
155.2845;-58.4838;7.25;
157.3568;12.187;7.25;
159.0281;11.6145;7.25;
163.9837;18.153;7.25;
164.8244;-10.3254;7.25;
165.506;-73.4879;7.25;
165.9221;7.582;7.25;
167.5209;-25.6076;7.25;
167.6141;47.798;7.25;
174.9712;-45.8039;7.25;
179.501;-56.865;7.25;
191.9534;29.5322;7.25;
191.9975;70.9464;7.25;
193.8408;-4.5041;7.25;
194.7507;-6.0909;7.25;
195.121;-43.0883;7.25;
199.4338;-8.7333;7.25;
200.0388;15.564;7.25;
200.2635;-22.383;7.25;
201.1627;-70.4302;7.25;
203.2383;-2.4243;7.25;
203.5509;-74.5657;7.25;
204.3929;-35.0489;7.25;
205.2487;-12.7829;7.25;
212.4742;-0.6513;7.25;
213.6802;-31.0507;7.25;
214.1332;-57.2975;7.25;
215.2887;65.3635;7.25;
223.5272;59.5148;7.25;
225.3596;49.1948;7.25;
229.2025;-13.0392;7.25;
230.3939;24.3434;7.25;
230.5587;-53.6045;7.25;
232.5205;-6.845;7.25;
232.821;-65.9433;7.25;
233.5145;-14.2295;7.25;
238.0731;-18.4361;7.25;
238.2854;46.0401;7.25;
242.2589;-9.6478;7.25;
243.8124;34.7132;7.25;
246.7872;-58.1216;7.25;
247.1579;19.0186;7.25;
247.3127;-71.124;7.25;
249.0126;1.3814;7.25;
252.9665;54.331;7.25;
253.7755;-38.4132;7.25;
253.8452;-69.2798;7.25;
255.0226;39.1006;7.25;
257.0892;4.4245;7.25;
257.9344;-58.815;7.25;
257.9943;-14.6204;7.25;
258.2846;24.9855;7.25;
263.2113;-13.4821;7.25;
272.0674;-55.6912;7.25;
274.7145;33.0454;7.25;
275.0882;-27.4077;7.25;
278.3108;40.1596;7.25;
278.9779;43.0556;7.25;
280.4191;61.5464;7.25;
280.625;-70.3032;7.25;
284.3557;42.1035;7.25;
284.6971;-5.6348;7.25;
285.3748;32.3923;7.25;
286.2079;-8.6511;7.25;
286.6055;-11.8974;7.25;
289.0563;-30.4596;7.25;
289.8792;-36.6585;7.25;
290.2153;-11.3009;7.25;
292.6053;17.6953;7.25;
295.6982;47.2089;7.25;
303.5189;22.2227;7.25;
304.5439;70.7865;7.25;
305.107;7.6148;7.25;
305.8306;15.3621;7.25;
308.67;49.1774;7.25;
309.6061;-20.9941;7.25;
312.0343;-9.7488;7.25;
312.1159;1.7227;7.25;
316.1588;-51.274;7.25;
317.5871;-32.8502;7.25;
318.5981;39.2433;7.25;
322.4707;52.9338;7.25;
324.2632;19.7827;7.25;
324.7106;-19.6254;7.25;
324.8133;-13.8949;7.25;
326.1186;29.1941;7.25;
328.7573;62.0091;7.25;
330.1336;-42.4518;7.25;
330.3641;-33.8358;7.25;
333.0704;-11.0656;7.25;
334.1892;-11.6491;7.25;
338.6353;58.1629;7.25;
339.2765;-11.7311;7.25;
341.2103;24.3785;7.25;
341.9334;30.1297;7.25;
345.6845;-52.9653;7.25;
349.2071;-21.2031;7.25;
351.8588;-12.9302;7.25;
352.6338;64.3923;7.25;
354.1186;67.8489;7.25;
1.001;12.1458;7.26;
3.4111;42.9494;7.26;
4.8281;59.139;7.26;
4.9447;36.9624;7.26;
5.379;-65.7517;7.26;
8.7972;62.9894;7.26;
10.1034;59.5138;7.26;
12.4939;34.9742;7.26;
12.8756;41.2319;7.26;
13.2734;57.2192;7.26;
13.5016;25.4883;7.26;
16.4643;4.9094;7.26;
16.4708;65.9711;7.26;
16.8383;43.5235;7.26;
16.9448;41.5133;7.26;
18.3605;-39.5401;7.26;
19.2908;2.0153;7.26;
20.4943;-69.7188;7.26;
21.9124;-71.7041;7.26;
26.186;75.8722;7.26;
28.9455;51.6881;7.26;
33.177;-66.1544;7.26;
34.1182;2.2381;7.26;
34.5473;48.1483;7.26;
35.2611;42.944;7.26;
35.454;0.97;7.26;
35.7204;68.7619;7.26;
35.9712;33.8578;7.26;
39.0054;13.7551;7.26;
40.8506;-34.0914;7.26;
42.5842;-6.8067;7.26;
42.7825;-57.1925;7.26;
47.7178;32.2265;7.26;
49.4334;38.6392;7.26;
50.4951;-15.4587;7.26;
51.2983;-29.8431;7.26;
59.8555;-20.3329;7.26;
60.481;-21.0207;7.26;
62.8622;40.9133;7.26;
68.102;0.9801;7.26;
68.291;-25.5599;7.26;
69.4965;-20.688;7.26;
70.2064;57.8796;7.26;
70.5572;2.99;7.26;
70.7707;33.9297;7.26;
71.3656;47.4764;7.26;
72.2943;-42.3848;7.26;
72.3167;29.5714;7.26;
72.6327;-27.1008;7.26;
73.1712;12.3847;7.26;
74.4481;67.7761;7.26;
75.7336;-49.7034;7.26;
77.3036;-48.9795;7.26;
81.4712;-35.3528;7.26;
82.2417;20.4418;7.26;
84.0465;44.3264;7.26;
84.4151;-28.6263;7.26;
84.858;42.6808;7.26;
85.5828;43.0596;7.26;
85.9588;47.7137;7.26;
88.1225;-2.2853;7.26;
89.7735;27.5618;7.26;
90.3222;9.0724;7.26;
91.7474;0.077;7.26;
94.3279;64.8318;7.26;
95.0789;54.2498;7.26;
98.5758;-4.9001;7.26;
98.9742;17.6925;7.26;
106.4699;-1.0205;7.26;
107.3777;-35.9909;7.26;
108.4692;48.4988;7.26;
108.4708;16.5803;7.26;
108.8757;9.4975;7.26;
108.882;51.4491;7.26;
109.0417;-54.0419;7.26;
109.8166;-49.978;7.26;
109.9825;33.6144;7.26;
111.6139;18.5169;7.26;
113.6169;-54.0652;7.26;
113.7973;23.0459;7.26;
115.5618;75.5642;7.26;
115.5771;-66.9038;7.26;
115.6276;-39.2013;7.26;
117.6083;-36.2419;7.26;
118.9217;-13.7324;7.26;
120.677;48.5925;7.26;
120.7106;-34.5457;7.26;
121.1244;9.2679;7.26;
122.3801;-52.5745;7.26;
122.8405;-36.801;7.26;
123.2005;11.1847;7.26;
123.2111;4.9285;7.26;
127.2881;12.552;7.26;
127.8959;34.9662;7.26;
128.0758;-5.1081;7.26;
129.9325;5.7643;7.26;
131.2958;43.6492;7.26;
133.5411;-32.1556;7.26;
133.8268;-38.3278;7.26;
139.0183;-8.3504;7.26;
140.2942;25.1632;7.26;
141.5173;-59.7441;7.26;
142.026;-10.0246;7.26;
142.3873;17.6519;7.26;
145.5884;25.5902;7.26;
145.7294;32.2648;7.26;
149.8015;-47.0923;7.26;
150.5692;-65.918;7.26;
152.0891;-19.7552;7.26;
152.7755;5.2522;7.26;
155.6825;15.3444;7.26;
161.4338;-59.4078;7.26;
161.5721;-26.7261;7.26;
161.6034;-13.4599;7.26;
166.4708;52.3267;7.26;
166.5552;-85.7488;7.26;
169.2168;-27.2395;7.26;
172.0973;-23.8267;7.26;
172.4072;-10.0627;7.26;
172.7145;-60.3181;7.26;
173.2075;18.0023;7.26;
173.5288;-59.6815;7.26;
178.1289;20.41;7.26;
179.3775;-38.4963;7.26;
187.9714;-20.9816;7.26;
188.5398;-18.1952;7.26;
189.1091;-67.171;7.26;
190.1696;-8.4485;7.26;
195.0095;80.8744;7.26;
196.4417;47.7782;7.26;
198.2079;-61.5451;7.26;
198.4247;29.8178;7.26;
199.9309;-67.3643;7.26;
201.3176;0.8497;7.26;
202.0168;70.1261;7.26;
202.338;-35.571;7.26;
205.6423;23.3187;7.26;
206.0256;55.635;7.26;
209.7258;24.6922;7.26;
210.9906;-9.7451;7.26;
211.6972;-62.3743;7.26;
212.0904;-33.0529;7.26;
214.3888;-26.9585;7.26;
214.7124;-58.6864;7.26;
216.1916;-63.7066;7.26;
216.3874;65.9878;7.26;
218.0541;4.1423;7.26;
220.3983;51.3974;7.26;
221.5649;9.6467;7.26;
221.5761;14.5103;7.26;
222.3488;-67.236;7.26;
222.8404;-59.5035;7.26;
223.2209;26.465;7.26;
224.6011;-37.3625;7.26;
225.1458;8.6002;7.26;
227.7229;29.2292;7.26;
228.1901;19.0952;7.26;
228.2467;-51.9728;7.26;
228.2515;49.7752;7.26;
235.8098;31.3846;7.26;
236.1259;3.37;7.26;
236.3652;-6.1453;7.26;
239.0504;10.2974;7.26;
239.5876;70.8944;7.26;
243.9994;11.4253;7.26;
249.8586;29.2182;7.26;
254.673;-61.7416;7.26;
255.8752;-24.2414;7.26;
258.0253;21.229;7.26;
260.2109;-45.4208;7.26;
260.4664;-77.1932;7.26;
262.8245;69.6;7.26;
263.6725;43.3972;7.26;
265.1806;-32.1557;7.26;
266.07;-17.4368;7.26;
268.3828;35.6724;7.26;
272.7556;51.7399;7.26;
272.9208;-2.7263;7.26;
273.0057;-8.731;7.26;
273.3621;26.244;7.26;
273.529;-38.412;7.26;
273.893;-5.4752;7.26;
275.3317;32.9396;7.26;
275.6655;83.3686;7.26;
276.2495;-18.5387;7.26;
277.6636;12.6112;7.26;
281.6801;63.2658;7.26;
283.8137;-14.6911;7.26;
284.9948;12.89;7.26;
287.1019;13.098;7.26;
287.3267;11.6268;7.26;
288.0494;-83.4837;7.26;
288.0942;73.8924;7.26;
288.1838;-33.8462;7.26;
288.6216;34.5643;7.26;
289.3271;49.8502;7.26;
289.3862;47.9524;7.26;
297.3654;-45.7479;7.26;
297.4448;-11.4088;7.26;
297.5105;-69.3392;7.26;
297.7303;49.7003;7.26;
298.0078;-10.3539;7.26;
299.3055;35.0314;7.26;
299.4868;60.8555;7.26;
301.8487;35.7183;7.26;
302.3874;33.6816;7.26;
302.5641;-79.1105;7.26;
303.5441;64.7653;7.26;
303.8067;54.1466;7.26;
304.7154;38.2796;7.26;
312.1565;30.7928;7.26;
312.3206;-30.1922;7.26;
312.9592;74.6391;7.26;
313.3566;-64.1973;7.26;
314.4525;55.4877;7.26;
316.5714;-48.5263;7.26;
321.32;70.4775;7.26;
322.1964;77.9352;7.26;
322.457;-37.6926;7.26;
325.4997;18.9388;7.26;
326.6933;37.658;7.26;
327.5517;25.5961;7.26;
327.7821;-72.1394;7.26;
330.1894;31.45;7.26;
330.7294;15.7825;7.26;
331.1312;-8.7173;7.26;
332.8112;27.7366;7.26;
332.8402;39.7116;7.26;
333.3495;53.1541;7.26;
334.7069;-68.3131;7.26;
340.2;-67.6886;7.26;
341.8676;-34.826;7.26;
343.1102;-45.9915;7.26;
343.1507;10.2203;7.26;
344.0448;56.4504;7.26;
345.8741;-38.4334;7.26;
346.3972;20.2409;7.26;
346.8584;58.9897;7.26;
348.9178;76.7873;7.26;
350.0111;64.8485;7.26;
352.5562;5.0128;7.26;
356.1354;-3.1754;7.26;
359.7215;39.1111;7.26;
2.04;31.379;7.27;
2.3668;1.244;7.27;
4.5862;-49.9056;7.27;
4.6275;26.1403;7.27;
6.1773;-53.984;7.27;
7.5683;64.749;7.27;
8.3851;-38.1134;7.27;
8.897;53.4889;7.27;
11.4968;-16.6526;7.27;
13.2824;30.3492;7.27;
20.8254;45.3329;7.27;
21.8355;29.771;7.27;
24.3859;-38.1348;7.27;
25.0293;-0.2423;7.27;
26.0587;54.8864;7.27;
27.7607;47.4195;7.27;
27.7887;38.0239;7.27;
31.1478;-65.1368;7.27;
32.0812;8.8501;7.27;
32.2698;-22.99;7.27;
33.5098;26.6269;7.27;
36.0691;39.8288;7.27;
37.118;53.0684;7.27;
37.3223;38.2252;7.27;
40.3757;-15.1007;7.27;
40.7806;-6.6425;7.27;
44.2901;-21.2476;7.27;
44.6901;13.6044;7.27;
46.3293;41.1208;7.27;
46.9881;-30.3138;7.27;
48.2266;-47.1552;7.27;
49.8297;39.0555;7.27;
49.9371;1.199;7.27;
51.6451;63.1951;7.27;
51.9824;47.7359;7.27;
53.0393;42.7493;7.27;
54.805;21.8433;7.27;
59.6834;68.0239;7.27;
59.9232;1.7948;7.27;
65.6169;-0.5519;7.27;
65.6414;32.4679;7.27;
67.6231;-43.4106;7.27;
69.7188;-8.2248;7.27;
72.7057;-0.095;7.27;
72.9135;-10.2903;7.27;
80.8777;18.6007;7.27;
80.8823;16.0405;7.27;
86.7446;-16.6462;7.27;
86.8642;-15.2522;7.27;
88.7257;-9.1811;7.27;
88.9593;36.9366;7.27;
89.9517;-6.5974;7.27;
90.5223;38.7202;7.27;
90.9923;2.8644;7.27;
92.92;-10.2508;7.27;
93.5764;14.4936;7.27;
100.8098;-21.8624;7.27;
101.2917;30.8259;7.27;
104.3991;-35.4665;7.27;
105.117;-22.645;7.27;
108.2206;-43.8852;7.27;
111.0514;-22.3625;7.27;
112.0484;45.9906;7.27;
112.6395;48.8794;7.27;
113.3899;-6.227;7.27;
113.651;48.1914;7.27;
114.7373;-20.2697;7.27;
114.8242;20.1485;7.27;
115.9729;15.2577;7.27;
116.6918;-46.8017;7.27;
117.3773;-39.0012;7.27;
119.7822;-38.051;7.27;
120.1207;-4.8798;7.27;
120.3762;23.9127;7.27;
120.5972;-51.4407;7.27;
121.5653;-40.0996;7.27;
122.0083;-13.5081;7.27;
123.9523;2.8014;7.27;
124.5209;-60.3139;7.27;
125.1708;25.3363;7.27;
128.1547;5.7176;7.27;
128.5537;-42.1025;7.27;
132.2514;38.3452;7.27;
132.3139;-15.5647;7.27;
136.2389;-10.1219;7.27;
136.3772;-50.2869;7.27;
138.2862;-53.5048;7.27;
138.7211;-8.7579;7.27;
138.8227;67.1388;7.27;
140.0044;-46.9504;7.27;
140.326;-42.8245;7.27;
142.0871;-49.6548;7.27;
142.7758;3.0798;7.27;
145.0704;-30.9217;7.27;
146.9178;-28.3798;7.27;
149.6274;-13.9416;7.27;
151.0741;-28.3788;7.27;
152.2778;-43.6951;7.27;
158.447;23.3507;7.27;
159.9693;-33.6128;7.27;
160.0315;46.8408;7.27;
161.387;-25.0261;7.27;
163.8563;-54.0796;7.27;
165.0086;-3.4713;7.27;
165.9716;-33.4445;7.27;
168.3021;-26.4651;7.27;
171.9365;37.9382;7.27;
173.3322;3.3625;7.27;
173.9201;17.8749;7.27;
175.0853;-69.6717;7.27;
181.6849;57.6006;7.27;
184.6151;8.065;7.27;
194.7382;-29.9985;7.27;
198.7978;84.7521;7.27;
199.9338;-11.673;7.27;
207.2789;79.9214;7.27;
208.6596;-55.7383;7.27;
211.9586;-0.056;7.27;
214.8575;-18.5236;7.27;
216.3755;20.5902;7.27;
218.1209;-51.9707;7.27;
220.6648;36.7568;7.27;
222.6458;12.7841;7.27;
227.99;36.7547;7.27;
229.3201;71.2112;7.27;
231.3727;45.9477;7.27;
233.2816;-25.8009;7.27;
240.5276;-0.8211;7.27;
246.3962;-23.4052;7.27;
246.7044;-71.7682;7.27;
247.6186;4.1782;7.27;
248.8589;17.1008;7.27;
249.9869;-47.7836;7.27;
255.2612;16.5935;7.27;
259.2263;-30.3514;7.27;
263.2751;-33.0578;7.27;
263.7589;13.1378;7.27;
264.4065;-40.8135;7.27;
270.0769;-39.2496;7.27;
272.1446;-75.1054;7.27;
273.2464;-39.1619;7.27;
277.7409;41.1065;7.27;
286.2328;19.2689;7.27;
288.324;14.9427;7.27;
289.4966;-47.0746;7.27;
290.8463;-65.5788;7.27;
291.3431;-24.4121;7.27;
292.7197;-6.5144;7.27;
294.9969;7.5672;7.27;
295.2838;13.1705;7.27;
297.7455;16.8577;7.27;
298.647;9.7674;7.27;
302.3539;-33.8743;7.27;
304.5417;-4.7287;7.27;
305.2551;-18.3239;7.27;
305.5572;69.5125;7.27;
306.0376;29.0022;7.27;
306.3867;54.6842;7.27;
310.341;72.9744;7.27;
310.8485;33.8687;7.27;
311.2399;-50.4879;7.27;
313.888;20.4011;7.27;
313.9486;-17.1142;7.27;
316.7181;-0.9634;7.27;
316.8488;47.2775;7.27;
318.3139;33.6931;7.27;
319.6549;8.9597;7.27;
320.8489;2.7663;7.27;
321.3333;29.4617;7.27;
323.223;40.4074;7.27;
323.8465;0.9755;7.27;
324.0555;50.6791;7.27;
338.9177;70.2429;7.27;
340.7258;37.4473;7.27;
340.897;32.8221;7.27;
342.9377;53.0285;7.27;
347.5239;49.9906;7.27;
350.5589;-43.1869;7.27;
353.3462;4.6393;7.27;
358.9352;-9.062;7.27;
10.7086;64.2913;7.28;
12.8537;32.6571;7.28;
13.1174;21.4099;7.28;
15.0553;47.3185;7.28;
16.009;-40.5306;7.28;
19.4622;-67.1105;7.28;
21.0984;36.8835;7.28;
23.7151;12.5586;7.28;
24.5673;-47.9348;7.28;
29.2843;-31.0844;7.28;
30.564;-49.4092;7.28;
30.7436;-53.036;7.28;
30.8966;-9.4608;7.28;
34.8695;2.8204;7.28;
36.4581;37.0137;7.28;
36.9787;73.7126;7.28;
39.258;42.0626;7.28;Buna
44.0174;6.175;7.28;
44.2552;-63.0349;7.28;
47.5858;45.9404;7.28;
48.3791;78.1909;7.28;
48.8725;-18.1749;7.28;
52.3569;-19.5544;7.28;
52.4661;49.2134;7.28;
52.5738;52.8948;7.28;
54.296;25.9911;7.28;
54.709;-8.507;7.28;
55.039;-1.8968;7.28;
57.1648;51.376;7.28;
61.0093;-4.6005;7.28;
62.9754;63.0409;7.28;
63.4329;39.6803;7.28;
72.7215;37.7605;7.28;
75.3682;44.398;7.28;
77.5055;75.6818;7.28;
78.0966;67.6794;7.28;
79.5641;28.78;7.28;
81.4128;-13.1323;7.28;
81.5175;-10.7577;7.28;
85.6253;10.5385;7.28;
87.2789;25.6506;7.28;
87.3033;21.136;7.28;
88.3787;-16.265;7.28;
92.4147;-41.9804;7.28;
93.0311;-26.0499;7.28;
93.2465;-28.4636;7.28;
93.4207;-66.68;7.28;
94.7832;-1.367;7.28;
94.9957;28.4268;7.28;
97.9419;6.7855;7.28;
98.0632;-7.408;7.28;
98.1779;3.8145;7.28;
99.471;2.2694;7.28;
100.0087;19.6578;7.28;
100.6566;-3.8357;7.28;
100.7752;-29.2373;7.28;
101.3107;13.3359;7.28;
102.0905;41.3023;7.28;
103.0506;-5.6454;7.28;
104.7499;-47.0233;7.28;
105.488;-17.6443;7.28;
105.5768;12.5817;7.28;
106.011;51.2859;7.28;
107.329;30.1477;7.28;
108.7011;-15.4761;7.28;
109.315;26.3637;7.28;
111.0373;21.4578;7.28;
112.1712;-21.8047;7.28;
112.8063;2.1703;7.28;
113.2462;-6.8662;7.28;
114.2116;-45.4313;7.28;
115.0157;-82.5815;7.28;
115.7166;-71.5419;7.28;
117.4117;-55.079;7.28;
119.4754;-20.4287;7.28;
119.7098;-47.6829;7.28;
120.3856;41.3871;7.28;
120.4354;-8.5932;7.28;
121.2538;10.5;7.28;
122.9559;13.4456;7.28;
123.7481;16.0786;7.28;
123.8351;60.0171;7.28;
125.3149;-8.0579;7.28;
125.4883;14.7681;7.28;
127.4289;-67.1398;7.28;
128.2693;67.2929;7.28;
129.1904;-52.5164;7.28;
129.8287;-39.7993;7.28;
130.7585;60.9301;7.28;
135.1753;-38.4195;7.28;
135.9938;-36.739;7.28;
138.6933;-35.962;7.28;
139.1074;-19.4589;7.28;
141.2499;-17.2187;7.28;
143.8087;60.8918;7.28;
146.7589;7.091;7.28;
156.0265;-4.9274;7.28;
157.8832;46.8742;7.28;
161.0026;46.2067;7.28;
164.1686;-50.6078;7.28;
165.2655;0.047;7.28;
165.6113;-21.4112;7.28;
166.5392;7.1398;7.28;
169.0007;-47.3058;7.28;
174.5871;-33.6057;7.28;
175.5306;4.7473;7.28;
177.4989;-40.2763;7.28;
181.5685;-22.7963;7.28;
183.1901;51.94;7.28;
183.8152;47.1155;7.28;
184.2085;56.2815;7.28;
184.9806;5.6716;7.28;
187.4451;14.6502;7.28;
188.5142;46.7477;7.28;
188.5683;80.2506;7.28;
188.9472;39.6837;7.28;
188.9712;45.781;7.28;
193.8971;56.1966;7.28;
198.8841;3.049;7.28;
198.9016;28.742;7.28;
198.9749;-12.3501;7.28;
200.3436;14.1489;7.28;
205.682;-43.1857;7.28;
205.9662;-45.4373;7.28;
209.367;-57.7111;7.28;
211.8077;-16.1905;7.28;
212.4375;31.2565;7.28;
213.4424;-36.6211;7.28;
214.4304;-76.0883;7.28;
216.8759;14.7543;7.28;
217.8256;-47.0721;7.28;
224.0826;-16.8007;7.28;
224.2685;5.4308;7.28;
227.1262;-66.4758;7.28;
229.4184;-0.9849;7.28;
229.4217;-5.2024;7.28;
233.1793;-57.4078;7.28;
234.1112;-44.0104;7.28;
234.6618;55.8991;7.28;
234.7274;57.4618;7.28;
235.9881;-16.8692;7.28;
237.3198;56.2364;7.28;
241.1726;-1.1601;7.28;
243.569;-10.4145;7.28;
244.505;6.0786;7.28;
244.7611;-49.4064;7.28;
245.0716;-74.3059;7.28;
246.9428;-81.9614;7.28;
248.0043;-9.6961;7.28;
249.3757;43.5647;7.28;
249.9305;-50.2128;7.28;
252.3957;-21.8523;7.28;
252.517;26.2091;7.28;
253.9076;-39.505;7.28;
255.2752;-42.0718;7.28;
255.3796;58.5563;7.28;
256.786;9.0089;7.28;
257.3942;33.3559;7.28;
260.7904;-25.0975;7.28;
263.5383;60.0894;7.28;
264.0175;11.3126;7.28;
264.2092;10.5745;7.28;
264.5991;-74.9115;7.28;
267.0006;9.7821;7.28;
269.2119;-39.9327;7.28;
273.1221;-39.3423;7.28;
273.9269;-3.3576;7.28;
275.5992;-1.2023;7.28;
279.6105;-23.103;7.28;
280.0876;33.6845;7.28;
280.8104;19.4665;7.28;
281.1473;64.8101;7.28;
281.6931;-14.4654;7.28;
282.6668;39.3402;7.28;
282.8618;39.3206;7.28;
283.7182;31.1472;7.28;
284.036;-29.4767;7.28;
284.2713;32.0008;7.28;
286.64;6.8905;7.28;
292.819;-25.7371;7.28;
292.8525;-21.0401;7.28;
295.9286;-44.1337;7.28;
297.2804;-61.815;7.28;
299.227;8.4475;7.28;
299.2439;75.7138;7.28;
300.9672;23.3407;7.28;
301.2867;-63.0616;7.28;
301.8606;36.5678;7.28;
302.6061;-19.3835;7.28;
303.6899;47.4406;7.28;
304.4861;-8.0661;7.28;
307.7997;11.2593;7.28;
308.5671;43.361;7.28;
308.7275;-41.987;7.28;
309.1272;-45.5579;7.28;
309.3458;42.9912;7.28;
309.5388;-30.978;7.28;
311.9112;6.976;7.28;
313.5046;-24.2806;7.28;
314.1052;14.8163;7.28;
315.0448;19.9614;7.28;
315.2668;1.0349;7.28;
318.1212;33.2393;7.28;
320.9447;1.6811;7.28;
321.794;6.9113;7.28;
323.5443;63.7512;7.28;
323.9687;23.9648;7.28;
324.4847;-17.2097;7.28;
325.2924;47.5452;7.28;
329.4139;20.3024;7.28;
331.2808;51.7003;7.28;
334.8934;-16.7044;7.28;
335.2403;66.9652;7.28;
335.6429;6.4733;7.28;
336.2138;8.7366;7.28;
337.3768;70.4358;7.28;
340.0113;-19.1979;7.28;
345.3536;-14.2719;7.28;
346.8965;80.5694;7.28;
348.8305;-24.8518;7.28;
348.9692;-13.1839;7.28;
349.5637;27.6003;7.28;
349.9226;23.8253;7.28;
350.5585;23.5517;7.28;
352.0556;-56.4366;7.28;
353.746;31.8355;7.28;
356.6404;64.3013;7.28;
358.2498;11.9243;7.28;
358.8862;59.4155;7.28;
359.9421;-50.9993;7.28;
0.6742;82.9732;7.29;
6.7789;-9.873;7.29;
7.3836;10.3872;7.29;
8.4014;-26.0918;7.29;
19.795;76.7966;7.29;
20.0526;-60.0743;7.29;
22.0111;-20.4337;7.29;
22.464;60.2513;7.29;
24.7839;-48.7755;7.29;
25.6493;10.2446;7.29;
29.9137;60.0077;7.29;
33.8308;39.1693;7.29;
33.931;-52.2067;7.29;
34.3062;1.8604;7.29;
35.2495;55.408;7.29;
37.7969;-67.9679;7.29;
40.9124;17.5485;7.29;
41.9115;53.9433;7.29;
43.0276;65.6352;7.29;
46.0344;-47.8568;7.29;
46.0633;21.4729;7.29;
47.2185;-24.8876;7.29;
47.6498;0.2125;7.29;
48.0397;37.2178;7.29;
50.0986;51.6184;7.29;
51.2692;10.9765;7.29;
53.1663;35.6593;7.29;
53.2823;35.3989;7.29;
55.3931;-14.2993;7.29;
55.9015;-2.0778;7.29;
57.5144;22.5916;7.29;
60.3378;56.0398;7.29;
60.7899;37.1212;7.29;
63.1811;5.0309;7.29;
69.0188;-45.1364;7.29;
70.4013;42.1185;7.29;
72.7023;16.2105;7.29;
74.9026;25.9359;7.29;
75.1387;36.6274;7.29;
78.1504;-14.9511;7.29;
80.2281;40.8849;7.29;
80.9161;64.1248;7.29;
83.6198;-10.501;7.29;
87.0907;-34.9365;7.29;
87.1176;4.7039;7.29;
87.1202;17.4335;7.29;
92.01;21.2954;7.29;
92.4865;9.4678;7.29;
94.2762;15.8506;7.29;
94.4001;39.8584;7.29;
95.3986;19.8921;7.29;
95.446;2.3424;7.29;
98.0388;4.8235;7.29;
100.6677;47.7355;7.29;
100.7913;-28.3528;7.29;
101.4963;38.9702;7.29;
102.8121;15.0765;7.29;
102.9012;2.651;7.29;
103.5783;-6.3892;7.29;
105.1726;-20.6755;7.29;
106.2468;30.3623;7.29;
108.5432;-46.3259;7.29;
109.008;64.781;7.29;
111.5306;-18.1215;7.29;
113.801;-17.5482;7.29;
115.0417;-45.3493;7.29;
117.6316;14.8416;7.29;
122.3536;24.8261;7.29;
124.0524;-35.8822;7.29;
124.42;9.1647;7.29;
125.3764;-20.7945;7.29;
127.2077;-16.0632;7.29;
128.0474;12.8028;7.29;
129.3103;77.0468;7.29;
129.3284;-40.6914;7.29;
131.5597;27.5948;7.29;
131.6514;-29.7281;7.29;
133.7393;52.7946;7.29;
135.4891;-8.3742;7.29;
136.1654;3.5411;7.29;
137.0523;11.9482;7.29;
137.1052;-15.1448;7.29;
143.5986;71.088;7.29;
146.5042;-59.0463;7.29;
149.3905;16.4591;7.29;
151.3056;50.5512;7.29;
151.4544;35.0024;7.29;
151.5364;-20.9487;7.29;
154.068;-16.1421;7.29;
158.7969;84.3993;7.29;
164.9056;-62.4842;7.29;
165.0106;22.0261;7.29;
166.243;-48.1972;7.29;
166.6708;56.0916;7.29;
168.4209;-22.9987;7.29;
168.6346;-42.853;7.29;
169.5917;-5.0673;7.29;
173.5294;65.2425;7.29;
175.2121;-9.9174;7.29;
178.9188;67.2649;7.29;
179.0636;28.8585;7.29;
184.2154;-26.5985;7.29;
191.3223;-3.8881;7.29;
191.5956;-18.2199;7.29;
192.9783;19.1722;7.29;
193.3892;-43.0751;7.29;
196.1004;-28.4067;7.29;
196.5563;40.9225;7.29;
200.6082;20.6968;7.29;
201.4397;56.9705;7.29;
203.636;-38.9072;7.29;
205.9012;-57.59;7.29;
206.919;-50.1251;7.29;
207.5858;21.2556;7.29;
210.0841;2.6746;7.29;
214.2699;-66.3161;7.29;
214.4657;-63.4134;7.29;
215.2822;67.8029;7.29;
217.3474;-50.1086;7.29;
219.7327;79.7874;7.29;
219.9111;-64.7137;7.29;
220.8379;53.7939;7.29;
221.4709;-17.6984;7.29;
225.9554;26.0387;7.29;
229.9182;-24.27;7.29;
230.8586;-6.6105;7.29;
235.3878;-29.2995;7.29;
239.307;-27.6426;7.29;
241.9544;12.3735;7.29;
242.2124;-61.8006;7.29;
244.8813;-30.9019;7.29;
245.6958;-62.5693;7.29;
246.6044;15.0943;7.29;
248.0163;3.3621;7.29;
249.2152;7.1072;7.29;
250.2691;36.2012;7.29;
259.8387;-2.7492;7.29;
263.7948;24.3494;7.29;
264.1241;68.4889;7.29;
265.5552;38.0706;7.29;
271.2034;42.9578;7.29;
271.5573;-27.4927;7.29;
272.4193;50.4021;7.29;
273.3721;43.3317;7.29;
274.2254;49.0946;7.29;
274.9477;-66.6551;7.29;
277.9599;-15.1827;7.29;
279.5825;-32.6858;7.29;
279.6657;30.452;7.29;
281.9934;-18.2287;7.29;
285.2503;-33.2317;7.29;
287.3919;11.1151;7.29;
288.3015;-40.7414;7.29;
290.1933;72.1018;7.29;
290.4341;-26.1664;7.29;
292.5928;16.7111;7.29;
292.9016;26.9866;7.29;
294.3841;54.9578;7.29;
294.6596;23.0423;7.29;
296.2903;-3.0355;7.29;
296.5738;79.4602;7.29;
299.0324;33.0746;7.29;
299.4652;38.1211;7.29;
299.4769;28.8742;7.29;
300.0294;32.7897;7.29;
301.484;35.6721;7.29;
302.7711;32.2869;7.29;
302.9611;26.8959;7.29;
303.0768;16.2171;7.29;
303.5671;31.9978;7.29;
303.9047;7.809;7.29;
304.2355;16.7661;7.29;
308.5681;19.5306;7.29;
312.8789;37.9895;7.29;
313.0671;-19.6436;7.29;
313.9409;-44.5758;7.29;
316.1494;60.2566;7.29;
316.8447;-27.2916;7.29;
318.4056;-6.4659;7.29;
318.9541;-9.1209;7.29;
320.728;38.7085;7.29;
322.5251;35.4724;7.29;
329.3246;50.4895;7.29;
331.6025;25.1514;7.29;
334.6569;52.656;7.29;
334.9749;25.724;7.29;
336.4694;53.9446;7.29;
336.5284;-5.1779;7.29;
337.6686;4.3317;7.29;
339.4824;29.9238;7.29;
345.0362;-51.7013;7.29;
345.4532;50.8501;7.29;
347.5887;49.0183;7.29;
347.7431;31.1508;7.29;
353.6433;34.3561;7.29;
353.9244;-15.2991;7.29;
354.9232;-22.5334;7.29;
5.6424;-61.0349;7.3;
7.226;57.2097;7.3;
10.1068;70.7082;7.3;
14.4824;52.1368;7.3;
16.2662;-13.7596;7.3;
16.4246;4.1985;7.3;
17.6346;64.1746;7.3;
17.7177;49.1644;7.3;
18.2246;51.6023;7.3;
18.3233;62.8289;7.3;
19.6057;-23.0132;7.3;
20.5479;31.706;7.3;
20.7365;7.4193;7.3;
22.973;-27.7031;7.3;
26.1612;36.9383;7.3;
29.829;24.829;7.3;
29.8992;-65.4482;7.3;
30.9802;-45.4129;7.3;
31.7332;26.3234;7.3;
32.4167;4.2328;7.3;
33.1733;-2.2281;7.3;
33.9656;-69.432;7.3;
34.239;-6.5783;7.3;
38.4607;-29.9332;7.3;
45.033;-41.874;7.3;
47.1048;10.7959;7.3;
47.8488;38.0694;7.3;
48.3646;74.2964;7.3;
50.2245;68.457;7.3;
51.7238;43.6557;7.3;
53.18;-61.3941;7.3;
54.2879;-29.8301;7.3;
61.3797;14.2863;7.3;
61.5954;14.4022;7.3;
62.1615;53.3609;7.3;
63.4158;-58.0219;7.3;
63.5846;69.5067;7.3;
66.1036;34.3148;7.3;
66.6919;-6.8824;7.3;
69.7334;-25.706;7.3;
75.9094;37.2685;7.3;
76.6795;14.0848;7.3;
76.7309;-5.1656;7.3;
76.8778;55.5401;7.3;
77.6376;5.315;7.3;
79.6318;21.7924;7.3;
83.5094;79.8527;7.3;
83.6685;-48.9476;7.3;
83.7318;65.0485;7.3;
85.2403;-3.8432;7.3;
87.0434;-8.3836;7.3;
88.7437;17.4019;7.3;
89.1331;-33.4345;7.3;
89.5313;59.3935;7.3;
91.1402;45.5862;7.3;
91.16;46.5851;7.3;
93.6833;-4.4489;7.3;
93.8531;25.3337;7.3;
94.9154;-26.9842;7.3;
95.9734;-4.7289;7.3;
98.1526;-44.2209;7.3;
98.6742;38.5401;7.3;
98.8215;-4.7899;7.3;
102.3389;43.7591;7.3;
102.7795;-47.326;7.3;
104.3807;-43.7886;7.3;
104.5275;14.2287;7.3;
105.8735;-55.9482;7.3;
106.4254;-12.8118;7.3;
106.6976;-67.0162;7.3;
107.5022;-28.7482;7.3;
108.1929;21.3525;7.3;
108.6754;-23.4894;7.3;
108.7002;52.5456;7.3;
109.6504;0.2787;7.3;
110.6493;62.866;7.3;
113.6132;-42.399;7.3;
113.6333;12.3047;7.3;
115.2546;-47.8311;7.3;
115.7093;1.6095;7.3;
116.0402;14.1732;7.3;
117.986;-9.6558;7.3;
119.6453;43.5039;7.3;
119.8545;34.6799;7.3;
120.6779;14.9493;7.3;
121.7865;-36.3814;7.3;
122.4157;35.7024;7.3;
122.9031;16.2177;7.3;
126.4418;-0.4118;7.3;
127.0607;0.2439;7.3;
130.5524;-32.2313;7.3;
131.0169;-4.2022;7.3;
134.6953;66.0014;7.3;
135.6368;25.8554;7.3;
135.6483;-42.7074;7.3;
137.0267;14.0425;7.3;
137.5323;-65.4895;7.3;
138.5342;-68.9174;7.3;
145.7571;-79.5916;7.3;
146.5227;39.8381;7.3;
146.5604;-14.59;7.3;
154.2537;47.3084;7.3;
158.4602;20.3041;7.3;
159.0734;-47.8499;7.3;
161.7262;43.0268;7.3;
166.5484;-68.7819;7.3;
170.0022;-59.1881;7.3;
171.4406;26.7472;7.3;
178.5471;-30.9071;7.3;
180.0727;-36.2854;7.3;
182.8838;34.2587;7.3;
183.1754;-2.4727;7.3;
188.3172;-50.6505;7.3;
188.7956;36.4254;7.3;
190.1393;75.9058;7.3;
190.6317;56.9988;7.3;
197.0043;-56.3848;7.3;
198.0823;17.5171;7.3;
198.4706;25.6983;7.3;
198.762;4.5175;7.3;
200.1071;17.5806;7.3;
202.4247;-46.1836;7.3;
203.7075;-50.7923;7.3;
207.3148;85.7478;7.3;
207.6355;-7.5986;7.3;
209.2662;62.7923;7.3;
213.1303;-2.9721;7.3;
213.495;45.4241;7.3;
214.7877;-55.8823;7.3;
217.2398;20.7677;7.3;
223.829;-46.6313;7.3;
224.7722;-47.9576;7.3;
226.8929;6.2693;7.3;
229.5663;58.794;7.3;
230.6347;34.2294;7.3;
231.0005;8.9058;7.3;
231.1637;-25.667;7.3;
232.3483;80.4503;7.3;
235.4392;-6.4444;7.3;
236.8452;44.5988;7.3;
237.307;-52.2158;7.3;
237.9086;-18.9395;7.3;
239.3122;3.4053;7.3;
242.1125;-77.2388;7.3;
247.0052;51.5921;7.3;
248.1381;40.1134;7.3;
256.1152;-24.2403;7.3;
257.5681;-75.3765;7.3;
258.061;-53.3761;7.3;
263.0566;46.3305;7.3;
264.9868;56.8703;7.3;
265.2092;-49.9583;7.3;
265.4301;24.5728;7.3;
266.4119;-50.7819;7.3;
268.134;27.1937;7.3;
269.2734;-65.1135;7.3;
269.5389;-81.4534;7.3;
270.4904;47.885;7.3;
271.4993;84.6559;7.3;
275.5126;-22.9217;7.3;
275.5422;-22.2388;7.3;
289.0362;26.8686;7.3;
290.1972;-38.7463;7.3;
290.4129;25.5748;7.3;
290.6942;30.2711;7.3;
295.0231;55.9075;7.3;
300.7532;28.3069;7.3;
305.2592;-50.0172;7.3;
305.3736;-10.1442;7.3;
306.1614;55.443;7.3;
309.5988;-44.5248;7.3;
310.3038;-13.5003;7.3;
315.0275;48.6794;7.3;
319.7574;29.7431;7.3;
322.9792;5.2932;7.3;
323.1352;4.8733;7.3;
326.3383;26.9995;7.3;
327.5224;31.8479;7.3;
329.4241;10.4404;7.3;
330.5956;55.9461;7.3;
332.109;-16.543;7.3;
334.0027;11.7599;7.3;
334.6203;-23.3311;7.3;
335.3008;-74.9676;7.3;
336.1142;35.4331;7.3;
336.2863;77.4323;7.3;
338.1924;3.0051;7.3;
339.3298;69.2086;7.3;
343.3775;-39.4199;7.3;
343.4103;78.9019;7.3;
344.472;-37.935;7.3;
345.6558;59.6051;7.3;
346.4729;-10.4379;7.3;
350.156;-75.6328;7.3;
351.643;-6.6077;7.3;
351.7553;-22.7234;7.3;
352.8564;49.5079;7.3;
354.4547;3.3702;7.3;
356.7134;-55.8095;7.3;
358.5812;3.6779;7.3;
358.9534;-13.9666;7.3;
0.1352;-40.6905;7.31;
1.604;-18.0383;7.31;
2.2177;0.6925;7.31;
4.8255;73.1226;7.31;
5.7631;44.5252;7.31;
9.0843;44.6389;7.31;
16.5241;3.2747;7.31;
17.2328;9.7305;7.31;
17.8122;46.6298;7.31;
19.8351;-53.6364;7.31;
25.3552;9.073;7.31;
26.0484;61.8498;7.31;
28.6427;68.1512;7.31;
29.003;43.0609;7.31;
29.6936;36.6028;7.31;
29.7274;-21.1327;7.31;
31.4224;-71.6067;7.31;
32.7268;23.7991;7.31;
38.878;63.2432;7.31;
45.2228;15.0312;7.31;
47.8821;60.6351;7.31;
49.7909;-65.728;7.31;
50.1117;24.5432;7.31;
51.3497;31.7311;7.31;
51.9382;83.5283;7.31;
52.7881;39.1477;7.31;
53.0641;-7.0901;7.31;
60.1543;13.8922;7.31;
71.5316;84.0298;7.31;
72.3349;-42.4137;7.31;
72.6849;-18.9001;7.31;
74.1979;16.7343;7.31;
76.2443;41.8804;7.31;
76.4552;35.8461;7.31;
76.686;-59.8778;7.31;
78.8173;-52.6653;7.31;
79.4207;7.3533;7.31;
80.3403;-14.5554;7.31;
80.4807;39.573;7.31;
81.3296;-34.8474;7.31;
83.832;43.2394;7.31;
85.6199;18.9876;7.31;
87.3021;-19.3999;7.31;
87.967;19.5214;7.31;
88.6527;11.4855;7.31;
89.6477;-21.5439;7.31;
93.7282;-71.656;7.31;
93.757;-29.3654;7.31;
95.2241;-79.0667;7.31;
96.4122;-4.8323;7.31;
96.4582;-38.9356;7.31;
96.9097;48.7769;7.31;
101.5863;50.3804;7.31;
101.6369;9.2042;7.31;
101.8302;18.3228;7.31;
102.0658;-57.6558;7.31;
106.0095;5.132;7.31;
106.0397;18.6688;7.31;
106.7618;-25.7809;7.31;
107.2863;19.5466;7.31;
110.257;-50.8542;7.31;
112.8003;76.9546;7.31;
116.5379;-51.5507;7.31;
116.6828;-48.1121;7.31;
117.1482;-22.0092;7.31;
117.6276;-3.5977;7.31;
117.7368;-59.6462;7.31;
118.7056;18.1002;7.31;
119.286;-33.2499;7.31;
125.3672;21.9093;7.31;
126.584;2.49;7.31;
127.1821;-60.1226;7.31;
128.6487;-44.2703;7.31;
132.051;2.5801;7.31;
132.1092;-2.5209;7.31;
134.2815;-43.2562;7.31;
136.6618;-43.492;7.31;
138.3453;5.8155;7.31;
138.7573;-20.1203;7.31;
140.8157;3.5014;7.31;
141.4959;-56.0894;7.31;
143.1348;7.0634;7.31;
144.915;3.1953;7.31;
145.2162;75.4305;7.31;
146.5731;-22.6526;7.31;
148.7205;-86.9103;7.31;
149.6871;6.1147;7.31;
150.9124;-60.1998;7.31;
151.2686;7.9909;7.31;
153.7761;-67.2857;7.31;
154.4172;-21.5889;7.31;
155.0217;-39.7025;7.31;
155.5142;-0.7515;7.31;
156.6884;13.6264;7.31;
158.8556;-5.3618;7.31;
160.4986;-63.5073;7.31;
160.7022;-2.1838;7.31;
163.421;-51.4992;7.31;
166.6465;1.8803;7.31;
166.8053;10.2122;7.31;
167.7154;21.3356;7.31;
168.6266;85.6401;7.31;
169.5825;-48.7874;7.31;
172.8274;59.7009;7.31;
175.6088;-63.1424;7.31;
177.3136;-6.8949;7.31;
179.3579;-61.1234;7.31;
181.247;76.7622;7.31;
181.8864;-45.5812;7.31;
183.9579;-13.8167;7.31;
184.5569;-20.8404;7.31;
185.2641;25.0317;7.31;
187.7905;-19.5942;7.31;
188.0185;-1.7724;7.31;
192.6192;-13.0347;7.31;
196.4448;39.6044;7.31;
196.7346;-34.1219;7.31;
197.281;3.1445;7.31;
200.3844;38.8804;7.31;
202.0062;-61.0625;7.31;
202.0685;2.2359;7.31;
202.0989;-55.7799;7.31;
208.8654;69.9351;7.31;
213.8599;27.7341;7.31;
216.1494;-14.0815;7.31;
216.8391;-14.8388;7.31;
221.4332;-69.6192;7.31;
226.1168;-8.0469;7.31;
226.6162;3.0091;7.31;
228.2545;-37.2467;7.31;
229.3837;-10.5006;7.31;
229.408;69.1548;7.31;
233.8171;-25.7342;7.31;
234.0543;-72.8393;7.31;
236.5572;6.1112;7.31;
238.0023;15.2359;7.31;
240.7794;-19.8407;7.31;
249.1656;-77.3455;7.31;
255.3062;-7.0281;7.31;
256.3477;3.4386;7.31;
259.8123;79.3054;7.31;
261.3679;-66.3901;7.31;
268.6847;-55.8984;7.31;
269.8072;64.1426;7.31;
271.1407;63.7962;7.31;
271.167;3.7791;7.31;
273.611;-47.9544;7.31;
274.4516;40.3035;7.31;
279.9852;-11.1072;7.31;
280.2645;44.2711;7.31;
282.6293;42.9121;7.31;
283.5381;-47.2632;7.31;
283.5949;-24.769;7.31;
283.6207;10.6325;7.31;
285.9817;34.1512;7.31;
292.8562;11.6279;7.31;
293.3211;20.4141;7.31;
293.656;18.1281;7.31;
294.3893;-0.1293;7.31;
294.4726;1.4993;7.31;
297.809;-72.7952;7.31;
306.9032;42.0354;7.31;
307.2745;35.8312;7.31;
307.5304;19.4301;7.31;
308.8103;44.4091;7.31;
310.6142;-2.3269;7.31;
310.7311;49.0528;7.31;
312.0908;-22.7407;7.31;
313.0149;34.6576;7.31;
313.3098;-36.5139;7.31;
313.4219;61.776;7.31;
316.0308;2.9945;7.31;
318.3191;16.919;7.31;
318.3755;-5.9115;7.31;
319.1436;-0.6217;7.31;
322.2996;11.9529;7.31;
322.6084;-25.1933;7.31;
326.9158;59.7004;7.31;
330.8533;5.4407;7.31;
330.998;28.3484;7.31;
332.5093;23.1259;7.31;
332.7477;49.0477;7.31;
336.8358;63.9563;7.31;
341.5969;-75.4222;7.31;
343.6843;7.2575;7.31;
344.5267;21.5132;7.31;
349.9194;-15.7823;7.31;
350.314;-6.1925;7.31;
352.8491;59.4625;7.31;
354.9531;75.7515;7.31;
356.7117;-8.8969;7.31;
359.4468;57.1397;7.31;
2.9602;66.1263;7.32;
3.3356;49.7234;7.32;
3.5427;-7.1991;7.32;
7.8545;38.9806;7.32;
8.0924;-24.6462;7.32;
8.9588;16.5695;7.32;
17.6792;-4.8422;7.32;
19.0184;61.9074;7.32;
22.8314;29.4131;7.32;
24.6039;-83.2478;7.32;
29.806;-15.1223;7.32;
32.4098;42.8581;7.32;
33.0169;-17.7285;7.32;
34.6511;40.2788;7.32;
35.4572;-14.2845;7.32;
35.5767;-16.5072;7.32;
39.9141;-20.4281;7.32;
43.6618;-5.3308;7.32;
49.2375;23.1268;7.32;
52.2385;40.1865;7.32;
52.8153;41.7265;7.32;
52.9223;78.0145;7.32;
54.019;46.5845;7.32;
56.0685;-54.4778;7.32;
57.981;-11.9681;7.32;
58.1744;65.5316;7.32;
63.9822;31.6931;7.32;
66.9921;-17.841;7.32;
67.5576;-38.9889;7.32;
67.7238;-36.8762;7.32;
69.1446;19.76;7.32;
72.1643;3.6493;7.32;
73.0871;-7.7093;7.32;
73.3666;-72.7648;7.32;
74.059;3.1758;7.32;
74.2471;3.2861;7.32;
75.6856;3.4577;7.32;
76.1519;-14.9474;7.32;
76.4784;50.046;7.32;
76.6487;-77.5675;7.32;
77.0015;-20.1213;7.32;
78.0917;-51.5501;7.32;
81.1844;63.3865;7.32;
82.1986;-24.2611;7.32;
83.5;15.5845;7.32;
84.3728;44.5897;7.32;
85.909;55.3289;7.32;
88.7173;36.2486;7.32;
90.0742;-44.0058;7.32;
90.854;-21.7904;7.32;
92.9228;7.7786;7.32;
93.5524;3.9023;7.32;
93.9145;-66.2923;7.32;
94.8137;-24.9749;7.32;
96.1351;4.1866;7.32;
98.7133;-19.6467;7.32;
98.7508;-35.0493;7.32;
99.2612;-41.2499;7.32;
100.9048;-37.7738;7.32;
101.1848;-19.053;7.32;
101.7552;80.2423;7.32;
102.3139;22.3108;7.32;
103.8001;-15.7035;7.32;
104.6329;19.222;7.32;
105.5107;-57.3158;7.32;
105.8485;0.344;7.32;
106.7473;-5.4716;7.32;
108.6424;-25.3024;7.32;
109.2021;24.5363;7.32;
112.3214;-34.1714;7.32;
112.4733;-14.3582;7.32;
113.9074;-75.5442;7.32;
114.5363;-16.0443;7.32;
114.8635;-11.564;7.32;
115.1271;-33.4262;7.32;
115.9029;-1.3482;7.32;
115.9127;-41.4677;7.32;
116.8429;33.5643;7.32;
119.0113;23.6927;7.32;
121.5584;1.1774;7.32;
121.6097;-2.3938;7.32;
122.1852;-60.6258;7.32;
122.3192;-15.5702;7.32;
122.567;-49.0349;7.32;
123.3258;-36.3417;7.32;
123.3999;10.3807;7.32;
123.6332;10.1883;7.32;
124.3712;-26.302;7.32;
125.9249;-30.3921;7.32;
126.9436;-24.8915;7.32;
127.7747;-39.061;7.32;
128.6319;-0.7261;7.32;
132.1127;-58.2269;7.32;
134.1643;33.2578;7.32;
134.2991;50.7417;7.32;
136.4874;-36.0959;7.32;
136.8244;-38.8176;7.32;
137.0301;-37.3589;7.32;
139.3301;23.6527;7.32;
141.216;-15.6385;7.32;
142.8957;20.2707;7.32;
143.7383;-34.3674;7.32;
144.753;58.5482;7.32;
145.2924;-36.0286;7.32;
147.1885;-35.0202;7.32;
148.5756;-42.9171;7.32;
151.3013;-3.5174;7.32;
151.3069;-79.0622;7.32;
154.3895;-23.8763;7.32;
155.2016;-42.8724;7.32;
155.8366;78.3427;7.32;
157.1098;15.7558;7.32;
158.3196;-55.3807;7.32;
161.5527;-61.9417;7.32;
162.2704;-30.7507;7.32;
163.2548;-63.0878;7.32;
164.0896;23.2506;7.32;
164.1019;-57.5513;7.32;
164.8374;79.6759;7.32;
164.8927;-43.5016;7.32;
165.6302;-9.9949;7.32;
166.626;-13.4175;7.32;
166.9008;13.8588;7.32;
167.149;36.0108;7.32;
169.8599;-28.4757;7.32;
169.9242;-52.4919;7.32;
170.2365;51.7612;7.32;
171.4797;52.132;7.32;
171.8724;-39.8765;7.32;
174.2873;85.6173;7.32;
174.5413;-63.1968;7.32;
174.708;39.1726;7.32;
175.0287;-61.1857;7.32;
175.946;-21.0383;7.32;
176.2558;-0.5178;7.32;
176.8592;-31.2548;7.32;
177.7614;-13.3233;7.32;
178.6664;48.9331;7.32;
186.7607;-61.3852;7.32;
186.9173;-24.7273;7.32;
187.3796;-66.8605;7.32;
189.8611;73.0015;7.32;
192.5855;6.2272;7.32;
200.3791;63.9504;7.32;
202.9164;-2.3174;7.32;
209.5071;7.4633;7.32;
210.1745;-41.8755;7.32;
212.7377;-5.9739;7.32;
216.0015;-19.8009;7.32;
217.6102;-40.4761;7.32;
218.6837;-35.4635;7.32;
220.8045;1.8247;7.32;
221.3737;42.3825;7.32;
221.7605;59.7103;7.32;
224.3467;25.3237;7.32;
225.1872;-59.8118;7.32;
227.8361;-11.4715;7.32;
230.1335;81.0432;7.32;
231.0877;-0.5441;7.32;
233.4627;63.9071;7.32;
236.0248;24.4604;7.32;
238.1777;-54.2417;7.32;
241.857;13.3365;7.32;
243.2965;-15.117;7.32;
245.4119;70.4976;7.32;
245.5804;3.085;7.32;
246.8911;47.3417;7.32;
247.2079;-44.8126;7.32;
247.8258;-7.9209;7.32;
250.9245;-0.784;7.32;
251.2595;23.7177;7.32;
253.5221;-41.0795;7.32;
253.7299;28.1371;7.32;
254.2029;61.4751;7.32;
266.4344;-68.6476;7.32;
268.6243;-3.4625;7.32;
269.2857;36.8604;7.32;
269.6757;-16.8575;7.32;
272.3237;-23.9884;7.32;
272.4391;-11.7247;7.32;
274.1314;23.3986;7.32;
275.0817;64.203;7.32;
280.9835;12.1687;7.32;
281.5046;9.8184;7.32;
282.0121;37.0739;7.32;
283.5598;41.2258;7.32;
284.2765;38.7985;7.32;
284.2826;26.0959;7.32;
286.5825;15.8613;7.32;
286.8883;18.5625;7.32;
287.0549;39.1549;7.32;
287.0842;55.3306;7.32;
289.9077;40.2672;7.32;
290.1311;50.3402;7.32;
290.3621;32.6778;7.32;
290.7404;55.0683;7.32;
292.6711;-18.3235;7.32;
294.0704;33.4614;7.32;
294.8041;-16.9079;7.32;
294.9604;-58.1531;7.32;
295.0562;26.9953;7.32;
298.3512;20.3274;7.32;
299.5099;40.9268;7.32;
299.7567;57.8095;7.32;
303.0639;-8.0923;7.32;
303.8507;10.1535;7.32;
304.8797;32.0472;7.32;
305.225;-45.5455;7.32;
306.5186;-14.9802;7.32;
308.1767;-28.5954;7.32;
312.6652;42.382;7.32;
313.296;-31.5151;7.32;
318.2402;30.8095;7.32;
318.9667;19.7142;7.32;
319.852;52.3244;7.32;
320.8553;65.034;7.32;
321.3513;-72.5954;7.32;
324.2295;-10.1745;7.32;
326.1354;-24.9106;7.32;
330.9302;49.7717;7.32;
332.19;61.0224;7.32;
332.7482;63.3996;7.32;
337.5413;0.1383;7.32;
340.3887;77.6152;7.32;
340.9614;78.5183;7.32;
342.7987;-59.0974;7.32;
342.8911;85.0464;7.32;
343.9865;41.335;7.32;
348.7458;41.1424;7.32;
351.8564;63.9294;7.32;
353.3009;57.4079;7.32;
0.4538;66.306;7.33;
1.1273;-72.8973;7.33;
1.844;26.4506;7.33;
3.8398;28.5872;7.33;
10.5911;43.9374;7.33;
13.3993;29.0802;7.33;
13.4569;28.5582;7.33;
13.5623;-57.4031;7.33;
14.6101;24.5221;7.33;
20.7603;-37.7024;7.33;
23.0648;38.2719;7.33;
24.4732;-60.5115;7.33;
32.8465;21.3773;7.33;
33.4259;-3.032;7.33;
37.6041;45.4316;7.33;
39.3926;69.0568;7.33;
43.8252;80.1066;7.33;
44.3113;-24.9695;7.33;
45.0171;55.1881;7.33;
46.1793;-60.1966;7.33;
47.5754;-1.6947;7.33;
48.1037;16.5167;7.33;
52.2007;20.6241;7.33;
53.2128;5.2546;7.33;
54.0159;63.2881;7.33;
57.1581;-70.3597;7.33;
58.4992;-12.4493;7.33;
62.2274;46.2277;7.33;
64.6493;60.4938;7.33;
66.6927;55.6437;7.33;
67.5934;-30.4441;7.33;
69.499;-13.0289;7.33;
69.5482;-13.2583;7.33;
70.3915;-14.6879;7.33;
73.8941;27.2024;7.33;
75.2625;-11.2081;7.33;
76.8927;-54.989;7.33;
79.926;-4.8773;7.33;
84.5391;-46.106;7.33;
86.6242;74.6101;7.33;
89.8211;40.0334;7.33;
92.9914;-75.0839;7.33;
95.6057;46.1946;7.33;
98.9971;32.2907;7.33;
100.2957;-34.5107;7.33;
102.4345;-1.3399;7.33;
103.5617;-34.2229;7.33;
103.7863;-2.4813;7.33;
105.2727;-65.7065;7.33;
105.6698;69.2082;7.33;
106.6446;-22.0147;7.33;
107.5369;-15.6847;7.33;
108.0735;-67.7827;7.33;
118.7845;28.3842;7.33;
118.8837;-10.6623;7.33;
122.1584;1.8951;7.33;
125.4719;13.6241;7.33;
126.5814;70.1281;7.33;
126.9802;53.4572;7.33;
127.6052;-13.4685;7.33;
132.264;-43.7612;7.33;
140.596;-6.0606;7.33;
140.8761;-16.6662;7.33;
141.0488;60.4471;7.33;
142.4926;-28.243;7.33;
142.8537;-73.747;7.33;
150.735;-5.6179;7.33;
151.4828;39.5821;7.33;
154.4725;-21.0263;7.33;
156.9444;-45.0988;7.33;
157.5672;63.3488;7.33;
160.7176;50.7993;7.33;
165.0646;-44.9107;7.33;
165.9131;44.3296;7.33;
166.637;-21.1669;7.33;
166.9659;-38.4074;7.33;
167.6327;-25.9961;7.33;
172.6066;-59.6273;7.33;
174.3523;62.1964;7.33;
176.833;-25.9615;7.33;
179.4379;6.9746;7.33;
182.029;39.6555;7.33;
182.7179;-28.0679;7.33;
182.7745;-56.4014;7.33;
184.8284;-16.2739;7.33;
186.5035;2.042;7.33;
187.7531;31.4238;7.33;
189.7915;83.6441;7.33;
195.5535;-12.1089;7.33;
201.6065;5.7087;7.33;
202.111;-25.2128;7.33;
207.2134;9.7133;7.33;
207.4972;-32.6652;7.33;
208.6866;62.3774;7.33;
209.1091;49.0124;7.33;
212.3604;69.5904;7.33;
213.9086;-63.114;7.33;
213.9987;64.8532;7.33;
215.1769;-52.3259;7.33;
216.2241;62.9363;7.33;
223.6402;46.5937;7.33;
224.7068;25.048;7.33;
225.7454;65.7783;7.33;
226.4282;-1.9854;7.33;
227.2489;-36.4326;7.33;
230.1355;-59.5438;7.33;
230.7548;63.1303;7.33;
231.0748;60.5494;7.33;
234.0144;6.1835;7.33;
235.5545;7.8233;7.33;
238.9247;-26.7472;7.33;
239.42;-60.2003;7.33;
239.6012;37.8275;7.33;
239.6282;36.0221;7.33;
240.5565;-22.6876;7.33;
244.5243;62.4233;7.33;
246.3233;-49.1479;7.33;
247.1007;15.4313;7.33;
251.4507;35.6308;7.33;
254.213;6.5013;7.33;
257.5772;40.6899;7.33;
258.8944;-10.2975;7.33;
262.582;63.7775;7.33;
266.0741;-23.679;7.33;
269.607;36.8748;7.33;
270.6265;43.2686;7.33;
271.2425;-24.6808;7.33;
271.7978;34.8253;7.33;
272.6828;18.5044;7.33;
273.8935;79.0649;7.33;
274.0552;-35.2409;7.33;
275.5247;-63.3816;7.33;
277.0488;-52.5;7.33;
278.6096;57.8018;7.33;
279.2579;-48.2093;7.33;
280.4569;12.2556;7.33;
281.872;15.5127;7.33;
283.0063;37.5165;7.33;
284.5272;-30.825;7.33;
287.5498;44.56;7.33;
292.1682;3.694;7.33;
295.0457;17.8992;7.33;
297.6731;22.1129;7.33;
297.7927;-27.472;7.33;
301.1952;15.9031;7.33;
302.0876;20.2199;7.33;
303.4014;53.6593;7.33;
306.5354;69.3267;7.33;
306.6319;-17.3777;7.33;
307.2002;-11.7266;7.33;
307.7324;-10.0354;7.33;
308.0789;-24.8705;7.33;
309.7605;-49.3314;7.33;
310.6657;-18.1097;7.33;
312.2809;42.9549;7.33;
315.6079;27.8073;7.33;
316.095;-43.0855;7.33;
316.8057;47.7343;7.33;
317.9784;23.0805;7.33;
318.4004;45.1688;7.33;
319.0074;10.6856;7.33;
322.3103;-50.3168;7.33;
326.9204;-27.7509;7.33;
327.4636;5.213;7.33;
328.1279;55.0398;7.33;
330.2977;26.8302;7.33;
331.1601;-64.7283;7.33;
331.6398;5.1947;7.33;
332.1423;-11.6135;7.33;
334.1208;-63.3383;7.33;
335.8665;17.656;7.33;
340.7415;27.9886;7.33;
345.1978;-49.4516;7.33;
347.603;-7.812;7.33;
348.0066;64.7192;7.33;
349.2879;-18.1658;7.33;
349.5018;-48.113;7.33;
350.6975;51.0476;7.33;
352.0303;-12.2123;7.33;
355.3061;75.5825;7.33;
356.6371;-41.5819;7.33;
0.0373;46.94;7.34;
3.1885;57.2275;7.34;
3.7782;33.0305;7.34;
4.1353;-32.7604;7.34;
7.337;28.8278;7.34;
9.8053;3.1339;7.34;
11.6126;30.9516;7.34;
15.0655;18.199;7.34;
15.1394;-25.7492;7.34;
15.167;-52.5828;7.34;
15.2573;-4.6484;7.34;
17.5137;-26.1937;7.34;
18.5865;-50.4163;7.34;
18.6492;49.4296;7.34;
18.7264;-15.8188;7.34;
20.2682;54.6287;7.34;
28.537;-57.919;7.34;
28.7809;28.7979;7.34;
31.3179;-28.5582;7.34;
31.3186;-28.3783;7.34;
35.1523;63.874;7.34;
37.3917;-24.104;7.34;
37.8834;27.5693;7.34;
38.0506;22.007;7.34;
39.9456;-35.0243;7.34;
44.7933;19.9898;7.34;
46.3808;-16.6082;7.34;
50.1404;12.3466;7.34;
52.6986;5.1526;7.34;
53.2976;-10.0454;7.34;
54.1042;-19.3767;7.34;
54.4844;37.4309;7.34;
54.7273;-1.5255;7.34;
56.917;51.5288;7.34;
58.8991;-25.9272;7.34;
60.7298;62.4213;7.34;
63.5934;54.5242;7.34;
66.4323;-5.1531;7.34;
68.6512;84.4724;7.34;
70.379;-23.9764;7.34;
71.4375;63.2597;7.34;
71.7551;-38.3089;7.34;
72.8774;-3.6595;7.34;
73.6136;-5.4206;7.34;
78.2836;44.567;7.34;
80.0191;39.7895;7.34;
81.255;-2.8155;7.34;
83.7404;-21.0677;7.34;
86.1319;-4.6958;7.34;
86.2315;26.3424;7.34;
86.5079;37.2846;7.34;
88.7801;-9.81;7.34;
89.4227;-6.0947;7.34;
89.6149;7.8606;7.34;
90.4155;16.9341;7.34;
90.7832;47.9878;7.34;
91.7884;16.5561;7.34;
94.1875;-43.644;7.34;
94.6489;-38.8948;7.34;
95.2532;14.7048;7.34;
95.3103;21.1324;7.34;
96.0051;9.1716;7.34;
99.4105;-70.6037;7.34;
99.5203;30.8897;7.34;
99.9305;-53.4514;7.34;
100.7166;56.6931;7.34;
103.976;-1.5854;7.34;
104.35;-56.1013;7.34;
104.3947;-23.1579;7.34;
106.9566;-35.8145;7.34;
107.6385;-7.871;7.34;
107.8369;-10.4288;7.34;
107.8814;55.6125;7.34;
109.1518;1.8788;7.34;
110.2098;-32.4767;7.34;
110.7034;-16.7262;7.34;
111.0001;10.9063;7.34;
111.9537;27.2925;7.34;
112.0038;26.2275;7.34;
112.0997;61.8776;7.34;
112.3977;7.8405;7.34;
113.0677;-18.5179;7.34;
113.355;-33.3999;7.34;
114.8576;40.6713;7.34;
115.2394;-43.1846;7.34;
116.6918;-20.8313;7.34;
118.1176;57.0176;7.34;
118.7099;-45.6641;7.34;
118.8215;-11.1515;7.34;
119.7928;-51.4659;7.34;
120.1742;-40.1969;7.34;
120.2592;-14.1381;7.34;
121.2048;-5.4118;7.34;
122.2895;-31.6464;7.34;
122.5038;17.0165;7.34;
122.955;16.5239;7.34;
123.3444;-36.3104;7.34;
126.0488;-5.6793;7.34;
126.2049;20.153;7.34;
128.3233;-5.3279;7.34;
130.0126;-53.8518;7.34;
131.1164;-32.0209;7.34;
131.168;-41.2772;7.34;
131.3801;28.4453;7.34;
131.4867;73.2926;7.34;
131.602;10.592;7.34;
134.5945;78.1457;7.34;
135.579;38.6566;7.34;
136.6242;-2.5997;7.34;
139.749;35.6825;7.34;
141.5478;70.3494;7.34;
141.9434;-42.5783;7.34;
142.6596;44.7694;7.34;
144.6313;-59.1752;7.34;
147.8315;-1.8584;7.34;
147.9222;-54.6596;7.34;
148.8067;-11.0343;7.34;
150.3263;-70.7281;7.34;
150.7726;-39.4235;7.34;
150.8396;-82.5082;7.34;
151.067;32.4524;7.34;
152.4646;-45.1944;7.34;
152.4876;-66.5976;7.34;
155.0498;-31.5829;7.34;
156.7209;17.2194;7.34;
162.4805;-35.8045;7.34;
163.9633;-31.7863;7.34;
168.6018;20.0308;7.34;
169.4462;-22.1459;7.34;
170.4415;-22.1052;7.34;
170.5895;-39.1049;7.34;
172.9991;-1.7824;7.34;
173.0646;-12.3966;7.34;
173.9373;-61.5781;7.34;
174.4079;-60.9831;7.34;
175.1731;8.6722;7.34;
178.3345;-65.4044;7.34;
182.7564;8.7175;7.34;
183.6146;23.6612;7.34;
183.7774;-7.2573;7.34;
185.463;-4.3864;7.34;
187.6434;3.5082;7.34;
188.1822;-45.4597;7.34;
189.413;38.6844;7.34;
191.8248;-12.2789;7.34;
193.5665;-27.9595;7.34;
194.1406;-64.3609;7.34;
195.9544;31.0015;7.34;
197.1163;-11.7628;7.34;
197.4427;-7.6554;7.34;
198.3386;-3.4946;7.34;
199.0172;65.6918;7.34;
199.7443;-12.6481;7.34;
203.8545;-22.6189;7.34;
204.9405;-54.1481;7.34;
205.1276;-34.3582;7.34;
214.273;-5.7393;7.34;
214.4241;-21.8288;7.34;
216.8892;-21.9919;7.34;
216.9321;49.3965;7.34;
221.6167;-22.404;7.34;
223.4642;-9.0859;7.34;
224.128;-34.6318;7.34;
229.4298;-39.812;7.34;
229.5475;78.394;7.34;
232.0896;-37.6294;7.34;
236.7757;-35.518;7.34;
238.8699;-77.7323;7.34;
239.9095;-29.6326;7.34;
245.5725;-8.7416;7.34;
245.6363;-4.2492;7.34;
247.4967;-25.1478;7.34;
248.674;-66.0141;7.34;
249.0216;-51.2398;7.34;
250.3881;18.9215;7.34;
250.9105;32.6923;7.34;
251.7152;55.41;7.34;
253.4407;21.1729;7.34;
254.9634;17.8061;7.34;
256.3573;46.3558;7.34;
258.8103;67.3882;7.34;
259.7281;63.7227;7.34;
262.1149;-29.0586;7.34;
264.5231;-56.8215;7.34;
265.6118;-73.3928;7.34;
266.5455;5.6582;7.34;
267.3712;-35.3781;7.34;
267.793;44.9078;7.34;
267.913;-23.6774;7.34;
268.0127;33.8882;7.34;
270.2769;-78.3803;7.34;
272.1619;57.9797;7.34;
273.5511;64.7524;7.34;
274.0964;-40.4721;7.34;
274.3099;5.7536;7.34;
275.0478;-45.9222;7.34;
276.125;-8.175;7.34;
276.476;71.7318;7.34;
276.5987;-15.6302;7.34;
277.3452;45.982;7.34;
280.1021;-52.2008;7.34;
281.1592;-20.9712;7.34;
285.2868;20.1575;7.34;
286.4291;4.2785;7.34;
287.5124;-7.2778;7.34;
288.4731;48.3493;7.34;
289.2879;-61.8143;7.34;
289.4884;-0.9436;7.34;
292.5196;-0.445;7.34;
296.422;-0.6966;7.34;
297.1625;-1.8265;7.34;
297.8788;27.4602;7.34;
299.4048;-37.7451;7.34;
300.3867;-16.869;7.34;
300.4644;40.8588;7.34;
301.6411;12.6816;7.34;
302.7753;16.188;7.34;
304.0116;-16.2957;7.34;
304.5826;3.6806;7.34;
307.0246;-29.374;7.34;
308.3766;32.9077;7.34;
308.6841;-63.3117;7.34;
310.137;55.107;7.34;
314.0455;-55.2226;7.34;
314.3542;41.6896;7.34;
315.4038;68.1633;7.34;
315.7817;-1.3086;7.34;
316.0267;63.3796;7.34;
317.7126;66.7095;7.34;
319.6332;17.9879;7.34;
320.1589;26.2501;7.34;
320.3453;22.8893;7.34;
320.823;39.3497;7.34;
322.4992;41.5105;7.34;
322.55;-44.0746;7.34;
323.2464;12.5396;7.34;
324.3333;-11.4607;7.34;
325.1449;-18.8956;7.34;
328.2084;13.4888;7.34;
328.2846;69.6966;7.34;
328.6493;-2.9971;7.34;
331.7803;30.3178;7.34;
334.374;5.1442;7.34;
336.0925;-48.8598;7.34;
336.3506;50.4015;7.34;
339.382;-65.5659;7.34;
341.7604;17.2331;7.34;
342.4115;42.631;7.34;
350.1671;19.8408;7.34;
352.9902;-80.8278;7.34;
353.1175;-63.655;7.34;
356.5172;50.6631;7.34;
357.8876;42.0827;7.34;
5.9993;-3.4753;7.35;
6.7825;31.1771;7.35;
7.0023;-11.6588;7.35;
7.2935;-11.5981;7.35;
15.0154;-2.019;7.35;
20.2212;-1.3106;7.35;
20.5103;15.7892;7.35;
24.6865;-5.7354;7.35;
26.3496;-77.3569;7.35;
26.6569;-74.7387;7.35;
26.6966;59.1561;7.35;
27.0867;17.0228;7.35;
28.3624;-33.5647;7.35;
33.3056;40.5076;7.35;
36.3156;37.119;7.35;
39.4719;-33.6772;7.35;
39.6845;-52.9508;7.35;
45.2017;-20.6937;7.35;
45.2241;59.666;7.35;
49.987;75.2375;7.35;
51.098;-31.1267;7.35;
52.2255;69.2828;7.35;
53.554;48.6175;7.35;
54.6099;15.1496;7.35;
55.0815;-43.2408;7.35;
55.595;-50.7958;7.35;
55.9417;26.3811;7.35;
57.4556;-42.7276;7.35;
57.5146;61.798;7.35;
57.5794;-75.8956;7.35;
62.685;-25.0961;7.35;
63.8628;4.0094;7.35;
66.179;18.9131;7.35;
67.6112;-43.2127;7.35;
69.1485;-27.0479;7.35;
69.3851;60.0903;7.35;
72.1318;-49.7928;7.35;
72.484;-30.9706;7.35;
74.0591;21.5723;7.35;
74.6384;-28.8877;7.35;
78.4487;-6.7483;7.35;
78.4826;-22.9884;7.35;
80.2081;34.2675;7.35;
81.7917;-16.5238;7.35;
86.1291;30.4883;7.35;
87.1063;-0.7596;7.35;
87.513;-34.5536;7.35;
94.6336;4.5098;7.35;
97.6217;4.3324;7.35;
98.5426;-42.099;7.35;
100.5498;25.4685;7.35;
103.6359;50.0449;7.35;
104.1424;-22.6449;7.35;
104.5895;6.1671;7.35;
105.1981;-25.6438;7.35;
105.675;84.6629;7.35;
106.0816;4.0239;7.35;
106.1852;-31.9455;7.35;
106.79;-29.5395;7.35;
107.8327;-21.8057;7.35;
108.3161;-64.8735;7.35;
108.6343;-19.9911;7.35;
109.9982;2.4604;7.35;
110.8521;-20.2303;7.35;
111.6464;73.0827;7.35;
114.3133;53.8408;7.35;
114.4021;-65.917;7.35;
116.0579;20.2015;7.35;
116.3839;25.9886;7.35;
116.6663;-50.9973;7.35;
117.0853;49.7569;7.35;
118.5853;71.0792;7.35;
119.7385;48.6255;7.35;
120.2242;-43.0601;7.35;
120.7232;-33.1536;7.35;
121.1615;-29.966;7.35;
125.0977;8.0074;7.35;
126.2895;53.9316;7.35;
126.3087;-7.1702;7.35;
127.7687;38.2916;7.35;
128.0723;29.3193;7.35;
128.1483;-55.1236;7.35;
133.2504;29.9615;7.35;
133.4015;-17.3592;7.35;
137.035;14.7114;7.35;
141.2042;-23.8263;7.35;
143.6728;8.1875;7.35;
143.6886;-52.0283;7.35;
144.948;-40.8225;7.35;
151.1981;5.004;7.35;
154.039;35.1645;7.35;
155.1346;6.4298;7.35;
157.4495;54.8257;7.35;
157.637;-10.8079;7.35;
157.8055;-42.2294;7.35;
161.1876;-59.5652;7.35;
161.8775;60.1239;7.35;
167.3294;-11.6778;7.35;
167.9314;58.8998;7.35;
172.9746;41.4394;7.35;
176.6218;-24.4844;7.35;
177.9457;-41.2474;7.35;
178.8462;-41.9035;7.35;
179.5882;-59.7552;7.35;
180.8883;29.6791;7.35;
181.017;-64.5389;7.35;
183.7508;-56.1036;7.35;
184.7536;-13.5423;7.35;
187.508;-6.0234;7.35;
187.815;-52.7924;7.35;
188.2764;-47.0455;7.35;
188.4793;-17.0782;7.35;
191.2517;-69.03;7.35;
195.123;-9.1004;7.35;
196.1666;53.8576;7.35;
199.6798;-49.8783;7.35;
200.8468;-39.628;7.35;
200.9202;2.7253;7.35;
203.2971;-8.4433;7.35;
205.279;-62.4994;7.35;
210.5981;-67.5353;7.35;
211.9476;-34.9495;7.35;
212.9235;-5.8575;7.35;
215.2114;36.3924;7.35;
215.5706;-69.0853;7.35;
217.8907;17.6429;7.35;
220.1285;-40.6081;7.35;
220.7296;8.0762;7.35;
222.8201;-47.4059;7.35;
230.2891;-6.6126;7.35;
231.2687;-6.2458;7.35;
236.5568;42.4684;7.35;
240.0103;83.4041;7.35;
243.0729;32.6554;7.35;
246.2511;51.7166;7.35;
247.4805;-75.2061;7.35;
250.2303;-58.8688;7.35;
252.2516;12.882;7.35;
253.1829;76.8526;7.35;
253.7428;-50.1892;7.35;
254.7994;14.0793;7.35;
255.1238;-21.4617;7.35;
255.1331;38.9083;7.35;
256.1929;-31.3628;7.35;
261.1617;39.2096;7.35;
261.7115;-26.3318;7.35;
261.932;-63.2637;7.35;
263.371;-42.3997;7.35;
264.1029;25.6163;7.35;
266.6325;-7.9857;7.35;
268.5059;42.6471;7.35;
269.9851;-33.4083;7.35;
272.3646;-45.9384;7.35;
273.3169;-1.7196;7.35;
273.496;20.2771;7.35;
274.8257;52.6519;7.35;
278.5517;-7.7123;7.35;
279.4808;-13.473;7.35;
279.7697;72.9595;7.35;
281.2254;33.1875;7.35;
284.002;7.1263;7.35;
287.1093;-12.9561;7.35;
287.7148;-15.0778;7.35;
290.0312;26.6622;7.35;
290.9152;-55.9355;7.35;
292.4698;22.7066;7.35;
292.6556;25.1208;7.35;
292.6756;68.7469;7.35;
293.3741;36.022;7.35;
293.6888;16.6417;7.35;
295.0672;55.794;7.35;
296.1691;-23.2642;7.35;
297.3466;-73.5231;7.35;
303.5019;-9.618;7.35;
304.7529;2.2334;7.35;
304.9062;-31.7295;7.35;
310.3523;-5.998;7.35;
311.6256;-22.164;7.35;
314.8714;-33.6166;7.35;
316.1426;-58.9332;7.35;
316.2406;35.4295;7.35;
318.123;38.5665;7.35;
318.3285;-24.846;7.35;
319.6303;80.3535;7.35;
320.8684;31.1162;7.35;
324.5441;-25.4452;7.35;
325.9425;-57.3684;7.35;
326.271;-22.5641;7.35;
330.2711;-13.0275;7.35;
330.7539;-8.5;7.35;
333.3272;49.3745;7.35;
334.2294;-20.0255;7.35;
336.0434;-2.0619;7.35;
336.1659;-65.6214;7.35;
336.5442;-28.0125;7.35;
341.8365;-16.1464;7.35;
345.2833;-45.2052;7.35;
345.3142;44.1986;7.35;
346.2383;4.5999;7.35;
346.4668;-35.8531;7.35;
347.2378;38.9152;7.35;
348.8762;-59.6943;7.35;
350.0051;41.7549;7.35;
350.3225;38.5823;7.35;
351.1109;-37.2009;7.35;
352.4001;38.6434;7.35;
353.9006;8.3826;7.35;
355.8208;-70.8181;7.35;
357.6391;-69.0928;7.35;
358.4103;-20.5176;7.35;
358.7189;6.107;7.35;
358.9322;-53.8188;7.35;
0.8499;73.1745;7.36;
1.399;-61.3099;7.36;
1.4011;-51.2605;7.36;
1.5141;63.6797;7.36;
3.0284;47.4911;7.36;
5.3047;-3.3118;7.36;
5.3893;-66.3046;7.36;
8.297;-3.8479;7.36;
8.6561;67.5165;7.36;
10.2053;40.1872;7.36;
14.6186;26.7858;7.36;
17.306;33.9415;7.36;
18.5869;30.5421;7.36;
21.2274;3.3494;7.36;
22.3865;-52.3661;7.36;
22.8188;-49.904;7.36;
24.1168;54.6961;7.36;
27.5598;-58.9396;7.36;
28.9576;-29.1139;7.36;
29.8121;67.0435;7.36;
31.0694;60.2443;7.36;
31.5609;-4.365;7.36;
36.3914;11.9712;7.36;
38.3902;31.4084;7.36;
39.4004;50.2374;7.36;
39.6161;30.8166;7.36;
45.0788;-11.459;7.36;
46.2068;13.7975;7.36;
46.9142;36.6176;7.36;
48.512;0.7394;7.36;
48.7702;-13.828;7.36;
50.0149;-28.8541;7.36;
50.5502;42.8221;7.36;
51.1104;40.0438;7.36;
55.6436;-64.1953;7.36;
56.2839;-63.7292;7.36;
57.2258;50.8402;7.36;
59.3574;43.3163;7.36;
59.7643;23.6281;7.36;
60.7413;8.1401;7.36;
62.432;24.0729;7.36;
62.6855;-4.8748;7.36;
63.6046;1.6593;7.36;
66.0538;-40.0527;7.36;
66.4842;1.0318;7.36;
66.4889;5.1501;7.36;
66.5771;21.4704;7.36;
67.2584;42.7157;7.36;
68.9365;45.2146;7.36;
70.835;-47.2216;7.36;
72.6161;-3.8652;7.36;
79.3818;74.5358;7.36;
79.4877;8.1049;7.36;
80.0262;39.3434;7.36;
81.6608;-73.6652;7.36;
82.5249;29.5528;7.36;
84.3344;47.9396;7.36;
85.0734;16.3928;7.36;
85.4737;-15.6305;7.36;
85.9503;-19.6519;7.36;
92.4731;14.8528;7.36;
92.8148;-33.8708;7.36;
93.3024;-5.0098;7.36;
93.4961;52.0114;7.36;
93.8826;0.835;7.36;
93.9823;-17.0293;7.36;
94.3374;49.4856;7.36;
94.3603;58.8265;7.36;
94.5701;3.9845;7.36;
95.4288;-9.6829;7.36;
96.5223;62.6901;7.36;
96.6967;-88.7437;7.36;
99.1202;15.7501;7.36;
102.1797;-43.8015;7.36;
102.3064;-46.7096;7.36;
104.0507;12.5805;7.36;
104.556;14.2492;7.36;
105.2736;-40.7949;7.36;
105.5689;22.0962;7.36;
108.13;26.5645;7.36;
109.8949;10.3993;7.36;
114.5593;-67.4479;7.36;
115.587;-19.1065;7.36;
118.3166;-34.0389;7.36;
118.3454;45.7414;7.36;
119.1424;71.847;7.36;
119.4403;-40.1234;7.36;
120.0232;-48.9054;7.36;
122.3889;65.6609;7.36;
123.9558;32.1772;7.36;
126.0245;31.301;7.36;
126.6903;-48.9562;7.36;
127.2744;-5.8761;7.36;
128.0377;-39.953;7.36;
128.9663;-11.2915;7.36;
133.8642;26.4098;7.36;
134.228;65.526;7.36;
135.4084;-1.4763;7.36;
135.7825;-14.0036;7.36;
136.2499;22.8324;7.36;
136.9164;-59.1847;7.36;
139.0317;-28.8863;7.36;
140.8199;69.3532;7.36;
141.3444;6.2583;7.36;
141.4077;54.0159;7.36;
149.1558;14.7242;7.36;
149.967;-26.3978;7.36;
150.8652;41.3047;7.36;
150.8768;62.5658;7.36;
152.9945;-54.985;7.36;
154.1589;41.2759;7.36;
154.4637;71.0562;7.36;
154.9536;-22.9713;7.36;
156.9827;-48.021;7.36;
157.4792;-54.9782;7.36;
158.0878;-58.5458;7.36;
158.1193;44.1817;7.36;
159.3991;-23.3822;7.36;
160.4692;-26.0467;7.36;
161.6941;-25.5338;7.36;
164.2626;-68.6673;7.36;
166.4009;64.804;7.36;
166.4188;-43.1187;7.36;
167.0003;52.8216;7.36;
168.892;-38.2584;7.36;
168.9542;-39.3235;7.36;
169.5373;-31.7523;7.36;
169.7944;-40.4999;7.36;
169.8148;0.7233;7.36;
170.3902;-61.2262;7.36;
173.1316;-29.1419;7.36;
176.8683;20.0338;7.36;
177.675;-33.1412;7.36;
178.4669;-3.7769;7.36;
184.9819;-48.3165;7.36;
188.4133;-44.1841;7.36;
189.7399;61.0289;7.36;
192.2047;61.3784;7.36;
194.2935;-22.1719;7.36;
196.3993;-22.0714;7.36;
197.4273;-22.1926;7.36;
198.2237;19.9183;7.36;
204.7255;-55.0245;7.36;
205.1701;20.0136;7.36;
208.0644;-14.6765;7.36;
208.533;-11.6954;7.36;
211.5793;-26.5793;7.36;
215.864;37.2066;7.36;
218.7499;-69.4532;7.36;
220.2039;-66.9462;7.36;
220.5103;-46.2979;7.36;
220.7163;-58.0866;7.36;
221.8691;-66.1791;7.36;
222.2144;18.1997;7.36;
222.4345;3.8707;7.36;
223.4577;-0.4056;7.36;
223.9144;-78.8831;7.36;
224.2786;35.4902;7.36;
225.0194;-39.798;7.36;
227.8063;-13.0543;7.36;
228.2057;-52.0291;7.36;
230.5005;5.5966;7.36;
231.0608;10.5549;7.36;
232.4647;-67.485;7.36;
233.8118;49.6984;7.36;
234.7543;3.4677;7.36;
236.0902;52.9836;7.36;
236.1751;58.4336;7.36;
238.31;12.3531;7.36;
240.3554;-66.8486;7.36;
240.7333;-43.4415;7.36;
242.747;43.055;7.36;
244.4989;-13.4447;7.36;
244.613;-17.3877;7.36;
245.0229;-20.0564;7.36;
245.3931;-33.2345;7.36;
248.1744;62.8549;7.36;
249.261;-38.6762;7.36;
255.312;-20.4367;7.36;
255.8425;-40.0879;7.36;
256.4066;29.6232;7.36;
256.6733;35.3234;7.36;
259.7022;32.8647;7.36;
263.2598;49.3452;7.36;
263.5099;-23.0314;7.36;
266.8869;-56.166;7.36;
267.07;-32.6712;7.36;
268.9292;61.3959;7.36;
271.2577;22.9143;7.36;
271.3804;-11.0201;7.36;
271.9766;-38.5654;7.36;
272.1832;-49.3454;7.36;
274.4927;-12.87;7.36;
274.8918;-49.3471;7.36;
275.0923;-80.2393;7.36;
276.3464;38.4409;7.36;
278.1607;4.2964;7.36;
278.5374;34.4482;7.36;
279.1526;12.9876;7.36;
280.2121;-56.0898;7.36;
280.8865;-20.9189;7.36;
282.6951;-34.3051;7.36;
282.9415;-52.3952;7.36;
282.9528;41.4651;7.36;
284.8014;15.1299;7.36;
286.6493;80.7299;7.36;
286.8333;43.3153;7.36;
290.0311;26.6449;7.36;
291.4565;50.8517;7.36;
291.7016;21.1628;7.36;
291.9713;33.374;7.36;
295.1452;62.6648;7.36;
295.409;-55.2662;7.36;
297.611;30.7662;7.36;
298.2094;28.9926;7.36;
301.4946;35.7972;7.36;
305.6111;16.9167;7.36;
309.9013;30.8141;7.36;
310.1491;21.927;7.36;
311.8163;-47.1728;7.36;
312.8779;47.7077;7.36;
313.0899;-21.2309;7.36;
313.5247;45.1101;7.36;
314.2175;-33.9985;7.36;
314.4716;44.7881;7.36;
314.8553;-30.5109;7.36;
318.5228;37.7816;7.36;
319.6059;-73.0265;7.36;
320.4313;64.3646;7.36;
321.0152;-40.0301;7.36;
322.2106;-79.9257;7.36;
322.5789;48.3908;7.36;
324.242;-35.8841;7.36;
325.2632;22.1948;7.36;
325.5362;4.8345;7.36;
325.5616;39.5263;7.36;
330.529;-65.2395;7.36;
330.7013;73.8249;7.36;
331.1162;-14.4469;7.36;
331.5398;50.2858;7.36;
332.5149;-83.3582;7.36;
332.8682;32.0861;7.36;
333.911;4.2714;7.36;
334.3115;-54.3213;7.36;
335.2964;17.9696;7.36;
335.8874;-2.3016;7.36;
336.9316;51.4928;7.36;
337.2047;-22.0704;7.36;
340.3447;-25.3503;7.36;
341.1224;14.2906;7.36;
342.0938;-8.1123;7.36;
342.7737;34.3837;7.36;
343.0771;-47.5752;7.36;
349.1267;-27.0806;7.36;
350.4021;44.0979;7.36;
351.0138;29.6727;7.36;
351.6682;45.3381;7.36;
352.1043;-38.6456;7.36;
352.6098;30.8318;7.36;
353.3986;60.4686;7.36;
356.4683;-14.7548;7.36;
356.949;-52.2044;7.36;
358.2958;31.9101;7.36;
358.4415;-18.3648;7.36;
359.0816;10.0122;7.36;
1.1719;14.9652;7.37;
3.2297;-3.3815;7.37;
5.2884;35.8788;7.37;
6.3239;35.0372;7.37;
7.7605;50.254;7.37;
7.8038;69.7853;7.37;
8.8074;51.8382;7.37;
9.5348;-66.0428;7.37;
10.2149;-53.2099;7.37;
10.6984;30.1026;7.37;
13.8315;6.8542;7.37;
14.7773;32.4558;7.37;
16.2831;-71.7339;7.37;
16.2859;-83.5903;7.37;
22.0244;-17.2615;7.37;
23.3696;23.5904;7.37;
26.8158;-17.4835;7.37;
27.2514;1.3315;7.37;
30.1339;-40.7312;7.37;
31.1945;-17.2875;7.37;
32.6002;56.2971;7.37;
33.3722;40.7902;7.37;
35.4877;-49.5205;7.37;
38.206;-11.4134;7.37;
38.5737;35.1501;7.37;
39.5632;-41.5533;7.37;
40.1539;44.0912;7.37;
41.0057;32.3703;7.37;
42.4476;-20.246;7.37;
47.7508;53.1433;7.37;
48.5464;-40.2556;7.37;
49.026;-7.9271;7.37;
52.7774;50.4815;7.37;
54.41;1.1225;7.37;
62.7629;-46.9414;7.37;
64.7541;-17.8509;7.37;
65.4389;13.5849;7.37;
68.5188;43.0874;7.37;
69.4314;78.9866;7.37;
70.4657;-47.826;7.37;
74.0525;-17.7363;7.37;
75.2791;58.6658;7.37;
83.0857;-47.4752;7.37;
87.9842;-35.9097;7.37;
90.2819;23.3049;7.37;
90.4718;-27.3576;7.37;
94.0202;52.1858;7.37;
95.7403;-24.556;7.37;
98.2469;-8.9641;7.37;
98.5854;-2.9057;7.37;
98.9585;-16.1012;7.37;
99.1503;33.3906;7.37;
99.4115;22.7164;7.37;
104.3684;-55.6678;7.37;
104.9674;11.802;7.37;
105.5852;25.3644;7.37;
107.5516;-19.1984;7.37;
108.0044;22.279;7.37;
108.3789;32.1454;7.37;
108.9994;-54.9616;7.37;
109.6618;-63.3867;7.37;
109.774;10.315;7.37;
110.7006;-9.632;7.37;
112.6118;-20.808;7.37;
113.71;24.9545;7.37;
114.5198;61.5334;7.37;
115.7629;-33.3125;7.37;
117.7753;37.2117;7.37;
119.7206;8.4533;7.37;
122.7394;-39.0781;7.37;
124.2207;-53.6264;7.37;
127.0886;6.7007;7.37;
129.8639;35.5198;7.37;
133.4867;-41.827;7.37;
136.2421;13.3439;7.37;
136.9919;-7.805;7.37;
138.1914;61.6757;7.37;
144.9186;-48.237;7.37;
144.9726;-43.5105;7.37;
146.9285;20.6048;7.37;
147.0543;-54.3966;7.37;
147.7833;-18.6587;7.37;
149.3113;28.5613;7.37;
151.6552;12.7821;7.37;
153.1091;-32.6894;7.37;
153.1985;-29.4992;7.37;
153.2319;82.4009;7.37;
157.3904;-32.9418;7.37;
158.7038;-31.3463;7.37;
163.1892;2.1124;7.37;
163.9748;-35.1143;7.37;
164.1283;7.3885;7.37;
164.2969;-44.8097;7.37;
169.2021;-14.5083;7.37;
169.7658;-75.8249;7.37;
177.3014;28.1214;7.37;
178.177;-52.4967;7.37;
179.1235;34.9035;7.37;
186.7076;51.2058;7.37;
187.9784;68.5147;7.37;
189.0052;32.004;7.37;
189.6074;-38.7971;7.37;
190.4691;-64.7287;7.37;
193.3334;46.6564;7.37;
200.3467;-64.0497;7.37;
202.1112;15.7083;7.37;
203.5677;-0.3138;7.37;
207.8848;-48.2932;7.37;
208.1495;-50.9218;7.37;
209.7113;14.5629;7.37;
212.7422;-28.3518;7.37;
217.119;5.6809;7.37;
219.7275;-22.3284;7.37;
221.2005;7.7011;7.37;
221.3358;-36.1478;7.37;
221.6115;-64.543;7.37;
222.1773;-70.599;7.37;
224.3008;-66.8728;7.37;
226.1243;-57.6984;7.37;
230.3031;-54.2918;7.37;
230.6917;28.057;7.37;
233.3251;3.3228;7.37;
233.7094;-68.8891;7.37;
237.8683;57.1422;7.37;
238.0094;29.8817;7.37;
239.6864;30.0046;7.37;
248.2733;-63.8422;7.37;
252.1008;17.1332;7.37;
257.3987;38.2935;7.37;
262.0199;-64.9511;7.37;
264.0578;9.7155;7.37;
267.1928;48.8357;7.37;
268.0797;76.0007;7.37;
269.3804;54.6655;7.37;
270.0672;28.7197;7.37;
270.131;17.1032;7.37;
271.6979;43.4518;7.37;
273.1565;-28.2363;7.37;
277.786;-5.7895;7.37;
277.8126;33.6304;7.37;
278.0546;-19.124;7.37;
278.813;72.2742;7.37;
279.1105;43.7967;7.37;
284.0017;-25.0457;7.37;
284.5719;-32.1756;7.37;
285.5204;14.4299;7.37;
286.2976;-26.1389;7.37;
288.0617;32.2528;7.37;
289.7947;26.932;7.37;
291.4126;26.104;7.37;
297.9456;8.0717;7.37;
298.1079;-10.9562;7.37;
298.9365;40.3917;7.37;
304.2513;7.0717;7.37;
307.736;26.6855;7.37;
308.4424;52.8265;7.37;
313.9461;7.6663;7.37;
316.9013;51.584;7.37;
317.3824;68.4909;7.37;
317.996;17.7277;7.37;
318.5824;34.2943;7.37;
319.1654;36.3212;7.37;
320.0584;60.6309;7.37;
322.1319;50.4454;7.37;
324.4814;33.2005;7.37;
330.5198;-35.5462;7.37;
331.6804;72.2282;7.37;
334.3842;70.0589;7.37;
337.6367;-8.1146;7.37;
338.1722;1.1039;7.37;
340.0299;-49.5983;7.37;
340.1278;20.0415;7.37;
340.5883;5.1737;7.37;
340.7163;54.7574;7.37;
348.451;15.3676;7.37;
348.707;-7.7029;7.37;
349.6761;36.0902;7.37;
353.7676;-7.6774;7.37;
353.9814;27.8649;7.37;
357.1276;-18.8847;7.37;
358.1982;-12.0169;7.37;
1.0427;49.8702;7.38;
2.1616;-74.2385;7.38;
4.4701;44.5779;7.38;
8.6238;47.9155;7.38;
12.5193;81.9672;7.38;
13.1203;13.6488;7.38;
18.0659;-10.9402;7.38;
21.1052;57.1982;7.38;
21.3338;1.4609;7.38;
22.9131;-19.0322;7.38;
24.0948;47.3259;7.38;
24.9416;-17.5504;7.38;
26.3393;-3.169;7.38;
29.2496;-25.6202;7.38;
29.7359;-42.9491;7.38;
30.6478;9.0817;7.38;
32.3908;-45.4668;7.38;
34.9459;-68.0844;7.38;
40.4142;-30.0609;7.38;
41.5336;-25.3346;7.38;
41.6344;-76.1935;7.38;
43.8535;-25.9336;7.38;
45.3564;1.1562;7.38;
48.0223;65.0844;7.38;
49.3599;7.6558;7.38;
50.8497;30.984;7.38;
52.2438;14.9968;7.38;
54.9952;64.2854;7.38;
57.5579;-18.746;7.38;
61.6062;43.4182;7.38;
64.3204;46.6967;7.38;
65.2658;-48.8112;7.38;
68.7276;-25.039;7.38;
69.2206;80.8819;7.38;
74.6511;-14.7841;7.38;
76.1581;-12.9282;7.38;
78.2327;-27.159;7.38;
78.3056;40.1935;7.38;
83.7312;-31.6945;7.38;
87.1144;-13.3583;7.38;
88.4025;36.1305;7.38;
89.6668;16.5977;7.38;
93.0229;29.4921;7.38;
96.5549;-7.3614;7.38;
97.8011;-70.516;7.38;
99.4193;55.3592;7.38;
100.2483;64.9869;7.38;
102.1553;-28.2154;7.38;
104.4873;-49.1467;7.38;
108.7296;-28.9644;7.38;
109.3572;-39.0248;7.38;
109.3969;-3.748;7.38;
114.9302;-15.8278;7.38;
116.1336;23.3452;7.38;
116.597;-61.4302;7.38;
120.3442;40.8568;7.38;
121.0204;-29.1733;7.38;
124.0503;-15.686;7.38;
124.1368;11.0436;7.38;
124.6456;47.034;7.38;
125.2198;-4.8661;7.38;
125.8757;6.8132;7.38;
129.1781;-47.9984;7.38;
129.2903;-49.4252;7.38;
130.5415;-52.9677;7.38;
131.0768;-20.2668;7.38;
131.7936;4.358;7.38;
132.4388;29.4489;7.38;
132.4671;33.72;7.38;
132.795;15.9994;7.38;
133.2835;54.9531;7.38;
133.7452;-18.8122;7.38;
134.0715;-60.472;7.38;
134.0936;38.8117;7.38;
135.1372;-12.1407;7.38;
135.2588;-9.2197;7.38;
136.3141;2.4141;7.38;
136.3294;-61.8268;7.38;
136.7137;-60.2615;7.38;
137.8591;-35.7478;7.38;
140.393;-60.8305;7.38;
141.4145;-40.3141;7.38;
142.0608;-34.9041;7.38;
143.133;-60.5234;7.38;
143.1728;-27.4148;7.38;
148.4341;-41.8468;7.38;
150.0247;-36.0432;7.38;
155.5915;-47.9715;7.38;
157.762;39.0207;7.38;
159.6151;5.9136;7.38;
163.4863;-12.4345;7.38;
163.6899;5.8479;7.38;
164.0824;-10.625;7.38;
165.5127;-71.7471;7.38;
165.9586;-7.6882;7.38;
166.8772;21.1508;7.38;
168.0425;61.2044;7.38;
169.4206;25.4604;7.38;
169.5387;-62.9753;7.38;
169.6325;56.1948;7.38;
175.4386;-50.6255;7.38;
179.554;0.8692;7.38;
180.6291;-56.5605;7.38;
181.4578;-69.5731;7.38;
182.789;-83.7782;7.38;
183.1491;-52.7775;7.38;
183.5044;-32.387;7.38;
183.5753;-33.7791;7.38;
184.0936;-5.8457;7.38;
185.3614;24.997;7.38;
186.2714;60.6974;7.38;
187.5311;17.8956;7.38;
189.5054;-69.6032;7.38;
192.8994;-58.4846;7.38;
194.2486;-59.7425;7.38;
194.3414;-56.3071;7.38;
194.5458;68.7057;7.38;
195.3954;-60.6714;7.38;
195.4497;-30.8327;7.38;
196.2189;-21.5198;7.38;
202.4101;-52.7573;7.38;
202.7538;26.3902;7.38;
208.971;39.4631;7.38;
209.7903;-45.469;7.38;
210.405;16.7577;7.38;
210.8787;-52.0594;7.38;
213.639;39.2764;7.38;
218.1291;-55.4638;7.38;
219.9154;66.3468;7.38;
221.5681;3.5041;7.38;
221.7924;76.0423;7.38;
225.3996;-63.927;7.38;
227.579;-79.6128;7.38;
227.8831;-45.2792;7.38;
230.1557;-14.7411;7.38;
230.3762;73.4766;7.38;
231.5286;-39.889;7.38;
234.7777;-72.2977;7.38;
236.8036;-42.2047;7.38;
239.1724;5.9111;7.38;
241.8051;-45.3462;7.38;
243.7222;-22.3803;7.38;
250.6475;-11.1746;7.38;
252.2474;-47.7188;7.38;
252.3568;0.8905;7.38;
255.0682;10.8228;7.38;
255.1163;73.1942;7.38;
256.4998;75.1035;7.38;
256.9587;-67.188;7.38;
257.5431;-60.7288;7.38;
258.9573;41.6492;7.38;
259.1843;-17.9147;7.38;
260.0023;15.8847;7.38;
260.2734;-27.4179;7.38;
260.2935;69.8007;7.38;
264.4031;79.2133;7.38;
267.5574;-62.6808;7.38;
268.2964;-58.8643;7.38;
269.5856;14.5106;7.38;
270.0034;-22.5484;7.38;
270.5021;22.4557;7.38;
272.4481;3.201;7.38;
272.8486;29.9091;7.38;
273.0634;48.1199;7.38;
273.2801;41.4754;7.38;
273.653;-2.6028;7.38;
274.5246;-12.2426;7.38;
277.9294;7.2317;7.38;
283.6496;9.6857;7.38;
283.9445;0.2652;7.38;
285.3998;-45.1234;7.38;
286.0346;15.1009;7.38;
286.9452;49.4854;7.38;
287.7493;-24.1849;7.38;
288.7421;10.4094;7.38;
290.1475;-39.9889;7.38;
290.4235;-17.2454;7.38;
291.6998;50.1455;7.38;
291.9672;-4.8178;7.38;
293.5094;25.8059;7.38;
293.8825;53.5458;7.38;
295.4559;-36.8876;7.38;
295.5662;-52.9493;7.38;
296.2901;-12.7263;7.38;
296.6462;-1.3769;7.38;
297.611;-13.9239;7.38;
298.0165;-2.1532;7.38;
302.3097;35.4839;7.38;
304.9698;-0.6456;7.38;
306.7422;30.3696;7.38;
308.0614;-71.8642;7.38;
308.765;-9.5806;7.38;
310.3262;31.2502;7.38;
311.346;-15.0347;7.38;
311.6857;24.4625;7.38;
313.3564;48.2675;7.38;
316.8122;44.6741;7.38;
317.0044;9.3626;7.38;
318.5075;-29.6635;7.38;
318.7271;-7.0875;7.38;
318.7426;-8.3527;7.38;
323.0614;46.2573;7.38;
326.0722;60.9127;7.38;
326.3708;-28.1269;7.38;
328.0873;63.1013;7.38;
329.4477;-15.1233;7.38;
330.1522;44.1051;7.38;
332.7902;43.5275;7.38;
334.0725;33.7322;7.38;
334.8815;64.7885;7.38;
336.4861;-45.1133;7.38;
338.4066;46.5653;7.38;
338.7598;30.803;7.38;
339.5453;66.1441;7.38;
340.0736;51.5478;7.38;
344.0547;72.8373;7.38;
344.0988;22.9559;7.38;
344.8217;-60.1566;7.38;
345.6011;0.4394;7.38;
346.1664;8.8532;7.38;
349.0981;64.1162;7.38;
349.8347;7.2149;7.38;
351.1891;25.4964;7.38;
352.0685;6.0745;7.38;
353.5331;72.9146;7.38;
356.9163;-65.2406;7.38;
358.8124;58.0891;7.38;
358.8444;32.892;7.38;
1.3601;-14.4222;7.39;
1.904;-86.0388;7.39;
1.9071;40.0785;7.39;
3.4817;-17.5454;7.39;
5.1897;26.5137;7.39;
7.6734;62.354;7.39;
9.3181;58.0162;7.39;
11.647;-58.0485;7.39;
14.339;-76.5539;7.39;
14.511;37.4995;7.39;
14.965;-49.7506;7.39;
15.6653;52.8509;7.39;
15.7912;53.1404;7.39;
20.0941;-28.9869;7.39;
21.2037;-6.986;7.39;
22.9058;-61.2493;7.39;
24.8224;54.6005;7.39;
26.7659;-3.1155;7.39;
27.6067;-62.9579;7.39;
28.0106;10.8106;7.39;
28.6767;39.9493;7.39;
30.8869;27.482;7.39;
33.584;30.725;7.39;
34.1933;57.0293;7.39;
35.0118;32.3186;7.39;
44.1841;-36.6996;7.39;
44.7461;-43.7483;7.39;
45.2392;-30.3624;7.39;
49.292;-4.1398;7.39;
52.0397;-12.754;7.39;
52.7046;-18.4661;7.39;
54.0205;27.5932;7.39;
57.094;42.881;7.39;
58.1476;67.5566;7.39;
61.6298;63.7457;7.39;
67.0986;11.6659;7.39;
67.3014;35.2658;7.39;
70.7819;-6.471;7.39;
71.4966;-66.0787;7.39;
75.3682;-10.6493;7.39;
75.4316;55.575;7.39;
79.5041;-0.0377;7.39;
80.0342;35.786;7.39;
80.1585;-39.7549;7.39;
80.2961;-30.0718;7.39;
81.8079;44.0055;7.39;
82.742;71.9243;7.39;
84.026;-7.3965;7.39;
86.0882;27.7315;7.39;
87.4019;-60.6763;7.39;
90.13;-7.4697;7.39;
90.8133;12.6177;7.39;
92.3133;-13.2208;7.39;
93.17;-27.7258;7.39;
97.0582;5.2723;7.39;
98.9618;-16.1028;7.39;
102.0479;0.305;7.39;
103.309;10.5905;7.39;
103.9717;-56.9424;7.39;
104.9684;-15.0217;7.39;
105.1546;12.7234;7.39;
105.9151;10.7703;7.39;
108.7993;-36.2256;7.39;
109.8232;64.1158;7.39;
111.7399;75.6122;7.39;
112.0441;40.6566;7.39;
112.1747;2.2835;7.39;
113.6891;2.4211;7.39;
115.6089;-27.7299;7.39;
115.9062;6.2848;7.39;
117.183;-19.1749;7.39;
118.0305;-64.2942;7.39;
118.4309;58.2138;7.39;
121.0938;-44.237;7.39;
121.1309;-18.9837;7.39;
124.4078;6.245;7.39;
125.6133;5.0161;7.39;
126.4525;-4.178;7.39;
129.1709;-47.4999;7.39;
132.1284;-42.4007;7.39;
132.3628;-11.019;7.39;
133.5046;-35.6505;7.39;
133.745;32.7438;7.39;
134.368;-44.2654;7.39;
135.4319;17.0811;7.39;
135.798;-62.3516;7.39;
136.7941;9.6714;7.39;
136.8689;-30.0829;7.39;
138.4473;-22.8696;7.39;
140.1848;-7.7301;7.39;
140.7108;-5.0393;7.39;
141.4376;32.7621;7.39;
142.8337;-24.3437;7.39;
142.9334;20.0055;7.39;
144.6884;-66.8591;7.39;
147.0007;-38.3642;7.39;
148.475;64.7889;7.39;
150.5254;31.5312;7.39;
152.1743;-65.5111;7.39;
153.3054;3.0727;7.39;
155.4478;60.9128;7.39;
156.4954;52.6217;7.39;
157.7808;-68.8973;7.39;
158.1235;-81.6158;7.39;
158.7353;-64.134;7.39;
160.726;55.8908;7.39;
163.5005;-72.1553;7.39;
163.6866;36.7588;7.39;
166.7274;-58.7934;7.39;
172.4504;-51.663;7.39;
172.6243;48.9357;7.39;
173.757;30.5088;7.39;
174.9147;-9.4662;7.39;
175.6834;18.242;7.39;
177.4445;-13.6522;7.39;
179.8677;-49.1403;7.39;
180.4341;-41.8288;7.39;
181.3896;68.7943;7.39;
182.3658;38.6318;7.39;
182.4116;-58.3497;7.39;
185.2602;45.5147;7.39;
192.7048;62.9861;7.39;
198.1668;4.0683;7.39;
198.9905;21.3818;7.39;
199.8657;45.5271;7.39;
200.9448;25.5479;7.39;
201.7858;-67.0224;7.39;
203.6809;-63.3355;7.39;
204.1514;51.2944;7.39;
204.7071;-49.495;7.39;
206.4138;-58.2429;7.39;
209.8653;-5.4239;7.39;
214.8817;-13.7109;7.39;
220.1178;-57.0296;7.39;
221.7486;19.7995;7.39;
223.6201;-8.3885;7.39;
223.7737;-20.0135;7.39;
224.429;44.4663;7.39;
225.4872;-51.9183;7.39;
228.0873;-16.4111;7.39;
229.0997;-77.3542;7.39;
229.7894;-60.1337;7.39;
229.828;61.375;7.39;
234.2787;-26.4924;7.39;
234.4995;-14.5304;7.39;
235.2685;9.3025;7.39;
237.7386;42.5654;7.39;
240.4953;-37.5344;7.39;
241.4186;-20.4501;7.39;
241.4533;36.5282;7.39;
241.5963;5.4127;7.39;
243.3012;-34.3069;7.39;
245.3583;-33.3013;7.39;
245.4772;13.4553;7.39;
245.7691;19.506;7.39;
245.9164;-41.0741;7.39;
246.7062;16.1717;7.39;
248.5961;-49.7698;7.39;
252.1573;-37.252;7.39;
255.2559;-29.6718;7.39;
255.7687;-27.0978;7.39;
256.1286;-43.3098;7.39;Rapeto
256.5027;-44.3727;7.39;
259.4076;64.0332;7.39;
261.821;17.8975;7.39;
262.7067;-23.8416;7.39;
265.5938;9.4496;7.39;
269.0049;5.1615;7.39;
269.1018;-26.7734;7.39;
271.3638;49.3436;7.39;
272.0219;40.9147;7.39;
272.8669;-11.3094;7.39;
275.8204;-48.3608;7.39;
276.7568;9.2096;7.39;
278.4786;47.8702;7.39;
278.5838;18.6901;7.39;
278.7126;-49.3522;7.39;
280.1767;-44.1723;7.39;
281.6985;-43.7888;7.39;
282.2645;-63.2695;7.39;
283.4686;35.7727;7.39;
283.7265;1.1216;7.39;
283.9644;-0.7395;7.39;
284.2627;45.856;7.39;
286.5802;-27.2871;7.39;
290.4715;10.9206;7.39;
291.075;31.0473;7.39;
291.9257;12.4878;7.39;
294.8596;22.2565;7.39;
294.982;-22.0628;7.39;
297.1844;19.6611;7.39;
297.368;-65.9791;7.39;
298.0337;52.2813;7.39;
298.6472;41.4644;7.39;
300.4342;41.8164;7.39;
305.8002;24.0368;7.39;
306.4976;14.9431;7.39;
307.2635;16.2543;7.39;
307.2788;28.361;7.39;
307.3751;-12.5914;7.39;
308.0739;2.2201;7.39;
311.0171;-31.9284;7.39;
313.0593;39.5013;7.39;
313.1218;58.6551;7.39;
316.2748;18.656;7.39;
319.7136;65.9893;7.39;
329.347;-79.7206;7.39;
330.9129;-29.3466;7.39;
331.9726;44.2062;7.39;
332.2181;4.2359;7.39;
333.2635;33.6034;7.39;
334.7593;46.0051;7.39;
336.2614;26.6111;7.39;
336.7538;30.9569;7.39;
340.3572;23.8466;7.39;
343.1478;56.7098;7.39;
343.4532;28.6258;7.39;
346.7988;-7.6946;7.39;
347.5281;7.3625;7.39;
349.0581;78.1505;7.39;
350.5127;48.7951;7.39;
350.9355;-31.1108;7.39;
357.0262;63.8174;7.39;
359.3701;-36.7056;7.39;
0.1588;-66.6832;7.4;
2.4223;-63.5898;7.4;
5.4687;-23.008;7.4;
7.5763;15.7954;7.4;
11.3034;23.5908;7.4;
12.977;50.7746;7.4;
15.2087;-9.3735;7.4;
19.4599;55.4454;7.4;
19.4967;-52.1058;7.4;
23.9038;52.1638;7.4;
24.9263;55.7842;7.4;
25.2527;49.104;7.4;
36.1249;47.3727;7.4;
37.6479;47.8103;7.4;
42.8367;3.0568;7.4;
44.0308;-26.1997;7.4;
46.342;-73.4717;7.4;
49.2652;28.759;7.4;
50.6296;32.2399;7.4;
50.9154;-27.93;7.4;
51.402;-27.2725;7.4;
51.8077;2.2802;7.4;
55.1692;46.0234;7.4;
55.5663;22.7865;7.4;
56.4728;0.2227;7.4;
57.0933;8.5804;7.4;
60.6538;-68.9472;7.4;
60.6781;-27.4835;7.4;
69.3482;68.2824;7.4;
70.7035;12.2098;7.4;
74.014;43.4934;7.4;
75.1364;-64.3944;7.4;
76.8428;50.3056;7.4;
80.6468;37.676;7.4;
84.1508;-48.2846;7.4;
85.5366;-12.9902;7.4;
86.6684;10.9318;7.4;
87.6406;47.461;7.4;
88.0072;-9.8132;7.4;
88.7353;5.3538;7.4;
88.9065;53.4599;7.4;
89.4456;-14.2092;7.4;
90.2306;-54.9513;7.4;
91.6819;72.603;7.4;
92.8662;-27.0582;7.4;
94.3348;22.144;7.4;
96.5843;2.3178;7.4;
98.7756;37.0644;7.4;
99.9451;-43.4029;7.4;
100.2636;20.6455;7.4;
108.8124;5.8185;7.4;
110.7424;-3.8923;7.4;
111.5101;14.1029;7.4;
111.6924;-5.8689;7.4;
112.85;-8.74;7.4;
114.9781;-45.9696;7.4;
115.0091;11.0894;7.4;
115.3412;-41.1648;7.4;
120.6487;-25.0369;7.4;
123.4918;-44.7509;7.4;
125.8732;85.6921;7.4;
126.6968;-55.3629;7.4;
127.15;1.2475;7.4;
127.8173;11.6384;7.4;
129.0456;13.7775;7.4;
130.539;-3.0499;7.4;
137.1543;-38.784;7.4;
138.7412;-33.0669;7.4;
142.5209;-28.5937;7.4;
143.7601;-4.8892;7.4;
145.7672;37.1286;7.4;
146.3135;-66.8088;7.4;
147.3087;-24.6462;7.4;
147.5546;0.1045;7.4;
148.4278;-3.862;7.4;
149.2448;-34.8256;7.4;
149.6884;-41.3595;7.4;
150.9159;-26.9095;7.4;
153.6179;-51.8143;7.4;
169.0488;-3.472;7.4;
170.2863;-35.5239;7.4;
171.2301;-63.4321;7.4;
171.2968;5.7395;7.4;
171.8759;-12.4359;7.4;
174.1694;-9.3131;7.4;
174.5158;-65.6559;7.4;
175.946;24.0103;7.4;
175.9487;52.3951;7.4;
177.9898;8.83;7.4;
181.1688;35.5674;7.4;
181.1957;-61.9968;7.4;
181.7948;9.6629;7.4;
183.0736;5.8728;7.4;
183.8779;-14.0721;7.4;
185.8749;24.5933;7.4;
188.9657;69.0137;7.4;
191.1695;-54.0854;7.4;
194.168;68.6161;7.4;
194.1793;-11.9437;7.4;
201.036;-53.7931;7.4;
201.8004;70.3165;7.4;
207.9462;39.6694;7.4;
212.8723;-32.1685;7.4;
215.0731;48.507;7.4;
215.6205;60.9657;7.4;
217.6272;-4.0652;7.4;
218.2405;3.6594;7.4;
220.7686;-62.2073;7.4;
222.5043;-62.3308;7.4;
222.7596;9.7237;7.4;
225.2605;-33.8395;7.4;
225.837;-41.2715;7.4;
226.0734;59.5351;7.4;
226.0991;-56.917;7.4;
230.2382;-15.3738;7.4;
234.559;36.2471;7.4;
237.312;-41.7913;7.4;
238.3444;-3.0292;7.4;
239.6828;-60.7073;7.4;
239.945;-6.1275;7.4;
240.0913;-43.8228;7.4;
241.0408;-9.9197;7.4;
242.567;48.6114;7.4;
243.527;-4.1585;7.4;
246.4023;-32.0767;7.4;
250.6679;-70.5805;7.4;
251.8552;-59.6694;7.4;
252.7456;5.489;7.4;
253.9275;-59.4174;7.4;
256.3947;3.7675;7.4;
256.6708;-36.0779;7.4;
259.2825;39.9683;7.4;
260.908;13.3975;7.4;
263.5351;-3.0556;7.4;
263.7022;6.0239;7.4;
265.8636;27.0228;7.4;
266.3067;-2.7622;7.4;
268.0774;-51.7138;7.4;
268.0997;24.9926;7.4;
269.7697;-5.0484;7.4;
272.2186;2.243;7.4;
272.514;56.2668;7.4;
272.7079;4.4342;7.4;
274.4785;17.9813;7.4;
274.9672;-11.2876;7.4;
277.859;8.0273;7.4;
279.3952;46.15;7.4;
280.1238;31.6435;7.4;
280.5833;36.5518;7.4;
281.3266;17.7274;7.4;
283.2687;74.0883;7.4;
283.3746;9.6586;7.4;
283.6518;1.8875;7.4;
285.6073;9.6331;7.4;
285.762;-62.9;7.4;
286.4826;60.0995;7.4;
286.8492;20.4252;7.4;
287.7969;15.7877;7.4;
287.8414;-56.3067;7.4;
288.666;-29.2432;7.4;
289.5296;-5.4234;7.4;
290.7515;56.2257;7.4;
292.3144;30.5492;7.4;
292.7543;-73.9852;7.4;
297.33;28.5791;7.4;
298.2987;58.1648;7.4;
299.7135;11.5646;7.4;
301.5082;9.0934;7.4;
302.1788;50.5863;7.4;
303.702;-10.8902;7.4;
303.9556;52.5023;7.4;
304.9549;38.3427;7.4;
306.608;-32.3289;7.4;
307.1451;8.2565;7.4;
307.203;45.7188;7.4;
308.4452;-40.5572;7.4;
310.4654;20.714;7.4;
318.7592;-30.9832;7.4;
318.967;11.4787;7.4;
321.9602;64.0138;7.4;
322.8932;-9.7447;7.4;
326.9368;-18.213;7.4;
329.5263;-56.7057;7.4;
329.9492;-28.6189;7.4;
334.4581;39.026;7.4;
335.9049;51.1957;7.4;
337.9934;-43.5479;7.4;
338.5778;-54.2979;7.4;
341.8705;7.7087;7.4;
342.4226;40.5152;7.4;
343.617;-74.8649;7.4;
343.6867;31.4788;7.4;
345.4235;60.1973;7.4;
346.0219;3.2933;7.4;
346.8431;70.6609;7.4;
347.192;39.1678;7.4;
347.9807;32.666;7.4;
348.0856;52.2296;7.4;
348.3491;2.6754;7.4;
350.3;64.7407;7.4;
351.2319;56.1066;7.4;
352.1321;9.4271;7.4;
352.9894;38.3066;7.4;
355.1677;0.416;7.4;
358.2234;-58.8383;7.4;
1.2868;67.84;7.41;
2.1186;34.9345;7.41;
3.4404;8.1935;7.41;
3.5051;-3.9088;7.41;
6.4692;-8.3515;7.41;
9.614;-45.9013;7.41;
11.4438;26.173;7.41;
13.521;57.0141;7.41;
13.747;24.1003;7.41;
14.009;-3.738;7.41;
14.9623;-8.3232;7.41;
16.5349;35.5161;7.41;
16.9565;46.8421;7.41;
18.2596;33.1549;7.41;
18.6727;-57.384;7.41;
19.1754;-41.1804;7.41;
22.0085;-27.1093;7.41;
23.0622;3.6852;7.41;
28.1762;-12.7279;7.41;
28.7459;54.1888;7.41;
30.053;6.918;7.41;
33.3243;-36.0611;7.41;
37.5955;-51.3774;7.41;
38.1252;-27.0031;7.41;
39.3589;60.0884;7.41;
41.2357;-48.6697;7.41;
43.8225;16.3092;7.41;
44.65;24.1338;7.41;
45.071;31.125;7.41;
49.3017;17.5729;7.41;
49.752;-65.8881;7.41;
50.3742;45.3871;7.41;
51.9938;-77.6133;7.41;
52.8519;-59.857;7.41;
53.3938;-62.6405;7.41;
56.3647;28.6687;7.41;
60.3007;-22.2759;7.41;
63.45;-51.5935;7.41;
65.2566;-3.7189;7.41;
66.8995;15.5892;7.41;
68.6536;-33.6461;7.41;
72.0948;29.773;7.41;
74.492;-50.5758;7.41;
74.9911;-25.0545;7.41;
75.3367;15.7444;7.41;
77.4413;7.1816;7.41;
78.3869;-17.1065;7.41;
78.5188;-21.65;7.41;
78.5872;-26.7937;7.41;
79.5465;9.2165;7.41;
80.1854;-29.2061;7.41;
80.2311;-19.6873;7.41;
84.5673;1.9879;7.41;
86.0137;6.5156;7.41;
86.5048;-61.2298;7.41;
86.742;-45.6474;7.41;
87.5994;4.9567;7.41;
89.454;14.6841;7.41;
92.4239;-22.1189;7.41;
92.8254;21.5638;7.41;
93.2952;19.0093;7.41;
93.4698;2.8089;7.41;
94.0925;28.852;7.41;
94.7485;12.7014;7.41;
94.7624;59.5594;7.41;
97.8157;-49.6169;7.41;
98.9137;-47.4335;7.41;
99.0851;-19.4921;7.41;
99.4635;-8.7817;7.41;
100.1973;56.8838;7.41;
100.6375;59.6975;7.41;
102.0758;-43.8008;7.41;
102.5451;-33.8857;7.41;
102.9492;46.4999;7.41;
103.0099;-11.2045;7.41;
103.2756;25.3115;7.41;
103.6946;42.9479;7.41;
104.1424;1.1621;7.41;
104.9187;48.6222;7.41;
105.2945;-30.6648;7.41;
107.6957;-9.336;7.41;
109.2742;-14.8471;7.41;
109.797;-29.0131;7.41;
109.9655;-52.565;7.41;
111.4976;-42.1078;7.41;
111.6615;-23.082;7.41;
112.4389;-46.6895;7.41;
113.1868;-9.411;7.41;
113.2717;78.6869;7.41;
113.307;0.1643;7.41;
116.5331;21.122;7.41;
116.9303;-32.6714;7.41;
117.1404;-52.6841;7.41;
117.995;5.3497;7.41;
118.1668;39.5383;7.41;
119.427;-57.4792;7.41;
122.3006;-64.7762;7.41;
122.3146;-21.5765;7.41;
122.6869;52.1428;7.41;
126.0378;-35.509;7.41;
127.7032;-31.1345;7.41;
127.7688;-20.3041;7.41;
128.1809;15.2746;7.41;
128.9326;-40.8684;7.41;
129.7669;-55.9424;7.41;
131.7048;38.0422;7.41;
133.7182;-36.057;7.41;
136.5524;15.8624;7.41;
138.4268;-28.3052;7.41;
140.1056;-75.7134;7.41;
140.1637;-80.3899;7.41;
140.9114;2.41;7.41;
142.1191;-59.1499;7.41;
142.4017;-3.1224;7.41;
143.6456;-64.0308;7.41;
144.0183;4.5144;7.41;
144.0678;-21.9972;7.41;
144.088;62.7906;7.41;
145.8636;2.6275;7.41;
146.5552;20.4892;7.41;
148.321;19.9378;7.41;
148.404;-42.3104;7.41;
149.241;-15.8951;7.41;
149.8273;-3.0749;7.41;
150.471;23.9812;7.41;
151.2226;-52.0253;7.41;
151.8426;-19.7087;7.41;
154.0912;-36.9082;7.41;
154.2156;-34.1273;7.41;
154.4088;-48.4179;7.41;
154.9135;-30.9957;7.41;
155.0569;-33.1287;7.41;
157.4119;-22.247;7.41;
160.4739;-6.5748;7.41;
161.6112;-15.0341;7.41;
162.3125;-26.8151;7.41;
165.1583;-66.0302;7.41;
168.2778;-56.4101;7.41;
168.4491;49.8562;7.41;
169.2616;-55.6226;7.41;
170.6846;-42.948;7.41;
170.7132;31.8281;7.41;
171.1978;-22.8328;7.41;
171.5363;22.7083;7.41;
171.8895;1.3015;7.41;
173.6583;-57.1525;7.41;
174.5022;12.9574;7.41;
175.1524;-8.4057;7.41;
177.1102;-23.0906;7.41;
177.2625;-9.1179;7.41;
179.1898;-10.7247;7.41;
179.4483;-10.1576;7.41;
179.4525;8.9897;7.41;
180.0854;-36.5627;7.41;
180.7563;-31.6917;7.41;
183.373;10.0416;7.41;
183.5755;26.5048;7.41;
184.9165;-49.5021;7.41;
185.438;21.8727;7.41;
185.6378;48.3529;7.41;
185.9258;-63.8701;7.41;
191.7646;-22.1294;7.41;
192.0742;-32.3247;7.41;
195.9991;11.2307;7.41;
196.0831;53.9542;7.41;
198.3263;13.3914;7.41;
204.2858;-42.7813;7.41;
207.9608;52.8405;7.41;
217.5349;8.3532;7.41;
218.6113;-22.3911;7.41;
224.4481;-42.4972;7.41;
227.3729;24.676;7.41;
227.9753;9.7769;7.41;
229.2825;-56.3841;7.41;
231.2636;-32.1562;7.41;
231.8067;-49.4545;7.41;
235.7269;4.102;7.41;
238.9852;-40.7865;7.41;
241.2041;60.0447;7.41;
241.5573;-0.3665;7.41;
241.5607;1.711;7.41;
242.527;25.4878;7.41;
243.0102;-18.2326;7.41;
243.4604;6.9939;7.41;
247.9498;-7.0233;7.41;
248.0902;30.1237;7.41;
248.38;-12.5602;7.41;
249.4954;-58.6309;7.41;
249.7873;38.345;7.41;
250.7377;15.6543;7.41;
250.762;3.4544;7.41;
251.0739;-0.5567;7.41;
251.8764;-45.4605;7.41;
252.7836;18.0775;7.41;
252.9792;67.915;7.41;
253.5966;-44.8919;7.41;
254.039;-37.1881;7.41;
255.3953;-6.7364;7.41;
255.7243;-38.4602;7.41;
258.2277;-82.3881;7.41;
259.2447;15.8208;7.41;
260.1111;-57.2481;7.41;
260.3959;-79.065;7.41;
260.4568;23.6863;7.41;
260.6197;-66.2689;7.41;
263.012;2.8237;7.41;
264.8731;-39.3442;7.41;
265.4598;-47.5125;7.41;
266.5066;-26.9723;7.41;
267.3929;20.6373;7.41;
268.33;2.668;7.41;
270.0195;-53.0985;7.41;
270.7608;-43.4628;7.41;
272.2445;24.1583;7.41;
274.4619;-56.4779;7.41;
276.0976;-59.6161;7.41;
277.3542;76.2258;7.41;
277.7458;21.6546;7.41;
277.864;22.986;7.41;
278.484;66.3569;7.41;
279.588;8.8341;7.41;
283.428;-74.9583;7.41;
284.9064;-2.8354;7.41;
287.6591;-60.0458;7.41;
288.6099;48.7192;7.41;
289.6193;33.9456;7.41;
290.0109;-9.4116;7.41;
290.9045;-15.8123;7.41;
291.45;28.7594;7.41;
293.4476;-63.0583;7.41;
293.7831;22.1586;7.41;
298.7432;41.8715;7.41;
298.8049;-7.8067;7.41;
302.5555;43.9456;7.41;
302.8611;6.0718;7.41;
308.4979;52.5978;7.41;
308.5945;-66.7309;7.41;
312.4423;11.4949;7.41;
313.705;-46.6006;7.41;
313.8717;65.6873;7.41;
314.508;-11.9549;7.41;
316.6271;-54.9564;7.41;
317.8414;41.1852;7.41;
318.1979;-51.5136;7.41;
318.2217;7.6924;7.41;
320.3487;2.8874;7.41;
321.0421;48.8193;7.41;
322.91;57.5026;7.41;
323.2115;32.7767;7.41;
325.1794;28.7557;7.41;
328.2841;68.1075;7.41;
329.8232;-22.8718;7.41;
329.8936;56.8879;7.41;
330.7963;41.406;7.41;
331.9096;-20.7593;7.41;
333.1539;-27.085;7.41;
333.2247;68.9833;7.41;
333.5277;-21.4113;7.41;
334.6234;-1.123;7.41;
335.1452;54.8418;7.41;
337.5536;40.9655;7.41;
338.36;55.9284;7.41;
339.0902;27.1218;7.41;
340.2299;-31.9901;7.41;
340.9613;3.8868;7.41;
342.4207;-58.9293;7.41;
343.7541;19.5597;7.41;
344.6385;63.7067;7.41;
345.3933;-22.4194;7.41;
346.3577;10.4477;7.41;
349.1071;50.6713;7.41;
354.5522;-56.4511;7.41;
359.1824;-57.1484;7.41;
0.2233;-50.4465;7.42;
1.3403;-56.9556;7.42;
3.5842;-27.5314;7.42;
5.9982;-17.8104;7.42;
8.4501;-39.9246;7.42;
8.6685;-37.996;7.42;
10.4908;59.9147;7.42;
10.8285;-6.3368;7.42;
13.3254;19.7665;7.42;
24.1948;48.3155;7.42;
27.747;-54.2807;7.42;
27.8102;81.3746;7.42;
31.5434;46.8599;7.42;
32.4287;-29.0069;7.42;
32.6899;-12.9266;7.42;
34.4681;40.5505;7.42;
36.2656;45.6473;7.42;
38.9789;37.0583;7.42;
40.0047;62.602;7.42;
40.1091;32.3204;7.42;
42.862;-0.6879;7.42;
49.6131;15.1773;7.42;
51.2941;12.4854;7.42;
53.3006;-1.8606;7.42;
53.7657;-24.3073;7.42;
53.7832;-57.8102;7.42;
56.1952;-70.0267;7.42;
56.948;-4.8368;7.42;
58.6897;9.1776;7.42;
65.3616;34.5711;7.42;
68.0286;-28.8064;7.42;
72.3292;-9.0094;7.42;
73.051;1.5093;7.42;
73.8672;32.1548;7.42;
74.8385;43.3234;7.42;
75.3397;45.889;7.42;
77.5861;-7.5941;7.42;
79.1503;-7.2031;7.42;
79.6296;75.947;7.42;
80.102;10.8904;7.42;
80.5231;3.5716;7.42;
82.8448;27.769;7.42;
84.4149;-53.5354;7.42;
84.8941;-15.8681;7.42;
85.9629;11.4057;7.42;
86.3824;29.2985;7.42;
87.5496;-55.0812;7.42;
91.6898;-31.4168;7.42;
92.805;44.9521;7.42;
95.8047;35.5203;7.42;
98.0705;62.7652;7.42;
98.5151;22.1177;7.42;
98.7884;-61.1732;7.42;
102.4011;13.1905;7.42;
104.3886;19.7289;7.42;
104.9388;-83.7524;7.42;
105.7728;54.1741;7.42;
108.9149;-58.8055;7.42;
109.841;-55.9708;7.42;
110.0547;-6.138;7.42;
110.5076;-5.5707;7.42;
111.1564;-38.2733;7.42;
111.5216;-26.7903;7.42;
111.5922;-35.1767;7.42;
113.8883;3.9876;7.42;
116.0104;-38.818;7.42;
117.305;-10.4993;7.42;
118.3582;16.846;7.42;
120.2262;-15.7389;7.42;
123.8669;-37.372;7.42;
124.3455;27.0493;7.42;
125.1726;2.6648;7.42;
127.0861;49.6873;7.42;
127.2953;-28.6657;7.42;
127.9095;-62.339;7.42;
127.9731;72.6921;7.42;
128.7625;41.0238;7.42;
129.3196;5.9913;7.42;
130.5174;-74.6092;7.42;
130.6284;34.1877;7.42;
131.8547;-36.7507;7.42;
132.4069;-62.5084;7.42;
132.7271;85.051;7.42;
133.3429;-44.3331;7.42;
135.069;61.9448;7.42;
135.9565;-64.6852;7.42;
136.4057;64.0545;7.42;
137.2902;-20.9273;7.42;
138.9209;-13.1313;7.42;
139.2317;-63.7751;7.42;
142.7838;73.9583;7.42;
144.8474;-52.9433;7.42;
148.7997;-33.3634;7.42;
150.0138;42.3167;7.42;
151.7847;29.5125;7.42;
152.9881;-39.9944;7.42;
153.0124;20.1186;7.42;
153.5539;-39.3439;7.42;
155.7243;-59.6246;7.42;
156.6851;-64.3517;7.42;
158.0059;-11.4244;7.42;
158.4639;-27.3497;7.42;
158.9745;-75.7932;7.42;
161.4439;32.5973;7.42;
162.2636;10.1579;7.42;
164.5984;-44.9346;7.42;
166.0308;-40.3086;7.42;
166.8081;-59.8731;7.42;
172.3104;-4.4517;7.42;
173.5891;-36.2046;7.42;
174.5206;-18.1918;7.42;
174.8726;-37.4314;7.42;
175.251;-54.5488;7.42;
177.3523;-60.4258;7.42;
178.0508;-19.2062;7.42;
180.1563;69.1855;7.42;
182.2235;49.1853;7.42;
183.3204;30.283;7.42;
184.4406;-63.6161;7.42;
188.0123;74.8115;7.42;
190.1331;-70.5467;7.42;
191.8922;-4.6813;7.42;
208.4654;-14.6642;7.42;
209.2851;-34.9038;7.42;
209.5264;16.4031;7.42;
209.7176;-47.807;7.42;
211.5565;22.1677;7.42;
212.5514;-25.4007;7.42;
212.7386;31.8736;7.42;
215.5126;-58.2912;7.42;
216.6975;8.3817;7.42;
220.2423;38.1507;7.42;
223.3974;69.7627;7.42;
224.1509;-43.4561;7.42;
232.9287;0.8835;7.42;
235.0385;-45.0214;7.42;
236.0297;-30.7114;7.42;
239.607;43.2137;7.42;
242.7251;30.9854;7.42;
245.7795;50.3442;7.42;
248.6904;-49.3956;7.42;
249.1852;-66.9844;7.42;
252.0249;11.1324;7.42;
255.0143;53.0445;7.42;
257.8416;-20.4247;7.42;
258.5836;14.5526;7.42;
270.0258;20.7416;7.42;
270.5411;-36.3592;7.42;
271.3276;15.6472;7.42;
271.5205;-74.0048;7.42;
271.8545;77.5931;7.42;
272.1105;-18.5522;7.42;
273.958;-35.6373;7.42;
275.452;55.1299;7.42;
276.5042;15.7584;7.42;
277.2365;-25.0429;7.42;
277.6441;36.2492;7.42;
279.4334;-41.6142;7.42;
280.9652;-16.9416;7.42;
281.4718;-18.3641;7.42;
281.9048;-28.2797;7.42;
282.8497;-51.5202;7.42;
283.2972;-4.7321;7.42;
288.7867;16.1972;7.42;
288.8081;-47.8759;7.42;
290.3222;20.9628;7.42;
291.0157;11.4411;7.42;
291.6843;39.9615;7.42;
295.0939;16.3334;7.42;
296.3215;31.4241;7.42;
296.5729;45.7362;7.42;
297.1429;24.9622;7.42;
298.3072;-5.5403;7.42;
300.0648;29.9206;7.42;
300.2708;-76.2322;7.42;
300.5076;35.3325;7.42;
301.8934;45.1534;7.42;
304.2513;-18.4314;7.42;
304.7854;39.2734;7.42;
306.2836;-11.7046;7.42;
308.9286;3.3029;7.42;
309.431;-22.4429;7.42;
309.6816;24.778;7.42;
311.2862;-50.5065;7.42;
311.7853;32.1723;7.42;
312.1787;41.7628;7.42;
314.3431;87.0327;7.42;
315.5907;23.3243;7.42;
317.6277;-22.4774;7.42;
318.8987;78.5982;7.42;
319.1669;7.5147;7.42;
322.5285;18.5785;7.42;
325.8744;19.6355;7.42;
328.0896;34.3805;7.42;
329.2314;-35.3598;7.42;
329.5324;-3.4899;7.42;
330.6089;34.3787;7.42;
338.3769;-63.4719;7.42;
343.1908;60.9163;7.42;
343.2882;26.9774;7.42;
343.5804;-24.9802;7.42;
343.6682;24.3871;7.42;
344.7205;-0.3159;7.42;
344.8206;-71.8366;7.42;
346.6341;51.0772;7.42;
347.1088;-0.4996;7.42;
347.2667;-45.5117;7.42;
350.297;2.1973;7.42;
352.0535;18.5383;7.42;
352.3182;-85.7094;7.42;
352.8848;33.6984;7.42;
355.3343;46.8601;7.42;
356.0799;-54.4361;7.42;
358.2085;48.4818;7.42;
358.4342;-29.3966;7.42;
358.4689;44.5558;7.42;
359.4697;-67.0061;7.42;
2.2031;8.0219;7.43;
3.0581;39.9016;7.43;
4.1735;54.6601;7.43;
7.6697;-9.4078;7.43;
9.2565;55.2172;7.43;
9.5741;-73.9628;7.43;
9.9196;11.5323;7.43;
10.1017;-7.6567;7.43;
13.7434;-45.2199;7.43;
13.7907;57.2761;7.43;
18.3858;44.1722;7.43;
20.7784;9.1876;7.43;
23.3912;40.9015;7.43;
24.6069;-15.872;7.43;
24.819;-29.0224;7.43;
25.9711;49.6564;7.43;
27.146;58.4578;7.43;
27.4498;-64.386;7.43;
27.4833;7.2235;7.43;
27.9675;-37.042;7.43;
28.2758;-1.3269;7.43;
29.0982;61.2811;7.43;
31.1429;25.4143;7.43;
33.4499;64.855;7.43;
34.4392;18.455;7.43;
42.0586;43.6225;7.43;
45.8562;41.5602;7.43;
47.7096;63.7877;7.43;
49.949;19.0762;7.43;
54.5219;-57.2853;7.43;
55.2892;-40.7684;7.43;
58.079;34.2221;7.43;
58.943;-19.4333;7.43;
62.0715;-32.8568;7.43;
63.1375;-2.5125;7.43;
63.2785;-72.8206;7.43;
63.5288;38.4694;7.43;
64.6288;43.727;7.43;
66.3714;46.1437;7.43;
70.0591;-38.807;7.43;
73.0819;-7.8957;7.43;
76.5219;3.7885;7.43;
78.0158;-41.6677;7.43;
78.5836;-15.8266;7.43;
78.6152;-10.4166;7.43;
79.2734;16.3516;7.43;
80.6054;-71.5065;7.43;
81.2975;1.9233;7.43;
81.4104;38.0447;7.43;
84.4612;-28.9374;7.43;
84.5078;-42.9635;7.43;
88.5937;-1.0765;7.43;
89.4855;-31.9213;7.43;
91.3163;73.9996;7.43;
92.0791;45.5544;7.43;
92.2607;-41.118;7.43;
94.0112;70.7816;7.43;
94.6122;-48.0386;7.43;
95.5201;60.778;7.43;
95.8757;27.118;7.43;
95.9151;-33.3195;7.43;
97.7488;32.8054;7.43;
98.6334;-11.2297;7.43;
99.5494;7.1482;7.43;
100.0223;23.6738;7.43;
100.3578;0.9573;7.43;
102.3613;-28.6522;7.43;
102.5244;6.2563;7.43;
104.2024;20.9672;7.43;
105.8614;-4.2664;7.43;
107.1826;17.6573;7.43;
111.9166;14.6763;7.43;
114.8123;52.5664;7.43;
117.3651;-54.8123;7.43;
118.6424;-1.4123;7.43;
119.8776;-37.3024;7.43;
120.8651;16.8476;7.43;
120.8838;-8.1734;7.43;
120.9835;-47.8158;7.43;
121.1258;-42.7587;7.43;
121.4971;71.7901;7.43;
124.8129;-5.6195;7.43;
127.752;18.9684;7.43;
131.6475;-8.6409;7.43;
132.2592;-39.4147;7.43;
135.2759;1.2802;7.43;
135.3865;40.9406;7.43;
140.2932;-35.3572;7.43;
140.5069;74.9127;7.43;
141.2348;-64.7081;7.43;
141.671;-16.4445;7.43;
141.7045;41.0242;7.43;
141.8822;42.7643;7.43;
141.9748;-14.8683;7.43;
142.6462;1.2573;7.43;
143.0608;-62.7889;7.43;
144.2889;72.0803;7.43;
147.624;45.0837;7.43;
148.9314;-19.6771;7.43;
149.5335;-13.1291;7.43;
151.5169;-42.5249;7.43;
152.4085;-11.8952;7.43;
152.5944;20.9456;7.43;
152.776;70.8399;7.43;
153.375;9.186;7.43;
156.2698;-26.3581;7.43;
158.6;21.594;7.43;
160.4201;-45.7686;7.43;
164.2171;-31.2047;7.43;
166.4414;44.3016;7.43;
166.6789;-52.9507;7.43;
166.6829;15.1821;7.43;
168.8564;15.113;7.43;
168.8778;-42.6129;7.43;
172.5818;47.2446;7.43;
178.3904;-16.115;7.43;
178.7085;-43.6109;7.43;
181.2508;-70.0022;7.43;
182.0235;31.0497;7.43;
182.9959;-25.9415;7.43;
183.1202;-3.0845;7.43;
183.2002;-37.5271;7.43;
183.6091;-66.5246;7.43;
184.6111;-20.8098;7.43;
186.0901;-10.4751;7.43;
187.0112;-68.7326;7.43;
187.7311;76.687;7.43;
188.0075;-56.2884;7.43;
190.8163;10.1007;7.43;
195.2922;-63.0232;7.43;
195.8426;-29.6634;7.43;
196.6335;-82.9507;7.43;
199.2194;-30.592;7.43;
199.9608;-70.855;7.43;
202.057;-22.4005;7.43;
202.4309;16.9032;7.43;
202.781;-25.657;7.43;
202.893;-32.1407;7.43;
204.6186;-64.0556;7.43;
208.1368;-63.3561;7.43;
208.3863;52.1109;7.43;
208.806;-47.0922;7.43;
209.8389;-67.8406;7.43;
213.4102;-45.9863;7.43;
216.7563;5.9621;7.43;
217.0631;16.1186;7.43;
217.7233;68.0818;7.43;
218.2419;6.933;7.43;
219.226;54.8553;7.43;
219.7331;-35.6006;7.43;
220.5969;54.8034;7.43;
223.7389;-3.6305;7.43;
229.4493;-45.7149;7.43;
236.9199;28.4695;7.43;
238.6316;-51.2377;7.43;
240.4472;-34.6272;7.43;
241.7546;-3.8778;7.43;
245.6418;76.4451;7.43;
248.9219;57.7811;7.43;
252.0077;-15.964;7.43;
253.9549;-6.1234;7.43;
256.5497;-60.4208;7.43;
259.1621;-60.9563;7.43;
264.3363;-2.8738;7.43;
264.722;-45.7599;7.43;
265.4982;10.6331;7.43;
267.487;20.8699;7.43;
269.0558;-46.7021;7.43;
269.5224;52.2183;7.43;
270.5698;51.6388;7.43;
270.6788;-33.8892;7.43;
272.0515;30.9989;7.43;
272.4027;-5.6536;7.43;
272.5423;82.9398;7.43;
272.958;66.1357;7.43;
278.9407;73.2809;7.43;
279.3035;-25.6713;7.43;
280.4176;34.0987;7.43;
280.8281;17.4897;7.43;
281.1646;-41.4354;7.43;
282.1153;32.7797;7.43;
284.1695;-65.4762;7.43;
284.9956;4.6108;7.43;
286.2267;-8.1225;7.43;
286.7834;22.5844;7.43;
286.8256;3.443;7.43;
288.8588;-16.0992;7.43;
289.6804;-39.5478;7.43;
290.3662;25.604;7.43;
290.4886;22.5064;7.43;
291.6861;21.6531;7.43;
292.6947;-16.1668;7.43;
297.1281;-40.9733;7.43;
300.0919;1.6982;7.43;
300.1615;-32.1757;7.43;
302.15;36.672;7.43;
302.6369;52.3851;7.43;
303.6015;-6.0474;7.43;
303.8377;-64.8194;7.43;
304.3617;-15.8278;7.43;
305.4879;7.1717;7.43;
306.2618;13.3862;7.43;
307.1498;0.8835;7.43;
308.0612;20.8596;7.43;
311.3669;5.8812;7.43;
311.9078;12.9862;7.43;
311.9385;10.4653;7.43;
312.1235;69.6579;7.43;
316.4333;47.8047;7.43;
317.2545;7.589;7.43;
318.6713;-0.8319;7.43;
319.3435;-54.0174;7.43;
319.4932;82.0189;7.43;
319.6065;-45.2902;7.43;
321.2737;9.3841;7.43;
324.6095;56.9737;7.43;
325.0994;-71.5033;7.43;
328.6883;-73.4385;7.43;
329.5465;43.2388;7.43;
334.0301;-23.0094;7.43;
335.2144;46.0622;7.43;
335.49;-34.5202;7.43;
336.1369;71.0468;7.43;
336.7554;45.7895;7.43;
337.1716;61.4555;7.43;
339.1949;-21.0896;7.43;
341.3367;-9.6445;7.43;
342.1141;31.1007;7.43;
342.7661;52.2683;7.43;
342.9404;-35.8886;7.43;
344.2744;-57.4012;7.43;
344.404;39.3887;7.43;
344.6473;50.698;7.43;
344.6658;63.0771;7.43;
345.205;21.3815;7.43;
347.1567;-59.7366;7.43;
347.2447;62.8156;7.43;
350.7125;-23.4519;7.43;
351.9234;44.7853;7.43;
357.4777;-42.3007;7.43;
1.7672;6.8755;7.44;
1.9296;37.1854;7.44;
2.1835;74.2148;7.44;
2.7735;4.1331;7.44;
3.1401;44.5907;7.44;
3.3145;-26.3253;7.44;
4.8954;-50.4294;7.44;
7.9309;19.482;7.44;
10.2726;57.1716;7.44;
13.1583;45.1334;7.44;
13.1693;-21.4387;7.44;
14.0346;-8.0236;7.44;
16.3009;19.1978;7.44;
19.993;-57.3492;7.44;
23.7765;-2.3353;7.44;
25.0525;54.4457;7.44;
26.9263;54.0045;7.44;
28.4094;7.6339;7.44;
34.2052;51.529;7.44;
34.5282;29.8473;7.44;
34.7931;3.5368;7.44;
35.3145;59.2479;7.44;
38.7576;-82.236;7.44;
39.0334;79.729;7.44;
40.8978;-62.9192;7.44;
43.5874;7.6802;7.44;
44.2326;68.1779;7.44;
49.9834;8.6998;7.44;
51.098;-57.5511;7.44;
52.7644;27.7315;7.44;
56.334;-20.524;7.44;
56.9206;-69.8888;7.44;
58.6135;5.1746;7.44;
59.7727;27.1975;7.44;
62.3962;-32.9753;7.44;
63.0988;-31.5811;7.44;
68.0908;25.1855;7.44;
70.5156;69.0937;7.44;
72.169;70.5269;7.44;
73.6717;12.0258;7.44;
75.9665;24.9728;7.44;
77.0157;-6.219;7.44;
77.0292;-49.2971;7.44;
82.9327;-49.0185;7.44;
83.2203;-63.456;7.44;
84.407;15.2446;7.44;
85.1655;-20.2988;7.44;
88.781;-1.9269;7.44;
90.0625;15.1311;7.44;
91.3684;-33.5019;7.44;
91.6018;-0.9634;7.44;
93.1285;-29.0181;7.44;
95.1952;-24.3002;7.44;
95.2082;52.1483;7.44;
98.9696;-48.2799;7.44;
101.4292;-20.8527;7.44;
102.9748;6.6068;7.44;
105.7577;-24.2327;7.44;
106.0002;-4.6235;7.44;
106.0109;-12.2882;7.44;
106.521;13.9858;7.44;
106.523;-45.9688;7.44;
107.155;18.3014;7.44;
111.5129;-18.363;7.44;
115.5211;22.9288;7.44;
116.655;1.8577;7.44;
116.7912;0.9188;7.44;
117.7608;7.438;7.44;
118.7193;-38.42;7.44;
118.8263;-25.9319;7.44;
118.9824;-44.6205;7.44;
119.7224;-27.9071;7.44;
120.9893;43.8394;7.44;
121.8262;-56.6477;7.44;
125.6471;66.5453;7.44;
126.7004;-18.1732;7.44;
127.9793;50.6167;7.44;
128.2883;-15.7645;7.44;
128.5972;18.3976;7.44;
129.6588;30.7122;7.44;
132.6921;26.8268;7.44;
132.7512;73.752;7.44;
133.2045;-69.8306;7.44;
133.4788;-45.3771;7.44;
133.5617;-8.7609;7.44;
135.3816;-49.5793;7.44;
137.167;-54.3704;7.44;
137.2859;-1.5879;7.44;
137.4209;-13.8574;7.44;
138.2386;-15.4193;7.44;
142.8054;58.7565;7.44;
143.503;-32.0228;7.44;
144.2233;35.5993;7.44;
144.5941;7.709;7.44;
144.9962;53.497;7.44;
147.1678;-55.4952;7.44;
149.664;10.9605;7.44;
152.4832;63.7547;7.44;
157.2445;2.6466;7.44;
158.9311;-13.9567;7.44;
159.0762;52.1095;7.44;
161.6365;-18.874;7.44;
163.2312;-69.1216;7.44;
164.7844;17.8268;7.44;
168.3944;55.4159;7.44;
169.379;-63.4764;7.44;
170.2867;-14.0813;7.44;
170.6672;35.0262;7.44;
170.7064;77.3734;7.44;
171.1082;17.3437;7.44;
174.8458;-51.4246;7.44;
175.6477;-29.6395;7.44;
179.357;26.7622;7.44;
180.7493;-10.7524;7.44;
182.9553;-19.9293;7.44;
186.0093;-19.5719;7.44;
186.4784;4.1998;7.44;
186.86;-28.7162;7.44;
186.8879;17.8343;7.44;
188.5202;-23.546;7.44;
191.2639;27.3934;7.44;
198.8271;16.1949;7.44;
199.216;1.2402;7.44;
200.4573;-36.1122;7.44;
202.078;-0.8402;7.44;
202.3245;53.1776;7.44;
206.3369;9.0577;7.44;
209.6575;66.1008;7.44;
214.2384;-57.8543;7.44;
214.6716;-7.0137;7.44;
214.812;-14.4079;7.44;
215.3694;-72.3175;7.44;
216.4774;26.2653;7.44;
216.9923;35.5772;7.44;
218.627;63.2158;7.44;
219.6562;54.8532;7.44;
224.2756;-55.9127;7.44;
227.3432;57.1121;7.44;
231.9403;-63.0207;7.44;
233.867;-41.5049;7.44;
234.6834;12.2532;7.44;
235.8598;-30.535;7.44;
237.0394;1.5717;7.44;
240.9226;-64.465;7.44;
241.108;-11.4494;7.44;
242.0704;-51.6361;7.44;
244.2399;18.846;7.44;
245.4407;-42.0037;7.44;
247.4379;35.2019;7.44;
253.6384;-63.4556;7.44;
254.5696;-26.059;7.44;
254.7299;-39.1685;7.44;
256.8771;-59.6672;7.44;
258.9958;-52.3079;7.44;
264.1417;48.4577;7.44;
264.7703;-70.6942;7.44;
264.7895;31.8862;7.44;
265.0405;-39.205;7.44;
268.8557;32.4384;7.44;
269.3279;12.6266;7.44;
269.4422;20.3459;7.44;
269.874;30.7278;7.44;
270.3107;56.9676;7.44;
271.6267;40.361;7.44;
272.6563;7.6354;7.44;
273.8622;-35.0381;7.44;
275.7066;15.0018;7.44;
278.1497;25.4895;7.44;
279.452;18.4415;7.44;
281.0883;61.9387;7.44;
283.0687;43.7099;7.44;
283.6275;1.8975;7.44;
283.8918;4.4354;7.44;
284.5197;28.161;7.44;
286.4508;12.2076;7.44;
286.9778;-25.7022;7.44;
287.0482;9.5812;7.44;
287.7372;8.1215;7.44;
289.1298;48.3567;7.44;
291.014;-6.9773;7.44;
292.0413;54.7798;7.44;
293.444;7.9181;7.44;
294.3746;29.6151;7.44;
297.0711;-57.7254;7.44;
301.4185;48.5668;7.44;
302.1377;10.0539;7.44;
303.1387;25.6534;7.44;
303.3575;14.4103;7.44;
307.0127;-13.9971;7.44;
307.7787;40.858;7.44;
308.0711;54.1563;7.44;
309.1781;2.4958;7.44;
309.2294;-37.3869;7.44;
310.5169;-46.4002;7.44;
310.6654;63.2131;7.44;
310.9792;-19.3443;7.44;
314.6812;44.4146;7.44;
315.8336;-17.4687;7.44;
316.6949;34.1323;7.44;
317.7472;9.5494;7.44;
318.0942;-15.0001;7.44;
319.1244;-9.1579;7.44;
319.4088;-5.7823;7.44;
321.0689;62.9935;7.44;
322.3792;-38.0859;7.44;
322.847;40.0651;7.44;
323.7581;31.7839;7.44;
324.1377;33.2343;7.44;
324.4236;15.216;7.44;
325.7338;37.9049;7.44;
327.9485;61.9429;7.44;
328.5501;-5.353;7.44;
331.5605;-28.7044;7.44;
331.7777;0.5703;7.44;
332.2489;-36.0561;7.44;
332.729;57.9414;7.44;
333.1814;-6.4689;7.44;
339.1983;54.4234;7.44;
340.6343;-12.5597;7.44;
341.874;-1.7888;7.44;
343.5625;76.3381;7.44;
346.5374;63.2128;7.44;
346.5553;18.9904;7.44;
346.9801;31.4588;7.44;
351.0786;21.413;7.44;
355.0755;4.8065;7.44;
355.3232;32.5611;7.44;
356.7195;54.8612;7.44;
356.9367;4.23;7.44;
359.3102;15.6099;7.44;
0.8771;12.3568;7.45;
0.9352;42.0235;7.45;
1.4781;18.235;7.45;
2.948;9.14;7.45;
3.3263;-20.6187;7.45;
3.8905;50.0503;7.45;
4.8355;-46.499;7.45;
4.9915;-25.1219;7.45;
6.4678;65.3835;7.45;
8.8927;-39.7463;7.45;
19.0159;49.8963;7.45;
20.0595;-72.7493;7.45;
20.0657;-36.2429;7.45;
20.7352;31.8412;7.45;
25.2801;23.0253;7.45;
25.5621;-17.8888;7.45;
27.9054;47.0867;7.45;
28.6967;13.757;7.45;
35.7484;17.5979;7.45;
36.989;-58.1395;7.45;
38.0615;21.1181;7.45;
40.0772;29.7964;7.45;
46.3036;-19.081;7.45;
46.9642;62.6395;7.45;
48.1332;56.1491;7.45;
49.7276;-57.9789;7.45;
49.8884;44.0045;7.45;
49.9894;-34.0119;7.45;
51.6428;60.2815;7.45;
52.6669;-19.4356;7.45;
54.5649;47.577;7.45;
55.0653;7.5853;7.45;
55.7881;-61.5087;7.45;
57.2804;32.2643;7.45;
57.3992;-52.08;7.45;
61.0782;12.5074;7.45;
61.5126;-69.8713;7.45;
63.2522;-28.5406;7.45;
64.4613;-34.1865;7.45;
64.8694;74.636;7.45;
66.9302;43.1908;7.45;
69.2878;27.9257;7.45;
72.2395;-47.1345;7.45;
72.9229;-11.9476;7.45;
75.3288;26.5343;7.45;
76.3044;8.9421;7.45;
76.9047;32.764;7.45;
79.7205;13.5672;7.45;
80.909;-22.3081;7.45;
81.0341;-34.4154;7.45;
82.8529;36.7791;7.45;
82.921;9.226;7.45;
85.1359;-7.6594;7.45;
88.551;-47.1855;7.45;
89.4155;33.2603;7.45;
90.2939;19.4204;7.45;
92.2915;-14.0654;7.45;
92.7204;-61.4998;7.45;
94.465;-31.0092;7.45;
98.2493;39.7846;7.45;
99.0226;-24.8661;7.45;
100.6434;-41.8153;7.45;
101.2779;-1.021;7.45;
102.8583;-40.5503;7.45;
103.7799;-38.5565;7.45;
105.6722;-17.5815;7.45;
106.9238;33.1957;7.45;
108.4954;-48.3025;7.45;
108.9283;19.8474;7.45;
109.4191;40.9451;7.45;
112.1837;34.4369;7.45;
113.6689;28.5021;7.45;
115.8969;-10.1418;7.45;
118.231;64.9036;7.45;
119.8433;-52.5429;7.45;
120.3954;-15.2555;7.45;
122.4265;25.5591;7.45;
124.5968;37.0562;7.45;
127.0657;-51.7704;7.45;
127.8401;-65.5228;7.45;
128.1714;-55.4699;7.45;
131.4515;-36.743;7.45;
132.3022;3.4848;7.45;
132.4266;-28.2559;7.45;
132.8466;45.9332;7.45;
133.5006;-74.8849;7.45;
137.9492;-69.2034;7.45;
138.5286;-60.5354;7.45;
140.2992;34.9477;7.45;
143.6241;-66.1222;7.45;
144.3091;-30.2111;7.45;
146.2218;-50.0102;7.45;
147.016;-8.1686;7.45;
148.4915;57.6837;7.45;
149.5488;15.2213;7.45;
152.3824;-32.8467;7.45;
153.3804;-5.0873;7.45;
155.4605;-24.4359;7.45;
157.0607;-36.2202;7.45;
159.8499;-67.1654;7.45;
160.4833;-40.6913;7.45;
161.4509;-10.7136;7.45;
162.7746;56.2377;7.45;
162.8375;-66.8149;7.45;
165.4406;36.6782;7.45;
167.0983;-0.8407;7.45;
168.0617;36.8927;7.45;
168.3252;10.4473;7.45;
172.3992;3.7799;7.45;
172.5031;-44.6907;7.45;
173.2413;-23.4438;7.45;
175.7374;-9.12;7.45;
176.2209;-36.4099;7.45;
177.2937;67.3285;7.45;
179.3168;-80.4947;7.45;
179.5248;-59.5927;7.45;
180.9486;-54.7148;7.45;
181.8867;4.5132;7.45;
182.4089;-67.4542;7.45;
182.9994;-63.3808;7.45;
184.8839;-32.5888;7.45;
185.9696;-19.2256;7.45;
187.8782;33.015;7.45;
194.333;-28.8675;7.45;
194.785;-43.704;7.45;
195.4972;-69.2293;7.45;
195.5791;-56.6018;7.45;
204.4684;-38.8967;7.45;
205.6486;-12.0869;7.45;
208.6624;37.065;7.45;
210.3414;-37.3314;7.45;
211.5854;48.8809;7.45;
212.3815;20.4717;7.45;
216.1542;-47.1777;7.45;
220.2326;-26.4287;7.45;
223.7251;23.593;7.45;
223.7372;-61.0758;7.45;
226.292;-40.5693;7.45;
227.1384;53.2624;7.45;
228.6662;-59.8205;7.45;
230.3864;-6.8266;7.45;
232.7018;-45.4244;7.45;
233.8086;65.2778;7.45;
234.603;22.675;7.45;
234.6721;68.822;7.45;
235.863;82.9473;7.45;
240.68;-0.4124;7.45;
241.8007;-76.2559;7.45;
242.0488;-77.289;7.45;
242.2963;-32.1003;7.45;
242.361;11.5745;7.45;
242.6121;-62.9229;7.45;
250.8112;12.8783;7.45;
251.02;-18.5412;7.45;
252.0693;57.8137;7.45;
253.4584;-54.3634;7.45;
254.0604;-46.8494;7.45;
257.8574;-50.1191;7.45;
259.39;6.7616;7.45;
260.4116;35.8236;7.45;
262.8243;-10.9715;7.45;
263.4939;-61.5319;7.45;
264.2568;-18.9921;7.45;
266.8629;-18.1071;7.45;
268.4571;30.3704;7.45;
270.1118;-12.9881;7.45;
270.9748;35.9704;7.45;
271.9181;-43.3921;7.45;
274.0137;50.5326;7.45;
274.1038;48.3688;7.45;
276.3753;-30.2534;7.45;
277.0785;44.2568;7.45;
277.7789;32.2454;7.45;
280.7346;55.4513;7.45;
281.3229;-20.6474;7.45;
282.5904;54.301;7.45;
282.8952;-60.8958;7.45;
284.8117;31.6815;7.45;
286.6345;-23.2534;7.45;
288.1186;18.0019;7.45;
292.1496;8.8636;7.45;
292.1933;11.027;7.45;
292.25;12.8582;7.45;
292.7769;-29.495;7.45;
292.9099;5.0212;7.45;
294.0229;33.7461;7.45;
294.1345;41.0097;7.45;
294.5445;-63.9155;7.45;
294.6145;17.2572;7.45;
294.6918;23.1143;7.45;
294.8017;-16.9094;7.45;
297.7288;24.627;7.45;
299.497;36.3278;7.45;
299.9221;69.409;7.45;
301.8077;-69.5555;7.45;
302.3894;-20.5936;7.45;
302.5282;-25.284;7.45;
302.6881;20.4868;7.45;
303.3234;25.2416;7.45;
304.7596;-14.291;7.45;
305.8892;-26.735;7.45;
306.0234;44.7011;7.45;
306.3371;-29.9846;7.45;
307.5782;54.681;7.45;
313.8234;9.7212;7.45;
314.6041;46.6041;7.45;
316.1642;-64.0476;7.45;
317.4697;44.2005;7.45;
319.4233;20.0061;7.45;
320.2086;-9.1517;7.45;
320.4628;-16.2739;7.45;
320.6493;-55.7837;7.45;
322.4434;60.3787;7.45;
324.407;-19.231;7.45;
325.2758;26.7507;7.45;
327.5208;-38.6147;7.45;
328.6751;48.1987;7.45;
329.5823;82.8711;7.45;
330.8068;88.0731;7.45;
331.3081;14.4859;7.45;
332.3437;35.1293;7.45;
334.7593;68.4324;7.45;
335.5191;-34.4889;7.45;
337.0481;17.2633;7.45;
338.9268;32.7891;7.45;
340.4567;22.3894;7.45;
341.3451;1.7526;7.45;
341.527;52.1048;7.45;
342.7755;43.238;7.45;
342.8348;-41.582;7.45;
344.2612;56.4906;7.45;
344.4045;-20.2745;7.45;
345.004;57.7728;7.45;
351.2747;-73.2736;7.45;
351.8887;-27.2781;7.45;
352.632;16.5632;7.45;
353.6843;36.2041;7.45;
355.3258;2.4676;7.45;
355.7799;-36.785;7.45;
356.7184;28.4197;7.45;
358.1593;-68.0237;7.45;
0.1123;-16.697;7.46;
0.3726;-62.9231;7.46;
1.1662;-70.4043;7.46;
4.1902;13.9168;7.46;
4.6088;-63.4775;7.46;
7.4806;-1.1177;7.46;
17.044;44.7961;7.46;
19.7215;39.9633;7.46;
20.3842;-45.1374;7.46;
21.6205;-30.2756;7.46;
22.2073;-36.8331;7.46;
23.0038;-6.7187;7.46;
24.6595;-32.1693;7.46;
30.4961;61.905;7.46;
32.6679;51.0544;7.46;
33.6998;-37.5329;7.46;
35.2068;28.7361;7.46;
35.3104;23.4266;7.46;
35.7262;41.4799;7.46;
36.8552;59.1056;7.46;
37.8744;1.0942;7.46;
39.4608;35.1608;7.46;
39.6264;-44.7328;7.46;
40.282;56.2701;7.46;
41.8764;23.6367;7.46;
42.1898;25.0768;7.46;
42.4922;64.6308;7.46;
43.3965;-1.641;7.46;
47.2112;58.3478;7.46;
47.4869;3.061;7.46;
47.9848;16.166;7.46;
50.0885;23.6893;7.46;
51.4819;53.3227;7.46;
54.2289;35.0521;7.46;
58.3684;46.904;7.46;
62.1009;60.8767;7.46;
62.2642;-15.8909;7.46;
63.5041;11.0272;7.46;
64.1499;-10.0858;7.46;
64.9471;13.0858;7.46;
65.054;19.2335;7.46;
65.2256;81.9776;7.46;
65.2726;-21.2482;7.46;
66.3228;-5.6521;7.46;
66.7566;19.8433;7.46;
67.0123;10.0722;7.46;
68.4135;-1.8312;7.46;
68.5691;45.9135;7.46;
70.946;-20.3518;7.46;
72.5291;-58.8012;7.46;
74.1996;-16.1351;7.46;
78.0051;6.8381;7.46;
80.2999;11.1094;7.46;
81.5179;-58.5614;7.46;
82.5978;34.2007;7.46;
82.9706;51.0281;7.46;
84.3627;56.4878;7.46;
84.5271;-0.1843;7.46;
86.3441;12.7893;7.46;
88.0327;65.1578;7.46;
88.1626;34.2687;7.46;
88.9298;-38.1045;7.46;
90.0574;4.8355;7.46;
90.1536;56.9233;7.46;
90.8501;-53.8904;7.46;
90.9996;-51.0986;7.46;
92.7465;11.9949;7.46;
93.0512;4.6737;7.46;
93.9102;36.1462;7.46;
97.9004;-5.3687;7.46;
97.9369;2.0164;7.46;
99.0808;-26.5348;7.46;
99.5288;59.4495;7.46;
100.1047;-21.3901;7.46;
100.6368;29.3752;7.46;
100.8309;49.4037;7.46;
100.9736;-27.5914;7.46;
101.5564;-83.9915;7.46;
103.1696;-21.1843;7.46;
106.0943;4.5721;7.46;
108.2007;15.1783;7.46;
108.3654;-29.1824;7.46;
108.3722;-38.4911;7.46;
109.0823;-50.0484;7.46;
113.3832;30.6286;7.46;
113.5968;-42.0738;7.46;
114.2385;-24.2969;7.46;
114.6789;-1.4523;7.46;
115.8199;-33.803;7.46;
116.4622;-7.5297;7.46;
117.2426;0.6619;7.46;
119.2392;-57.4306;7.46;
120.1222;-17.9301;7.46;
122.0603;-33.34;7.46;
124.4671;-1.804;7.46;
125.9404;0.0594;7.46;
126.7726;-15.6427;7.46;
127.3788;-34.2623;7.46;
127.6736;46.7496;7.46;
128.5133;-1.5682;7.46;
130.0348;-51.9416;7.46;
130.1005;-14.6969;7.46;
130.6739;39.0615;7.46;
131.4962;-48.6871;7.46;
131.8415;-39.7998;7.46;
135.6007;-2.3659;7.46;
135.838;-4.4416;7.46;
137.5872;-6.1597;7.46;
138.8088;-19.5961;7.46;
140.5955;48.4101;7.46;
141.9014;12.4002;7.46;
142.4411;-25.5282;7.46;
142.4816;33.5516;7.46;
145.1451;71.7554;7.46;
150.1123;-42.8864;7.46;
150.5422;-10.4305;7.46;
150.6458;-56.2567;7.46;
152.1113;-56.4369;7.46;
152.7325;-59.1544;7.46;
152.8229;-17.6355;7.46;
155.3976;-3.8594;7.46;
156.9479;-38.7038;7.46;
163.0103;-61.4292;7.46;
165.3124;-9.7718;7.46;
166.8658;-28.4913;7.46;
168.6391;52.9469;7.46;
169.6306;-60.244;7.46;
178.9799;-22.1841;7.46;
180.212;32.9639;7.46;
181.2998;-34.209;7.46;
182.0759;58.5568;7.46;
182.4052;40.2521;7.46;
184.0695;-3.2356;7.46;
186.987;-18.6097;7.46;
187.6408;9.7157;7.46;
187.7308;-30.6775;7.46;
188.2253;-16.6601;7.46;
189.2116;-15.5723;7.46;
189.671;-39.3924;7.46;
195.1258;3.6042;7.46;
195.3768;1.5203;7.46;
196.9025;1.4745;7.46;
199.3982;-43.2992;7.46;
199.6891;-17.1337;7.46;
206.0909;-73.6368;7.46;
206.0918;-14.7605;7.46;
206.982;-18.5727;7.46;
207.2583;-28.3676;7.46;
207.6966;-24.9797;7.46;
212.7822;-11.9527;7.46;
217.9593;51.0211;7.46;
219.2806;33.6782;7.46;
220.7177;-75.8246;7.46;
221.8829;19.05;7.46;
222.1494;-63.3554;7.46;
222.658;-32.4665;7.46;
223.4449;-28.4057;7.46;
223.6945;85.1208;7.46;
226.441;71.8827;7.46;
229.1442;-47.6969;7.46;
230.0256;14.5611;7.46;
232.952;16.2345;7.46;
237.666;-23.2582;7.46;
238.2345;15.4307;7.46;
243.3666;-64.9857;7.46;
243.6998;18.2166;7.46;
244.4635;35.6996;7.46;
245.7747;-0.8562;7.46;
249.5613;-46.9316;7.46;
249.8967;-7.5123;7.46;
251.1767;2.3329;7.46;
254.2783;14.6737;7.46;
254.4099;-3.0167;7.46;
255.3042;-38.2033;7.46;
255.5942;-10.9521;7.46;
255.6175;-56.6797;7.46;
257.1235;72.1336;7.46;
260.2606;4.6189;7.46;
263.5945;19.242;7.46;
268.0197;-60.3936;7.46;
268.2365;42.2125;7.46;
268.4153;-43.7191;7.46;
271.4357;-36.5795;7.46;
271.6618;46.2733;7.46;
271.873;19.6664;7.46;
272.8184;-0.6591;7.46;
273.498;-44.6512;7.46;
276.0939;15.6554;7.46;
276.5712;-79.9274;7.46;
277.7869;-53.5276;7.46;
278.0072;6.7801;7.46;
278.6472;3.1358;7.46;
281.7827;35.8757;7.46;
283.9707;-5.7452;7.46;
284.7538;49.3194;7.46;
288.1542;6.0395;7.46;
290.4215;29.9055;7.46;
291.6407;27.3227;7.46;
292.1953;-36.0003;7.46;
292.1959;67.6267;7.46;
293.8834;31.2766;7.46;
294.3407;26.3591;7.46;
295.9859;49.7834;7.46;
296.6498;39.5112;7.46;
297.5916;-26.7158;7.46;
298.62;33.1314;7.46;
300.3162;5.6482;7.46;
300.696;3.3262;7.46;
301.817;82.2165;7.46;
303.9301;78.0229;7.46;
304.6632;-42.6204;7.46;
304.7355;-6.6387;7.46;
306.1945;25.1795;7.46;
307.6117;52.2939;7.46;
308.3443;29.5239;7.46;
309.3398;75.6004;7.46;
313.5238;-18.9968;7.46;
313.7078;32.7064;7.46;
315.4586;39.2606;7.46;
315.8812;-52.8891;7.46;
318.8981;44.9545;7.46;
319.0413;4.4053;7.46;
319.6053;17.7208;7.46;
319.6122;54.1738;7.46;
320.2119;-45.8109;7.46;
321.0484;50.4361;7.46;
323.2782;-78.5431;7.46;
324.6137;43.2908;7.46;
324.8331;-30.3044;7.46;
325.6423;42.4407;7.46;
325.9763;27.8469;7.46;
329.0224;-5.8292;7.46;
329.1985;-46.48;7.46;
333.1108;23.7589;7.46;
333.8725;55.8186;7.46;
339.1635;-31.6417;7.46;
340.228;66.5234;7.46;
341.4066;74.5541;7.46;
342.4834;-20.2851;7.46;
342.7173;18.0021;7.46;
346.0477;-22.2347;7.46;
346.2546;33.3858;7.46;
351.7279;-73.8365;7.46;
353.9064;14.5937;7.46;
354.5419;20.5692;7.46;
355.1926;52.5605;7.46;
356.9282;71.4962;7.46;
357.626;17.6113;7.46;
1.2397;45.6738;7.47;
1.3667;-42.8874;7.47;
2.8797;40.399;7.47;
2.9122;55.9615;7.47;
4.6228;-46.5321;7.47;
6.9188;58.5539;7.47;
7.1538;33.634;7.47;
7.4653;38.3241;7.47;
8.2994;-46.9518;7.47;
8.476;3.3199;7.47;
19.3312;1.8413;7.47;
20.6811;10.3695;7.47;
23.6942;-2.0337;7.47;
24.3544;55.0708;7.47;
24.6785;46.3465;7.47;
24.9541;-55.1493;7.47;
29.2243;-75.3657;7.47;
30.293;24.4444;7.47;
31.3976;-51.9912;7.47;
34.1566;52.7218;7.47;
35.5493;-59.7593;7.47;
36.2217;-42.1594;7.47;
38.2325;37.3336;7.47;
39.1386;63.4967;7.47;
40.0031;-16.3084;7.47;
50.5212;4.2106;7.47;
52.2236;49.0703;7.47;
54.1014;20.0676;7.47;
54.9351;-1.5925;7.47;
58.305;7.7705;7.47;
64.0781;-17.8749;7.47;
65.2297;38.5772;7.47;
65.5426;-4.6769;7.47;
67.8348;-28.8819;7.47;
70.1507;44.0971;7.47;
72.048;-56.8173;7.47;
72.0516;59.241;7.47;
76.5461;-10.4221;7.47;
76.8198;0.991;7.47;
78.7877;15.0626;7.47;
79.251;-31.2767;7.47;
79.929;67.9964;7.47;
82.1754;1.227;7.47;
82.7157;10.2544;7.47;
84.4727;0.9686;7.47;
85.5367;-43.5083;7.47;
85.8215;41.1229;7.47;
86.7145;47.4674;7.47;
87.7008;27.6859;7.47;
89.9733;3.991;7.47;
90.7529;-23.2186;7.47;
90.8247;-16.0432;7.47;
91.7144;-23.0938;7.47;
93.2433;77.2868;7.47;
93.4845;-6.8232;7.47;
94.0616;0.0153;7.47;
94.4448;40.1886;7.47;
96.9193;18.2239;7.47;
97.3681;-11.4642;7.47;
97.6144;-4.6968;7.47;
97.9843;-29.3097;7.47;
98.8419;-38.8088;7.47;
100.0175;-17.2936;7.47;
101.3707;44.2334;7.47;
103.1625;7.8222;7.47;
104.1386;0.1063;7.47;
104.366;43.2293;7.47;
104.4909;2.2922;7.47;
105.0616;26.8784;7.47;
105.6176;53.3838;7.47;
105.7715;-40.3575;7.47;
105.9301;33.8934;7.47;
106.4949;33.7425;7.47;
107.8137;59.0646;7.47;
109.008;29.2551;7.47;
109.7606;29.1837;7.47;
109.7913;-25.5659;7.47;
111.2908;19.0055;7.47;
116.4292;-48.3548;7.47;
118.1589;71.7841;7.47;
118.6021;-50.1707;7.47;
118.7258;32.2847;7.47;
122.2031;0.4595;7.47;
125.9489;-42.0339;7.47;
127.7658;-14.0121;7.47;
128.5339;-44.5448;7.47;
128.7675;11.2837;7.47;
128.9049;-42.5605;7.47;
128.921;-52.3223;7.47;
129.0727;20.3415;7.47;
129.1781;25.9373;7.47;
129.4841;39.6448;7.47;
131.1949;-22.298;7.47;
131.4455;48.8788;7.47;
132.4178;-42.8235;7.47;
132.9847;11.1359;7.47;
134.7078;25.405;7.47;
137.4194;-9.9379;7.47;
138.9783;-49.9735;7.47;
139.8716;-67.4313;7.47;
140.3777;-34.3365;7.47;
147.7476;-15.8796;7.47;
149.2033;77.9382;7.47;
149.5495;-72.0647;7.47;
150.4067;-17.333;7.47;
152.8112;-61.7684;7.47;
155.5356;68.926;7.47;
157.6285;-39.0639;7.47;
161.0418;-72.0645;7.47;
162.7263;-14.8914;7.47;
163.1365;45.7778;7.47;
167.5892;-36.0952;7.47;
170.1788;-58.3168;7.47;
172.2662;-58.7918;7.47;
172.8473;3.0627;7.47;
174.3972;-85.4865;7.47;
175.7936;56.0197;7.47;
176.2103;-58.7037;7.47;Uklun
179.1259;57.8716;7.47;
180.5635;-52.5298;7.47;
181.1431;-31.1876;7.47;
183.6755;-24.7752;7.47;
183.9699;-6.1604;7.47;
184.5467;27.3006;7.47;
185.7287;-14.6629;7.47;
187.7767;16.6141;7.47;
193.4837;87.6483;7.47;
193.6169;46.7778;7.47;
194.6084;-51.5092;7.47;
195.7604;23.2024;7.47;
200.1603;-69.6806;7.47;
200.3451;-39.99;7.47;
200.8584;17.2963;7.47;
202.9499;-31.0553;7.47;
203.3048;47.7587;7.47;
204.1902;79.3538;7.47;
206.3921;34.6474;7.47;
207.8944;-48.2987;7.47;
208.6062;29.9156;7.47;
208.7596;78.3998;7.47;
210.6609;-26.8479;7.47;
211.7581;-27.3528;7.47;
213.7163;-21.0648;7.47;
213.8971;39.6765;7.47;
218.0514;-26.7848;7.47;
219.9029;-39.5648;7.47;
220.5963;21.2931;7.47;
222.6262;-67.4976;7.47;
223.6666;-75.6018;7.47;
224.701;76.528;7.47;
227.26;-13.9996;7.47;
227.9116;-67.71;7.47;
228.3718;-55.7318;7.47;
228.4637;-74.9115;7.47;
228.4956;47.969;7.47;
228.7404;-2.4148;7.47;
231.4376;-57.0142;7.47;
231.6256;28.1275;7.47;
236.1523;11.4221;7.47;
237.0061;-37.6755;7.47;
237.4296;-32.8083;7.47;
242.4725;-12.8857;7.47;
244.0997;8.036;7.47;
245.7477;-7.2089;7.47;
246.1268;-27.1511;7.47;
247.5422;15.1283;7.47;
247.6068;-10.4414;7.47;
248.421;-37.3829;7.47;
248.5435;-38.3903;7.47;
249.6063;-7.153;7.47;
250.1549;56.167;7.47;
252.8476;50.7731;7.47;
255.771;21.5622;7.47;
256.6227;-13.9349;7.47;
256.7956;12.126;7.47;
258.5933;-64.631;7.47;
259.4814;28.9063;7.47;
260.1163;35.371;7.47;
261.4393;27.3033;7.47;
264.0554;-17.8638;7.47;
264.6594;55.7596;7.47;
265.5882;-46.2989;7.47;
266.9698;6.4024;7.47;
267.4267;20.9227;7.47;
267.4501;-76.202;7.47;
268.2638;-2.5793;7.47;
269.3099;20.6391;7.47;
269.8596;-22.4669;7.47;
273.9045;-32.3427;7.47;
274.523;-1.3301;7.47;
279.1405;30.4425;7.47;
279.1643;-20.3139;7.47;
279.9558;15.0893;7.47;
280.3612;0.5644;7.47;
282.3835;-10.38;7.47;
284.5835;39.6418;7.47;
285.5425;47.2873;7.47;
287.0353;21.7796;7.47;
287.0687;25.3747;7.47;
288.681;65.2728;7.47;
289.997;-19.3663;7.47;
290.423;-54.1859;7.47;
291.0413;39.2117;7.47;
291.2105;-18.6168;7.47;
292.6747;-8.1865;7.47;
292.707;18.2507;7.47;
294.4322;-5.0618;7.47;
296.136;-22.8558;7.47;
297.148;56.5008;7.47;
297.4545;-64.9062;7.47;
299.7439;-46.088;7.47;
301.0982;33.5505;7.47;
303.6272;24.8448;7.47;
304.0665;51.9988;7.47;
305.418;44.8142;7.47;
305.6284;54.9322;7.47;
306.3193;60.0119;7.47;
306.5898;41.3793;7.47;
308.0036;-65.8152;7.47;
308.3789;-22.2319;7.47;
309.8241;-6.1909;7.47;
310.0795;-35.7989;7.47;
310.0944;-46.8266;7.47;
310.3838;35.911;7.47;
312.1335;23.0118;7.47;
314.2198;-22.0057;7.47;
314.2968;16.2514;7.47;
316.0065;-18.1122;7.47;
317.0028;-62.9463;7.47;
317.3194;-57.8656;7.47;
317.902;-3.1202;7.47;
318.6291;4.6897;7.47;
319.2844;-80.3449;7.47;
319.5195;-2.1419;7.47;
320.4483;2.0273;7.47;
320.9165;-55.543;7.47;
320.919;-39.7788;7.47;
321.694;43.8123;7.47;
325.6542;10.2078;7.47;
326.6144;-17.9236;7.47;
327.7116;-20.5409;7.47;
327.7236;-59.6449;7.47;
328.1039;60.3299;7.47;
328.653;47.1553;7.47;
329.3327;-37.7636;7.47;Itonda
329.4481;19.8781;7.47;
329.624;-13.2522;7.47;
330.6276;23.5784;7.47;
331.8554;-19.5703;7.47;
331.9434;-10.0786;7.47;
332.4146;22.2422;7.47;
332.6435;47.9138;7.47;
334.1673;12.9203;7.47;
337.0553;-39.0892;7.47;
337.4658;-46.0748;7.47;
339.2477;-87.3204;7.47;
339.5374;41.1208;7.47;
339.6123;9.2584;7.47;
341.033;61.5118;7.47;
342.6179;-59.5255;7.47;
342.6769;-0.5778;7.47;
343.6662;-67.6121;7.47;
343.6819;35.9836;7.47;
344.4846;13.6116;7.47;
345.0804;-26.1537;7.47;
345.8819;-56.4987;7.47;
347.1188;29.161;7.47;
353.2252;63.1555;7.47;
354.5331;-70.9034;7.47;
355.9569;-61.7298;7.47;
356.0692;36.3389;7.47;
357.4925;-61.1353;7.47;
358.0115;-59.2016;7.47;
359.02;31.0779;7.47;
359.8685;-20.0347;7.47;
1.8419;-56.8369;7.48;
1.8672;-56.0115;7.48;
3.9651;-5.6012;7.48;
7.0429;20.796;7.48;
7.8806;21.1102;7.48;
7.9473;45.9263;7.48;
11.7156;46.3636;7.48;
13.4258;-13.9203;7.48;
16.7967;-24.8551;7.48;
16.8124;44.6167;7.48;
17.0165;-61.8716;7.48;
17.1703;70.6815;7.48;
17.8837;-12.8431;7.48;
19.8512;3.2897;7.48;
19.8914;-47.2923;7.48;
20.0219;-20.4709;7.48;
20.049;52.1314;7.48;
20.5976;5.2514;7.48;
26.5797;43.7057;7.48;
27.4003;-81.3591;7.48;
29.93;41.3499;7.48;
34.3912;58.0199;7.48;
34.6656;34.4877;7.48;
35.7229;57.2452;7.48;
37.9493;21.3753;7.48;
41.9085;15.2313;7.48;
45.946;-21.3615;7.48;
47.8555;57.9031;7.48;
49.1695;-3.5303;7.48;
49.249;60.0675;7.48;
51.6843;-28.5609;7.48;
53.2484;-67.4195;7.48;
53.7923;5.714;7.48;
55.8772;-61.6262;7.48;
55.9487;42.6034;7.48;
56.0777;-41.8977;7.48;
57.8854;-56.294;7.48;
58.4596;26.8959;7.48;
59.8383;48.7621;7.48;
61.6558;19.1529;7.48;
67.2266;-49.6018;7.48;
71.5212;18.8007;7.48;
71.5398;-49.2458;7.48;
75.0342;3.2867;7.48;
75.3262;-23.7079;7.48;
79.2721;9.9273;7.48;
81.6727;-64.3243;7.48;
81.7926;29.9211;7.48;
82.1384;-4.697;7.48;
82.3791;-21.0398;7.48;
85.3578;9.1983;7.48;
86.8083;-12.8047;7.48;
89.8868;46.5348;7.48;
91.1803;-28.0607;7.48;
91.5273;28.9348;7.48;
92.9754;71.1308;7.48;
93.8003;8.4463;7.48;
93.9435;-6.2085;7.48;
94.0513;56.9344;7.48;
94.2202;-18.6067;7.48;
95.2309;-16.9849;7.48;
96.9036;-15.3062;7.48;
98.9646;17.2;7.48;
99.7453;41.4948;7.48;
100.9465;18.6559;7.48;
106.0362;-64.49;7.48;
109.8436;36.6756;7.48;
110.193;-0.8468;7.48;
110.8841;-34.518;7.48;
111.9818;-23.4898;7.48;
112.0968;-35.2602;7.48;
112.7094;-51.159;7.48;
112.7585;-34.9842;7.48;
112.8509;-74.2906;7.48;
113.6431;-21.3065;7.48;
114.0719;-40.5313;7.48;
114.8979;-13.8856;7.48;
118.0555;-59.6137;7.48;
118.5203;-34.0222;7.48;
119.5201;-37.5801;7.48;
119.5463;13.3295;7.48;
120.8104;9.9428;7.48;
121.382;-13.5725;7.48;
121.9198;-47.2549;7.48;
123.6626;1.1574;7.48;
125.4067;-40.4548;7.48;
128.9378;19.7712;7.48;
129.1648;-9.7142;7.48;
132.3386;-43.3707;7.48;
134.0987;83.8874;7.48;
137.619;-26.2869;7.48;
138.4255;65.7969;7.48;
139.6818;-34.0959;7.48;
140.5867;-39.3801;7.48;
140.9785;-5.3615;7.48;
141.0952;-29.1808;7.48;
142.3254;-33.6725;7.48;
143.0551;21.8564;7.48;
149.7578;-3.0216;7.48;
150.7068;49.8784;7.48;
150.7995;58.0978;7.48;
155.0549;-23.1026;7.48;
155.6428;42.6165;7.48;
155.7716;-61.2657;7.48;
156.466;-13.1327;7.48;
160.7705;-72.1951;7.48;
162.2522;-31.0591;7.48;
163.2035;27.8652;7.48;
163.4514;-43.1175;7.48;
164.4787;-22.0209;7.48;
167.6283;7.8917;7.48;
170.7376;-20.6255;7.48;
171.8377;-24.1697;7.48;
174.9395;-34.982;7.48;
176.9848;27.3406;7.48;
179.3271;-22.5382;7.48;
179.4933;-65.3221;7.48;
179.6622;-52.7687;7.48;
180.7223;12.8074;7.48;
181.773;-78.7411;7.48;
182.5786;-19.7699;7.48;
182.6159;29.0682;7.48;
182.6193;-24.9589;7.48;
185.267;38.0238;7.48;
185.5058;33.0907;7.48;
187.055;-53.577;7.48;
188.4128;44.0962;7.48;
189.8509;-29.5369;7.48;
190.6626;28.3597;7.48;
194.5167;-46.4279;7.48;
196.6038;57.0253;7.48;
196.6493;-46.0339;7.48;
199.3887;17.2925;7.48;
207.5041;54.8694;7.48;
215.6575;-79.7158;7.48;
216.9447;3.6214;7.48;
217.8099;-40.6559;7.48;
219.0023;9.7465;7.48;
219.5291;-12.9107;7.48;
221.9135;24.0976;7.48;
224.9288;-36.8912;7.48;
225.034;67.0905;7.48;
226.6427;-12.907;7.48;
229.3286;42.5659;7.48;
231.0841;-52.7156;7.48;
231.9181;42.8814;7.48;
232.0095;-33.5452;7.48;
235.6671;-32.186;7.48;
236.1223;16.5104;7.48;
237.9874;-12.5375;7.48;
243.1904;-1.7219;7.48;
243.8886;-12.68;7.48;
244.5728;-46.4498;7.48;
244.6364;77.5487;7.48;
245.9819;28.384;7.48;
251.4661;46.0447;7.48;
252.2725;48.2355;7.48;
253.1347;-38.4361;7.48;
255.1202;45.7788;7.48;
256.1341;31.4113;7.48;
256.5229;-26.5806;7.48;
259.225;39.4685;7.48;
264.7716;27.0504;7.48;
269.7634;23.8286;7.48;
270.4678;-19.1061;7.48;
272.2257;-27.7836;7.48;
272.9815;52.3164;7.48;
273.0564;-63.9868;7.48;
273.8924;47.5609;7.48;
275.1109;-31.3162;7.48;
275.2757;20.9348;7.48;
276.8646;49.8186;7.48;
279.7605;-15.0393;7.48;
281.8454;-60.3751;7.48;
283.1785;35.4795;7.48;
286.4909;-63.7448;7.48;
287.814;4.1911;7.48;
287.8809;29.8902;7.48;
289.6244;-18.6968;7.48;
289.6307;16.6977;7.48;
289.9415;36.7643;7.48;
291.4931;36.1865;7.48;
293.7811;34.1998;7.48;
294.83;-45.4283;7.48;
295.489;36.2257;7.48;
295.639;-59.0099;7.48;
296.2366;10.7752;7.48;
296.3682;-7.0195;7.48;
297.905;26.2256;7.48;
299.1401;8.2559;7.48;
300.1809;23.7989;7.48;
300.2868;14.8015;7.48;
301.3315;-29.0796;7.48;
302.1489;-14.254;7.48;
302.6202;44.6168;7.48;
304.2907;15.8727;7.48;
304.9478;-0.9071;7.48;
306.4284;60.1776;7.48;
306.5093;-3.8647;7.48;
307.977;-0.1544;7.48;
308.7545;32.0346;7.48;
309.2663;8.9778;7.48;
314.3983;39.6627;7.48;
317.0753;53.2263;7.48;
317.8159;33.1335;7.48;
318.1951;-35.7628;7.48;
322.1764;24.6701;7.48;
324.6209;48.7136;7.48;
325.8826;-31.2488;7.48;
326.4265;62.3083;7.48;
330.4308;26.3779;7.48;
330.5547;-23.6166;7.48;
330.8517;30.0374;7.48;
333.9525;43.9008;7.48;
335.1299;35.1147;7.48;
336.5816;7.9035;7.48;
336.8529;-49.366;7.48;
338.8004;14.6105;7.48;
339.2539;-7.5665;7.48;
339.9822;22.877;7.48;
343.8539;70.2973;7.48;
345.4648;-3.8487;7.48;
346.0951;-6.6897;7.48;
346.2749;28.202;7.48;
346.3565;-22.4868;7.48;
348.804;-6.1219;7.48;
352.2073;31.7962;7.48;
353.5012;-24.8596;7.48;
356.047;-40.6859;7.48;
356.5765;9.7851;7.48;
356.9843;-13.9169;7.48;
0.8581;20.6655;7.49;
2.9807;-75.4768;7.49;
5.7501;-6.463;7.49;
6.8023;25.5785;7.49;
10.1262;-55.5115;7.49;
11.0469;46.2356;7.49;
12.9461;48.0566;7.49;
14.476;75.4938;7.49;
17.6352;52.1292;7.49;
22.1737;-68.1751;7.49;
22.949;-10.2573;7.49;
24.7158;31.6495;7.49;
29.3038;-7.8138;7.49;
30.0729;38.5976;7.49;
30.3006;-66.3488;7.49;
31.511;74.5837;7.49;
31.7336;-1.8237;7.49;
34.6166;-8.3593;7.49;
35.3907;-48.3122;7.49;
36.6582;-51.7042;7.49;
38.5152;12.1809;7.49;
40.5779;-16.0214;7.49;
40.6725;32.9015;7.49;
46.6404;-39.7801;7.49;
47.4402;20.001;7.49;
47.8693;-74.6656;7.49;
54.6516;74.738;7.49;
56.7339;-14.4783;7.49;
57.9324;70.5081;7.49;
59.9438;-17.9122;7.49;
63.7784;3.2465;7.49;
66.6711;-6.4041;7.49;
66.7527;52.0023;7.49;
66.942;11.7364;7.49;
67.8128;-35.7736;7.49;
68.3144;64.9882;7.49;
69.3613;0.5531;7.49;
72.0245;0.6758;7.49;
72.468;-35.1076;7.49;
72.5227;66.5353;7.49;
73.2426;26.7774;7.49;
73.9099;-23.2419;7.49;
74.1825;8.8224;7.49;
76.5955;2.6733;7.49;
77.4157;-44.3355;7.49;
77.5321;53.7098;7.49;
78.9334;50.5622;7.49;
79.565;-74.6982;7.49;
81.4717;-6.3627;7.49;
81.936;-25.6368;7.49;
81.9413;33.9459;7.49;
83.0918;19.1224;7.49;
85.9061;-68.0813;7.49;
86.3955;48.985;7.49;
86.4496;37.659;7.49;
89.288;-53.4174;7.49;
89.4597;37.5182;7.49;
90.276;41.9385;7.49;
91.5709;29.0969;7.49;
92.1938;-43.8122;7.49;
92.5315;-29.8186;7.49;
93.0664;10.3334;7.49;
93.9658;42.0351;7.49;
94.1746;-69.0761;7.49;
94.4059;-24.4447;7.49;
98.4212;-7.2035;7.49;
98.6602;43.0655;7.49;
99.2639;-28.7062;7.49;
100.8048;-0.0213;7.49;
101.049;36.994;7.49;
101.3056;-46.8533;7.49;
102.2151;-14.3892;7.49;
104.371;2.888;7.49;
104.5029;63.0406;7.49;
105.8558;-3.0254;7.49;
107.2861;-31.9336;7.49;
107.6256;-20.2748;7.49;
107.665;-41.2651;7.49;
108.8785;-75.8649;7.49;
109.1551;-64.1255;7.49;
110.3374;13.1647;7.49;
110.5629;50.1488;7.49;
112.0221;-19.1181;7.49;
112.0704;-11.2653;7.49;
115.2509;-36.8685;7.49;
116.0395;38.8378;7.49;
116.3102;-81.9675;7.49;
116.6473;4.1306;7.49;
117.361;-59.3808;7.49;
119.8384;-19.4662;7.49;
120.117;-34.1239;7.49;
122.1027;49.0211;7.49;
122.4913;29.125;7.49;
123.3925;-6.5944;7.49;
124.0263;57.0941;7.49;
126.23;23.9455;7.49;
128.2731;-56.3966;7.49;
130.4784;-22.0282;7.49;
131.5274;-7.5843;7.49;
132.6599;36.8771;7.49;
135.2403;-24.9699;7.49;
136.5939;49.6114;7.49;
137.6384;-36.8445;7.49;
138.1046;-81.7686;7.49;
139.543;-18.2477;7.49;
144.5008;-59.3992;7.49;
145.4375;82.3651;7.49;
146.4329;-41.667;7.49;
146.7059;-39.3256;7.49;
147.183;-60.1326;7.49;
147.2069;-22.0188;7.49;
148.1515;-51.7131;7.49;
148.3455;-38.4089;7.49;
150.8222;-43.8401;7.49;
151.1116;-7.2184;7.49;
151.4686;-27.2751;7.49;
152.1244;33.5146;7.49;
152.2919;71.6876;7.49;
153.5254;-54.9937;7.49;
155.1921;-19.0502;7.49;
157.9608;-63.9405;7.49;
159.7913;-54.8612;7.49;
159.9255;8.843;7.49;
161.1827;41.7146;7.49;
161.563;-41.4644;7.49;
165.8341;35.9699;7.49;Lalande 21185
166.3014;-30.4357;7.49;
167.8304;-1.3946;7.49;
178.197;-38.3387;7.49;
179.8108;-3.3227;7.49;
180.0413;36.7298;7.49;
180.8429;-55.3213;7.49;
181.5034;23.2047;7.49;
183.7392;-41.1394;7.49;
183.7501;-1.3266;7.49;
183.8928;-31.6902;7.49;
184.6022;-31.4952;7.49;
184.6338;-8.9044;7.49;
191.433;33.5413;7.49;
192.1177;60.8202;7.49;
193.7851;-48.0916;7.49;
195.0646;21.5543;7.49;
195.6851;45.3847;7.49;
196.3933;13.2264;7.49;
197.8463;63.1462;7.49;
198.8259;-70.478;7.49;
198.8441;-43.063;7.49;
199.5228;-60.3973;7.49;
200.8526;39.4296;7.49;
204.8575;-36.241;7.49;
208.0124;-52.8099;7.49;
210.6957;61.6791;7.49;
210.8805;-10.7313;7.49;
213.9792;-68.5403;7.49;
214.4916;39.9127;7.49;
217.2302;39.6187;7.49;
223.4172;-19.9725;7.49;
224.1313;-24.2583;7.49;
225.9038;-7.5714;7.49;
226.1813;38.6052;7.49;
228.4462;-14.0229;7.49;
228.707;-42.3197;7.49;
229.6472;-8.3973;7.49;
231.611;44.0035;7.49;
231.9513;-25.1695;7.49;
233.3134;-13.0128;7.49;
234.0528;35.7054;7.49;
234.4637;-31.2521;7.49;
235.2352;-63.1946;7.49;
235.7427;-58.1147;7.49;
236.2327;21.4444;7.49;
237.8723;25.3041;7.49;
238.0068;-45.5052;7.49;
241.3263;-55.8112;7.49;
243.3554;35.1989;7.49;
244.9382;19.8335;7.49;
251.8447;69.0988;7.49;
253.964;77.9597;7.49;
254.2572;18.2338;7.49;
254.339;43.6837;7.49;
254.9558;-4.2212;7.49;
256.5015;7.8547;7.49;
257.6918;49.3468;7.49;
259.15;52.7845;7.49;
261.5244;-27.5996;7.49;
263.9599;-65.0453;7.49;
264.0711;-65.9975;7.49;
264.6055;12.7374;7.49;
266.082;-16.8648;7.49;
267.28;-71.0953;7.49;
267.3913;0.9062;7.49;
267.7434;-50.2909;7.49;
271.0287;39.4808;7.49;
272.524;-45.904;7.49;
273.3965;45.6665;7.49;
273.7093;-66.8151;7.49;
274.6173;5.1352;7.49;
274.8091;12.534;7.49;
275.2992;32.8779;7.49;
275.467;41.2133;7.49;
277.2664;43.9393;7.49;
279.2878;-15.0262;7.49;
279.6765;-70.2354;7.49;
281.2364;22.5622;7.49;
284.7213;-4.7267;7.49;
285.8826;8.2938;7.49;
288.5755;-1.141;7.49;
288.8591;45.3357;7.49;
289.1143;-11.5685;7.49;
289.3883;51.3465;7.49;
289.5948;14.4743;7.49;
291.1096;-55.8883;7.49;
296.5663;32.1162;7.49;
300.0818;13.1008;7.49;
300.256;-58.3876;7.49;
301.1065;-27.7476;7.49;
302.7902;6.3486;7.49;
302.8615;-28.6949;7.49;
305.4295;-36.6101;7.49;
305.4829;13.5925;7.49;
306.8622;-2.1195;7.49;
306.948;26.1467;7.49;
310.4229;11.5662;7.49;
312.9471;-10.3173;7.49;
315.0362;-10.6282;7.49;
316.8636;9.2959;7.49;
316.8806;-38.6914;7.49;
317.2817;78.6632;7.49;
319.8257;-39.3481;7.49;
321.7555;-44.8086;7.49;
321.8732;47.8024;7.49;
321.8768;27.8741;7.49;
322.6767;-38.6382;7.49;
323.0192;34.2017;7.49;
323.8035;78.6245;7.49;
326.8049;22.0245;7.49;
327.7735;-10.038;7.49;
328.8102;44.4186;7.49;
329.1023;-55.6913;7.49;
331.0249;-13.0196;7.49;
332.6828;71.1282;7.49;
334.7807;27.6819;7.49;
335.0884;11.0391;7.49;
335.3496;-6.2431;7.49;
337.4059;32.8289;7.49;
338.2409;35.4378;7.49;
339.6445;-14.067;7.49;
340.0196;41.3143;7.49;
341.1249;53.7564;7.49;
342.0288;-37.7567;7.49;
343.113;-47.9929;7.49;
343.9173;68.6172;7.49;
345.04;13.9247;7.49;
345.231;-19.3469;7.49;
346.2754;68.4171;7.49;
348.6084;43.6981;7.49;
356.6363;-44.8286;7.49;
356.7346;51.229;7.49;
357.6153;-14.9837;7.49;
358.7366;-78.5052;7.49;
359.896;-1.8499;7.49;
1.9024;-62.3151;7.5;
3.8129;-40.096;7.5;
5.5721;37.7612;7.5;
6.4943;21.0243;7.5;
8.4539;43.6666;7.5;
11.7494;-24.2167;7.5;
16.206;-20.7325;7.5;
18.6222;-5.0474;7.5;
26.213;28.4581;7.5;
31.1263;-16.217;7.5;
31.8589;-59.6794;7.5;
32.5343;-64.3551;7.5;
33.5718;66.7283;7.5;
34.0072;-36.4718;7.5;
37.1908;29.687;7.5;
38.5286;-74.0234;7.5;
39.1228;-23.9192;7.5;
39.9623;-66.1184;7.5;
40.8445;-44.6539;7.5;
45.0328;-47.417;7.5;
50.0582;46.781;7.5;
50.0874;45.8736;7.5;
50.5765;31.4143;7.5;
51.4071;45.5156;7.5;
51.5452;48.384;7.5;
57.5957;17.4764;7.5;
59.0243;-7.6417;7.5;
59.2993;25.2828;7.5;
64.0687;7.1595;7.5;
65.3192;-87.8129;7.5;
65.3967;-8.1086;7.5;
69.3587;0.5746;7.5;
70.2025;-45.793;7.5;
71.7456;-29.4076;7.5;
73.7512;14.5938;7.5;
75.4436;57.1334;7.5;
75.7391;42.569;7.5;
78.3872;-31.9043;7.5;
79.504;-8.2281;7.5;
80.015;13.545;7.5;
80.0475;36.6746;7.5;
82.948;48.9349;7.5;
83.7884;-0.2696;7.5;
83.9089;48.0781;7.5;
88.3763;25.0734;7.5;
90.1541;29.0052;7.5;
91.6699;85.2846;7.5;
92.5388;3.3131;7.5;
93.2657;3.5091;7.5;
94.4646;32.5046;7.5;
98.3905;-20.1391;7.5;
100.2679;53.3985;7.5;
103.7215;-14.8627;7.5;
104.8823;0.9168;7.5;
105.7105;13.0894;7.5;
106.3207;-34.1433;7.5;
106.5862;-37.7096;7.5;
107.882;-49.4242;7.5;
110.2055;9.6538;7.5;
113.3724;-59.1985;7.5;
116.0856;45.3685;7.5;
116.9936;28.6674;7.5;
117.9522;-55.7025;7.5;
119.8238;16.8191;7.5;
120.0342;41.423;7.5;
123.8809;2.8322;7.5;
128.4449;-9.9982;7.5;
128.7298;73.4804;7.5;
131.897;-13.5267;7.5;
132.5789;-44.7211;7.5;
134.4324;-38.7426;7.5;
135.3117;-2.5616;7.5;
139.5691;-65.4308;7.5;
141.3996;-5.8769;7.5;
141.6436;19.0599;7.5;
141.6692;-44.2396;7.5;
144.0122;-27.522;7.5;
144.1077;-36.3019;7.5;
146.68;-3.2114;7.5;
152.2303;-61.1925;7.5;
152.2789;-58.0405;7.5;
153.1077;-66.6915;7.5;
153.4432;-5.2198;7.5;
155.591;-29.5559;7.5;
156.3963;8.7765;7.5;
156.898;-0.9629;7.5;
158.4606;49.1862;7.5;
160.7889;-35.0041;7.5;
162.5566;-8.9884;7.5;
163.4943;-26.7461;7.5;
163.9411;-16.3678;7.5;
165.8195;-27.518;7.5;
166.7306;20.4835;7.5;
167.0423;-21.5186;7.5;
167.5876;22.7019;7.5;
169.1352;-28.1298;7.5;
170.0265;-67.0494;7.5;
170.4497;87.6385;7.5;
172.1133;-66.4893;7.5;
172.2176;-16.5948;7.5;
173.0847;56.0954;7.5;
180.805;-3.3954;7.5;
180.8382;81.6883;7.5;
181.3011;73.4546;7.5;
182.7011;-9.3972;7.5;
183.6139;8.7824;7.5;
187.0185;44.7943;7.5;
188.1553;-24.2009;7.5;
188.3923;72.4791;7.5;
190.8836;-26.3015;7.5;
193.889;-68.9976;7.5;
196.4203;26.5857;7.5;
197.5619;-32.0946;7.5;
199.4094;-37.0172;7.5;
202.8217;36.4804;7.5;
203.1997;30.7483;7.5;
203.2763;-63.6639;7.5;
203.8384;14.8923;7.5;
206.1305;-17.937;7.5;
207.1506;48.3565;7.5;
207.4944;32.5221;7.5;
207.587;-13.1102;7.5;
211.377;74.7153;7.5;
212.4864;11.3732;7.5;
213.4426;31.1953;7.5;
213.4758;7.1215;7.5;
218.9321;-5.2661;7.5;
222.6707;22.9076;7.5;
222.8141;-23.8594;7.5;
227.5025;-41.1794;7.5;
228.2413;56.0464;7.5;
231.0665;-87.712;7.5;
232.7157;-43.8652;7.5;
233.1287;-38.0712;7.5;
234.5383;38.028;7.5;
234.7544;-0.3115;7.5;
236.7482;69.4775;7.5;
237.7154;37.5535;7.5;
240.6212;-26.148;7.5;
243.2125;32.5992;7.5;
244.5245;34.4828;7.5;
246.5822;-45.7914;7.5;
247.2438;22.8949;7.5;
247.9106;5.4337;7.5;
248.4625;-46.5587;7.5;
249.5674;29.6725;7.5;
249.8149;-1.7579;7.5;
250.3396;30.2731;7.5;
252.5446;-26.7425;7.5;
253.7544;-56.0483;7.5;
254.3025;32.2336;7.5;
255.8399;-23.1517;7.5;
262.093;-53.4999;7.5;
262.6211;-43.7541;7.5;
264.5157;45.5574;7.5;
269.6926;-58.6561;7.5;
275.451;32.2475;7.5;
277.2582;11.6504;7.5;
278.5671;72.4112;7.5;
279.2343;67.8045;7.5;
279.9255;37.9931;7.5;
281.9371;-12.3297;7.5;
281.9729;11.1635;7.5;
282.7765;-20.3001;7.5;
285.5601;-83.9398;7.5;
286.8435;-47.5325;7.5;
288.0013;39.4208;7.5;
291.577;-55.3744;7.5;
292.9497;-42.4296;7.5;
292.9833;30.1879;7.5;
294.809;18.6838;7.5;
294.9222;-39.7464;7.5;
295.0486;23.885;7.5;
296.4082;44.9637;7.5;
296.848;42.483;7.5;
297.7211;-46.3606;7.5;
299.3165;62.8768;7.5;
302.5099;28.2691;7.5;
303.0273;38.3549;7.5;
304.6501;21.5207;7.5;
305.4016;1.6709;7.5;
306.1926;55.0114;7.5;
307.7595;17.0761;7.5;
307.9438;49.5424;7.5;
308.7048;13.4647;7.5;
309.2831;36.584;7.5;
309.4655;-60.6345;7.5;
310.2754;-55.6054;7.5;
313.1802;56.585;7.5;
314.5638;47.6177;7.5;
317.2847;38.7292;7.5;
318.2836;-1.1295;7.5;
319.1117;48.7925;7.5;
320.3381;-84.3099;7.5;
321.1264;55.3667;7.5;
322.406;6.8796;7.5;
326.3663;72.1662;7.5;
328.2678;41.6033;7.5;
328.2726;68.4986;7.5;
329.2687;-19.1899;7.5;
329.406;11.9473;7.5;
330.8921;-46.1276;7.5;
331.2448;22.6369;7.5;
333.9756;54.6729;7.5;
335.6518;-56.1524;7.5;
338.3897;-29.6649;7.5;
341.0243;64.5707;7.5;
341.0813;51.4496;7.5;
341.6732;-51.0502;7.5;
343.7796;9.4598;7.5;
343.8612;36.161;7.5;
345.2544;76.1226;7.5;
349.3363;-62.7813;7.5;
349.6528;-58.3064;7.5;
349.7008;3.2466;7.5;
350.3001;-8.6742;7.5;
350.9846;77.5117;7.5;
353.9894;-10.6877;7.5;
354.0995;83.2041;7.5;
355.2117;-56.4207;7.5;
1.4689;-41.7531;7.51;
1.5136;24.9166;7.51;
2.5133;46.3903;7.51;
2.6697;2.0555;7.51;
2.9589;28.4233;7.51;
11.6234;13.1521;7.51;
12.4163;6.4071;7.51;
14.9351;-31.3362;7.51;
16.6985;35.1456;7.51;
18.393;41.1508;7.51;
22.1076;37.0706;7.51;
25.5432;2.308;7.51;
26.3353;35.7125;7.51;
26.7638;26.1683;7.51;
28.2106;-19.507;7.51;
28.4825;25.7762;7.51;
31.2789;60.3454;7.51;
31.7981;-60.9831;7.51;
34.2399;56.7188;7.51;
37.3398;30.8653;7.51;
39.4707;65.3187;7.51;
40.9387;-27.8993;7.51;
41.8441;43.402;7.51;
42.5579;25.3336;7.51;
45.0215;10.656;7.51;
45.7575;-2.0865;7.51;
46.3174;63.0294;7.51;
46.3458;73.9451;7.51;
49.3961;42.6751;7.51;
49.4303;50.361;7.51;
51.1031;-15.6538;7.51;
52.1211;59.9066;7.51;
52.3252;-10.5548;7.51;
53.1928;-66.7295;7.51;
53.5568;3.4323;7.51;
54.5694;-49.3684;7.51;
55.85;34.1163;7.51;
56.1893;-38.818;7.51;
56.219;-23.3805;7.51;
56.268;40.0795;7.51;
58.2495;-4.3709;7.51;
60.919;-52.929;7.51;
61.0979;38.7965;7.51;
62.2825;10.7652;7.51;
63.3022;-3.8849;7.51;
64.9359;14.2737;7.51;
67.8991;22.845;7.51;
69.3525;25.7274;7.51;
69.7137;23.15;7.51;
70.7315;-31.7088;7.51;
70.745;-24.3012;7.51;
71.0127;42.4189;7.51;
71.4987;-6.9883;7.51;
71.943;36.7228;7.51;
73.1879;14.6231;7.51;
73.4243;6.0169;7.51;
74.1489;23.2957;7.51;
74.4922;-57.9674;7.51;
74.7744;-2.1366;7.51;
75.3466;39.9604;7.51;
75.5846;13.9102;7.51;
76.2089;26.7208;7.51;
80.326;-15.1509;7.51;
80.3673;-39.4978;7.51;
80.4009;-53.3142;7.51;
84.7678;37.9766;7.51;
84.7964;-24.8808;7.51;
85.6737;-67.1389;7.51;
86.0838;-56.9161;7.51;
86.4551;18.7924;7.51;
87.3294;34.2107;7.51;
88.6256;-19.7043;7.51;
91.4584;-43.9364;7.51;
91.8099;1.5084;7.51;
92.3655;-51.3894;7.51;
93.0738;-25.245;7.51;
93.1483;47.4205;7.51;
96.598;-20.1744;7.51;
98.7924;52.8639;7.51;
98.8994;-2.243;7.51;
100.1048;2.558;7.51;
103.2615;74.1369;7.51;
103.5147;-77.7808;7.51;
103.951;8.8774;7.51;
104.0498;2.3166;7.51;
104.5155;0.3694;7.51;
105.571;51.568;7.51;
107.0916;33.268;7.51;
108.908;-50.4986;7.51;
111.554;78.0451;7.51;
112.3762;-36.6847;7.51;
116.0403;-31.6807;7.51;
116.5054;-23.2599;7.51;
118.351;39.4819;7.51;
121.1169;21.0082;7.51;
126.5328;-48.4319;7.51;
126.7548;67.2863;7.51;
127.0531;-27.5647;7.51;
131.7566;-44.0747;7.51;
131.7854;72.3852;7.51;
132.6277;-43.3124;7.51;
134.8313;8.9823;7.51;
141.7978;-13.9012;7.51;
142.0604;5.9049;7.51;
144.0433;-25.9621;7.51;
145.1698;53.3649;7.51;
146.3031;-59.4759;7.51;
146.3416;-49.8124;7.51;
146.9413;10.0749;7.51;
147.1437;54.2649;7.51;
147.22;8.3018;7.51;
149.1885;-57.6548;7.51;
156.5444;-45.5625;7.51;
158.2136;-26.6094;7.51;
158.7677;-45.8951;7.51;
159.5835;-86.8971;7.51;
159.9261;-37.4332;7.51;
161.1085;10.3748;7.51;
163.3999;-39.1236;7.51;
164.0216;-1.618;7.51;
164.5716;-82.5805;7.51;
165.3795;78.884;7.51;
165.5033;-37.8335;7.51;
165.6279;55.0286;7.51;
167.5162;15.913;7.51;
167.6628;-49.6532;7.51;
170.1299;-32.1021;7.51;
170.2778;-45.8862;7.51;
171.5058;-59.3529;7.51;
174.1452;-61.6098;7.51;
177.7106;51.4127;7.51;
178.2336;13.4211;7.51;
181.2797;33.7499;7.51;
182.3358;53.3945;7.51;
182.7517;-40.9522;7.51;
182.8133;24.7536;7.51;
183.3234;22.0265;7.51;
184.5281;-61.4699;7.51;
185.4365;-79.4666;7.51;
186.5842;54.5887;7.51;
187.7337;-75.4008;7.51;
188.8834;-68.3509;7.51;
194.3171;57.6917;7.51;
195.6394;32.4333;7.51;
195.983;-24.5172;7.51;
199.6199;1.2464;7.51;
203.7356;70.119;7.51;
206.9867;-63.8622;7.51;
207.0838;31.4011;7.51;
210.5035;70.3364;7.51;
213.1825;-58.3166;7.51;
215.6806;2.2747;7.51;
218.0005;-32.1856;7.51;
218.0213;-27.7091;7.51;
219.2894;-37.532;7.51;
220.1759;-42.2123;7.51;
227.2389;1.6893;7.51;
231.1498;-48.582;7.51;
231.4718;-54.3207;7.51;
232.6594;-33.5809;7.51;
236.2;-55.1009;7.51;
240.4692;13.4725;7.51;
241.1274;-28.931;7.51;
242.0691;-13.7691;7.51;
244.6177;-23.2743;7.51;
245.1457;45.5792;7.51;
247.1048;-24.7503;7.51;
247.3649;-33.3205;7.51;
248.1228;16.8476;7.51;
252.2583;41.6634;7.51;
253.168;20.9736;7.51;
254.2924;51.899;7.51;
254.824;68.6789;7.51;
255.6648;50.9428;7.51;
257.3605;-75.0638;7.51;
257.8732;-16.4919;7.51;
258.8265;-78.399;7.51;
259.2574;26.7153;7.51;
259.6022;26.9369;7.51;
259.6909;-42.8916;7.51;
262.432;-19.473;7.51;
263.1838;-62.2364;7.51;
265.3779;-34.0735;7.51;
265.6599;26.5517;7.51;
265.8152;21.6092;7.51;
266.6179;-34.8856;7.51;
266.6497;-62.7518;7.51;
267.1026;77.0292;7.51;
267.1807;5.7013;7.51;
267.1983;-35.0571;7.51;
267.2158;79.3327;7.51;
267.241;4.9676;7.51;
267.3993;4.3767;7.51;
268.2458;83.9075;7.51;
268.6054;-68.6578;7.51;
270.6095;-42.9048;7.51;
271.0891;-17.3535;7.51;
273.1149;-16.3807;7.51;
276.0416;34.4945;7.51;
276.1597;-19.7329;7.51;
276.3861;14.751;7.51;
279.2935;24.4333;7.51;
280.5429;-41.9077;7.51;
281.3914;-12.5875;7.51;
281.6222;-0.9635;7.51;
282.9518;3.031;7.51;
284.1797;-24.6207;7.51;
284.6132;39.778;7.51;
284.9018;19.4865;7.51;
286.7339;-74.7574;7.51;
287.611;42.6014;7.51;
289.6255;50.2276;7.51;
289.8209;14.1776;7.51;
291.515;54.8864;7.51;
292.0898;-43.8849;7.51;
293.2017;-73.4963;7.51;
294.4968;33.8933;7.51;
294.8967;29.7487;7.51;
295.7789;-8.3296;7.51;
298.0022;1.6033;7.51;
299.2944;30.8563;7.51;
301.1099;-22.1912;7.51;
302.2101;48.911;7.51;
302.6578;57.3867;7.51;
304.228;-32.6074;7.51;
306.2668;32.4685;7.51;
308.8902;50.4249;7.51;
309.5345;30.5775;7.51;
309.8754;13.3409;7.51;
310.5399;19.8646;7.51;
310.8104;33.8316;7.51;
313.0588;-30.6971;7.51;
316.7141;-23.2156;7.51;
317.6264;19.9593;7.51;
318.5939;54.6667;7.51;
318.6423;22.1925;7.51;
320.4987;-50.1831;7.51;
321.5754;10.1449;7.51;
324.519;33.1244;7.51;
324.741;-24.4498;7.51;
326.9593;-39.5119;7.51;
327.2425;-51.3662;7.51;
330.5452;75.355;7.51;
330.7332;14.0393;7.51;
331.5161;-65.6683;7.51;
333.9857;-42.6971;7.51;
334.7736;76.0132;7.51;
335.2575;31.3098;7.51;
335.6356;30.3575;7.51;
336.1412;-23.3675;7.51;
339.2928;17.2828;7.51;
341.3847;53.3746;7.51;
348.2479;-32.3169;7.51;
348.5315;-19.6958;7.51;
350.9679;-17.7895;7.51;
351.7327;25.4027;7.51;
351.9062;-33.628;7.51;
352.5667;-21.8828;7.51;
354.7172;54.4426;7.51;
356.4654;33.2905;7.51;
356.9002;34.5216;7.51;
358.2805;25.9987;7.51;
358.7669;28.6337;7.51;
359.769;-56.5756;7.51;
0.6918;35.8155;7.52;
4.9751;44.7094;7.52;
5.1313;30.9748;7.52;
6.0605;53.8223;7.52;
6.2864;48.0475;7.52;
6.4843;-30.748;7.52;
7.6662;32.1365;7.52;
8.0176;55.9941;7.52;
9.0644;48.5558;7.52;
16.6589;64.393;7.52;
18.0712;40.9111;7.52;
18.5915;-53.1241;7.52;
20.5397;-59.1264;7.52;
21.7242;37.4922;7.52;
22.825;63.3476;7.52;
26.63;-10.598;7.52;
34.5607;65.5944;7.52;
34.8313;2.6647;7.52;
38.6486;67.7429;7.52;
40.1128;13.5272;7.52;
41.7205;12.2606;7.52;
43.887;76.5289;7.52;
43.9127;26.8732;7.52;
45.876;27.5695;7.52;
49.5833;18.1716;7.52;
52.0434;32.8115;7.52;
52.5331;-74.5941;7.52;
53.6773;44.8031;7.52;
53.7247;-3.412;7.52;
55.93;25.0807;7.52;
56.024;44.8847;7.52;
57.4287;10.5592;7.52;
58.8732;-36.3101;7.52;
60.3374;-26.5168;7.52;
62.076;32.46;7.52;
63.7428;36.502;7.52;
64.9722;-17.4641;7.52;
65.5143;67.7266;7.52;
69.933;-16.9631;7.52;
71.5197;-25.1591;7.52;
74.518;-22.0196;7.52;
75.6543;72.4158;7.52;
75.94;6.6403;7.52;
76.6537;44.7318;7.52;
77.4276;66.0041;7.52;
77.5539;22.1367;7.52;
77.8753;53.2347;7.52;
78.1127;72.7436;7.52;
78.4313;-52.9755;7.52;
78.8009;4.2704;7.52;
80.1007;-8.0299;7.52;
80.5459;45.0817;7.52;
80.6869;-72.3386;7.52;
80.7298;61.7515;7.52;
80.895;-10.4185;7.52;
81.9407;-2.1455;7.52;
83.3224;-51.6417;7.52;
83.5683;56.2714;7.52;
83.7695;15.639;7.52;
84.4228;-26.7181;7.52;
84.8118;23.3234;7.52;
85.2611;-2.3049;7.52;
92.0361;-25.4162;7.52;
93.7445;46.3958;7.52;
94.462;19.4572;7.52;
95.6816;-2.1954;7.52;
96.1234;8.397;7.52;
97.7402;21.8047;7.52;
98.4227;27.9802;7.52;
100.3638;9.854;7.52;
101.807;16.9264;7.52;
101.8665;63.0552;7.52;
104.2312;51.0053;7.52;
105.2263;-24.4898;7.52;
109.5513;-51.0505;7.52;
112.8757;-19.5113;7.52;
112.9081;42.6414;7.52;
113.5362;-50.8405;7.52;
115.0332;-44.4305;7.52;
115.4847;-82.3418;7.52;
116.7875;23.6637;7.52;
116.9586;7.3413;7.52;
117.1786;-30.2547;7.52;
118.272;-11.6248;7.52;
118.6378;-40.1308;7.52;
120.3063;8.3763;7.52;
120.6124;-46.3363;7.52;
122.3262;-0.4493;7.52;
122.5524;55.8043;7.52;
124.3194;-46.8932;7.52;
124.4012;24.8371;7.52;
125.4793;-67.3348;7.52;
127.154;-41.1743;7.52;
127.6019;-7.0401;7.52;
127.6616;-40.5007;7.52;
128.226;34.3842;7.52;
138.1053;-6.9306;7.52;
140.0303;37.7556;7.52;
140.1964;-28.8029;7.52;
141.3966;-55.0068;7.52;
142.7123;34.2109;7.52;
142.971;72.1113;7.52;
144.0189;23.1913;7.52;
146.9618;13.4778;7.52;
148.6206;-37.2901;7.52;
152.2844;-15.4945;7.52;
155.7555;30.8372;7.52;
156.9491;-34.3995;7.52;
157.3518;-40.9625;7.52;
158.675;-22.2033;7.52;
159.9051;-12.9942;7.52;
160.2938;-0.2763;7.52;
163.0767;-51.8003;7.52;
163.1691;-16.5884;7.52;
163.1713;32.9888;7.52;
164.9457;-35.1431;7.52;
165.478;-66.0123;7.52;
168.3797;-57.0518;7.52;
170.0534;-13.8846;7.52;
170.7714;-28.897;7.52;
173.5851;-57.6273;7.52;
175.1219;5.1399;7.52;
176.1998;-73.9432;7.52;
182.7414;-46.322;7.52;
186.1413;-49.4402;7.52;
187.8883;27.0645;7.52;
187.9547;-15.7156;7.52;
187.9628;5.7099;7.52;
192.6728;-27.85;7.52;
194.513;-39.2673;7.52;
195.1052;-13.8923;7.52;
198.1187;79.6523;7.52;
204.7565;-24.8627;7.52;
207.3125;-60.7525;7.52;
217.4737;16.2088;7.52;
218.6269;66.7947;7.52;
219.0751;-9.6126;7.52;
220.5683;-33.6337;7.52;
220.631;-54.5991;7.52;
221.0487;18.4621;7.52;
221.2497;-44.665;7.52;
221.3285;-55.6067;7.52;
221.463;71.9662;7.52;
221.4866;10.052;7.52;
221.6749;-61.4619;7.52;
223.8718;39.6531;7.52;
230.6525;-59.1664;7.52;
231.0101;-27.3052;7.52;
231.3441;-21.9292;7.52;
234.3918;11.1512;7.52;
235.1888;29.9722;7.52;
236.3728;55.2509;7.52;
237.8872;13.9057;7.52;
239.8886;64.8934;7.52;
240.0959;-45.4527;7.52;
242.7829;26.8922;7.52;
243.3116;-44.0736;7.52;
244.8867;70.3686;7.52;
246.8007;-48.7879;7.52;
250.6165;-56.8001;7.52;
251.0626;-38.9436;7.52;
255.7402;-6.3523;7.52;
257.8256;-46.1821;7.52;
259.8913;19.3629;7.52;
266.7169;-58.1954;7.52;
267.3913;56.8271;7.52;
268.6141;-58.9116;7.52;
272.036;-7.1199;7.52;
274.6634;-37.2244;7.52;
276.6397;-9.2017;7.52;
276.9331;19.2955;7.52;
278.5315;28.295;7.52;
279.0277;36.9692;7.52;
279.4211;51.946;7.52;
279.4881;31.3167;7.52;
279.9528;-59.3017;7.52;
281.4666;59.5592;7.52;
282.1172;36.4409;7.52;
282.5086;15.3115;7.52;
283.987;49.8004;7.52;
284.8031;-6.8421;7.52;
284.9281;34.0952;7.52;
286.4131;-33.7835;7.52;
288.6613;76.3094;7.52;
290.1621;2.9377;7.52;
290.2346;0.915;7.52;
293.0246;28.2668;7.52;
296.4775;-52.5312;7.52;
297.8104;-24.8986;7.52;
299.9807;-60.0213;7.52;
300.4151;-74.7638;7.52;
300.4447;45.4766;7.52;
302.804;19.3651;7.52;
302.907;38.8797;7.52;
308.5949;37.8504;7.52;
309.5716;42.0737;7.52;
310.4847;42.5248;7.52;
310.5063;-50.2627;7.52;
311.5695;-23.724;7.52;
312.0801;-40.0012;7.52;
312.2522;38.8651;7.52;
312.2527;39.7916;7.52;
313.4347;-44.3407;7.52;
313.4674;56.363;7.52;
314.4174;-7.7135;7.52;
317.8851;70.8253;7.52;
318.4244;45.6115;7.52;
321.8162;-8.7896;7.52;
323.9265;-62.9688;7.52;
326.0788;-15.9717;7.52;
326.1839;43.4292;7.52;
326.2521;-26.4908;7.52;
326.7908;24.145;7.52;
328.4071;19.175;7.52;
331.8076;68.3022;7.52;
332.2512;58.852;7.52;
334.1267;32.6216;7.52;
339.2725;-12.8979;7.52;
343.528;74.612;7.52;
344.1338;6.8054;7.52;
349.2145;57.6479;7.52;
351.0613;35.3308;7.52;
174.9578;45.1566;7.52;
1.2812;-52.1517;7.53;
3.1691;-43.1645;7.53;
4.4703;7.866;7.53;
5.0397;3.0335;7.53;
6.5112;35.8193;7.53;
6.6702;34.1839;7.53;
7.827;-43.6064;7.53;
9.4875;47.4077;7.53;
11.099;54.1523;7.53;
14.0079;32.3423;7.53;
14.0724;52.4912;7.53;
14.6844;-51.2652;7.53;
14.7627;-2.4534;7.53;
14.8593;40.1551;7.53;
15.3463;8.4507;7.53;
15.8505;-32.0778;7.53;
19.8978;34.7528;7.53;
21.7379;-51.5204;7.53;
22.0278;47.7525;7.53;
25.5247;29.5061;7.53;
25.5267;69.086;7.53;
28.1598;2.4983;7.53;
29.1554;-58.4714;7.53;
30.9547;64.2375;7.53;
31.504;63.1723;7.53;
31.6545;-37.1187;7.53;
31.9699;35.5538;7.53;
39.0787;40.2049;7.53;
39.1924;-35.8288;7.53;
39.2837;-2.3341;7.53;
41.4984;-4.9565;7.53;
42.6382;52.283;7.53;
42.709;-23.0276;7.53;
46.1812;-25.779;7.53;
47.5273;21.7471;7.53;
47.8096;45.0189;7.53;
48.4725;-32.8294;7.53;
49.4141;46.949;7.53;
52.0887;26.2706;7.53;
53.7647;45.4494;7.53;
55.8527;-74.0086;7.53;
57.3492;-53.2432;7.53;
57.5768;-3.8886;7.53;
57.8032;-31.6543;7.53;
61.5746;-7.8287;7.53;
62.2928;40.1612;7.53;
64.5006;-45.6511;7.53;
64.5077;18.2568;7.53;
64.6409;2.4705;7.53;
64.9984;-69.3987;7.53;
65.4478;-21.7708;7.53;
66.0288;-57.2532;7.53;
69.2842;10.8418;7.53;
69.3833;15.1465;7.53;
70.3996;0.5601;7.53;
71.0206;-31.4862;7.53;
72.0975;-19.8524;7.53;
72.7167;28.3141;7.53;
73.5539;23.9988;7.53;
73.7863;-54.4308;7.53;
75.4844;-76.6285;7.53;
77.1301;-18.1196;7.53;
80.8013;-31.7488;7.53;
81.4765;15.4539;7.53;
81.494;-19.6899;7.53;
81.7012;13.5822;7.53;
82.2786;-5.4448;7.53;
82.7871;51.2827;7.53;
82.8745;1.69;7.53;
86.237;38.4986;7.53;
87.2316;-46.3156;7.53;
89.2284;35.5789;7.53;
93.5372;23.9864;7.53;
94.4575;-64.0302;7.53;
95.595;62.104;7.53;
95.6083;56.013;7.53;
100.9004;-1.3468;7.53;
101.3077;5.2133;7.53;
102.1978;-23.2032;7.53;
103.452;-13.1914;7.53;
104.0614;40.5369;7.53;
105.874;19.2221;7.53;
106.8386;22.7035;7.53;
107.91;-84.4694;7.53;
109.4901;-13.8875;7.53;
110.3867;26.1592;7.53;
111.3598;56.5441;7.53;
114.7194;42.4582;7.53;
115.5082;-11.8527;7.53;
116.2579;23.0196;7.53;
118.0603;-42.3225;7.53;
119.8382;50.3439;7.53;
119.988;-30.3756;7.53;
122.3154;-4.5527;7.53;
122.764;-18.9741;7.53;
123.229;39.4732;7.53;
125.9267;-55.3205;7.53;
128.8297;-19.0411;7.53;
128.8633;-25.1082;7.53;
130.4017;64.7056;7.53;
134.9764;-68.0935;7.53;
136.5441;-76.5665;7.53;
136.915;-68.7548;7.53;
139.2494;-9.6217;7.53;
142.7912;67.5412;7.53;
143.291;-36.4046;7.53;
144.0611;-52.5447;7.53;
144.5017;-19.0092;7.53;
145.7161;-33.4021;7.53;
147.5115;-28.8853;7.53;
147.9453;-45.1581;7.53;
148.3894;-19.4851;7.53;
149.509;48.2199;7.53;
153.5124;-44.0922;7.53;
155.0642;22.0114;7.53;
155.0785;-66.0636;7.53;
159.6216;81.5824;7.53;
160.5909;0.8621;7.53;
162.6063;-15.1042;7.53;
163.5728;12.3711;7.53;
164.6565;-38.2057;7.53;
165.0938;-9.4927;7.53;
168.7629;37.5786;7.53;
169.8953;20.7253;7.53;
173.8943;58.203;7.53;
174.6839;23.3306;7.53;
175.3437;-26.6672;7.53;
180.7663;-49.6539;7.53;
181.295;2.1834;7.53;
182.0519;-4.287;7.53;
182.8409;22.5936;7.53;
185.562;-38.4516;7.53;
190.928;-37.7081;7.53;
194.834;6.5059;7.53;
195.0319;-1.1859;7.53;
195.0563;-23.9144;7.53;
197.1661;-23.8221;7.53;
197.4532;-36.5326;7.53;
197.4852;-47.5557;7.53;
202.2637;56.2332;7.53;
202.9648;-26.1145;7.53;
203.6059;-59.5123;7.53;
204.6787;-44.5163;7.53;
208.4826;47.8728;7.53;
210.393;36.2242;7.53;
213.8152;-40.1002;7.53;
214.4404;68.752;7.53;
215.2299;-49.3667;7.53;
216.7148;56.0363;7.53;
217.2417;60.3864;7.53;
219.2642;11.2083;7.53;
220.4648;18.4959;7.53;
220.8548;-54.8516;7.53;
222.2954;-10.8272;7.53;
222.3965;46.5745;7.53;
222.9413;38.404;7.53;
224.4295;-4.0317;7.53;
224.5531;26.8169;7.53;
226.32;-23.0133;7.53;
229.3069;-7.8566;7.53;
230.0004;-8.6617;7.53;
233.989;-79.086;7.53;
236.1328;11.2665;7.53;
236.2388;24.7086;7.53;
236.3494;-19.1073;7.53;
239.2536;-0.7452;7.53;
241.3641;43.7191;7.53;
242.3447;-12.376;7.53;
242.6564;2.621;7.53;
242.6766;10.0379;7.53;
243.4523;-57.5705;7.53;
243.8296;-27.2103;7.53;
244.2888;29.4283;7.53;
245.9384;-41.2472;7.53;
249.5801;-22.8929;7.53;
249.7245;-44.1572;7.53;
249.8226;22.2212;7.53;
252.3821;75.3793;7.53;
253.4068;43.7836;7.53;
255.2637;-28.5531;7.53;
257.2013;-13.127;7.53;
257.9635;-45.8743;7.53;
259.0996;-21.8579;7.53;
259.2023;49.6912;7.53;
259.714;62.5499;7.53;
259.947;-74.6058;7.53;
260.3583;-26.5012;7.53;
262.2776;50.0874;7.53;
262.4674;-44.7417;7.53;
263.2979;-56.2844;7.53;
264.0731;49.4457;7.53;
265.8512;-46.5879;7.53;
266.9256;-57.4487;7.53;
267.9497;15.0066;7.53;
268.1984;-3.5639;7.53;
270.2383;-2.5789;7.53;
270.413;-22.1317;7.53;
271.2372;48.1361;7.53;
272.2213;72.1527;7.53;
273.9913;-17.6079;7.53;
275.8859;5.3318;7.53;
276.0724;-4.0883;7.53;
276.1473;-52.1077;7.53;
280.0675;34.4171;7.53;
280.3618;75.2998;7.53;
283.497;67.1211;7.53;
284.2814;34.8555;7.53;
284.6314;25.2487;7.53;
285.9448;49.6329;7.53;
286.86;-1.1257;7.53;
287.0601;12.2506;7.53;
287.0675;27.0942;7.53;
287.4773;-68.2997;7.53;
287.7319;33.3261;7.53;
288.5896;-77.0479;7.53;
288.726;-40.3556;7.53;
288.9447;-33.5305;7.53;
291.076;-69.1428;7.53;
292.1527;-14.1605;7.53;
292.7601;50.1969;7.53;
293.0279;-11.2749;7.53;
293.0916;-45.368;7.53;
294.1065;-28.6745;7.53;
294.1122;41.8928;7.53;
294.6215;37.7432;7.53;
295.2294;-1.87;7.53;
296.9874;10.0398;7.53;
297.3256;41.5825;7.53;
299.484;11.4147;7.53;
299.843;-74.1303;7.53;
300.2111;7.9815;7.53;
300.305;43.0438;7.53;
300.8063;50.4649;7.53;
302.5629;68.2985;7.53;
303.1805;35.178;7.53;
303.6087;40.3292;7.53;
304.687;46.5435;7.53;
304.754;20.4641;7.53;
305.1283;32.0235;7.53;
307.3958;-41.3997;7.53;
308.2389;-68.372;7.53;
308.8119;6.2795;7.53;
309.7353;8.5228;7.53;
311.9199;42.0686;7.53;
312.2111;-59.2344;7.53;
312.989;46.7348;7.53;
313.3746;3.002;7.53;
314.0389;-17.2431;7.53;
314.6343;16.4367;7.53;
315.7003;21.81;7.53;
316.9481;44.9643;7.53;
317.2729;-65.7989;7.53;
317.5335;-15.7037;7.53;
317.6606;38.9612;7.53;
318.355;-22.7618;7.53;
319.3666;56.763;7.53;
320.4364;3.0779;7.53;
320.7131;40.6972;7.53;
321.0249;48.5569;7.53;
321.3783;2.043;7.53;
321.8469;-7.0158;7.53;
323.1717;-69.4898;7.53;
324.823;52.3625;7.53;
327.0187;44.3443;7.53;
327.8014;44.4407;7.53;
328.0104;38.9546;7.53;
329.2242;65.5935;7.53;
330.1592;-13.7459;7.53;
331.9401;-65.1033;7.53;
332.6348;-33.8274;7.53;
332.8465;29.2546;7.53;
334.6689;-46.1371;7.53;
337.2669;51.5082;7.53;
340.6002;54.2484;7.53;
341.8828;83.697;7.53;
343.1257;67.9936;7.53;
343.7966;-46.6791;7.53;
346.4668;8.896;7.53;
347.7557;43.6559;7.53;
348.0398;82.3946;7.53;
349.861;79.0035;7.53;
351.796;-50.2797;7.53;
352.4696;35.014;7.53;
352.6673;-24.1961;7.53;
353.5387;55.4888;7.53;
354.8958;58.9705;7.53;
356.3915;-58.279;7.53;
358.3198;35.6509;7.53;
359.3419;48.281;7.53;
2.0032;29.8375;7.54;
7.4494;57.0307;7.54;
7.6655;-54.9702;7.54;
10.6625;57.5963;7.54;
11.4484;66.4927;7.54;
12.4821;71.1758;7.54;
12.9587;48.9836;7.54;
16.1023;57.9811;7.54;
16.7489;63.7732;7.54;
17.3221;34.8059;7.54;
19.4906;47.6807;7.54;
29.3802;-6.8278;7.54;
30.6048;42.8492;7.54;
39.9611;33.9492;7.54;
40.1312;-24.1354;7.54;
40.7393;-20.2892;7.54;
40.765;-31.07;7.54;
42.1032;58.8319;7.54;
43.4103;14.6703;7.54;
44.7278;38.4035;7.54;
45.5105;-18.2078;7.54;
45.7966;74.9098;7.54;
46.4679;-37.339;7.54;
46.8039;-32.3514;7.54;
49.045;60.1159;7.54;
49.1657;69.9791;7.54;
49.4684;13.8472;7.54;
53.011;-7.84;7.54;
55.4559;-48.2392;7.54;
58.9012;-26.2151;7.54;
59.0462;-29.6605;7.54;
59.0644;-43.1159;7.54;
60.7874;-39.3645;7.54;
63.5468;-56.1768;7.54;
64.6951;-17.7094;7.54;
67.0168;-12.0021;7.54;
71.141;-16.065;7.54;
73.1161;31.9865;7.54;
75.4007;-44.8303;7.54;
78.8362;-29.7591;7.54;
79.3793;31.824;7.54;
79.5646;-25.2523;7.54;
80.9692;-20.7277;7.54;
81.5112;15.6718;7.54;
82.6497;31.511;7.54;
82.7205;-4.2547;7.54;
82.8706;54.6547;7.54;
84.7814;14.5568;7.54;
85.3202;-26.3467;7.54;
86.7193;-28.8902;7.54;
87.8717;55.2614;7.54;
88.5144;57.0455;7.54;
90.7375;82.7515;7.54;
93.8988;7.6523;7.54;
95.1019;80.3564;7.54;
95.3316;-16.8038;7.54;
95.995;-9.0688;7.54;
96.2743;-55.7253;7.54;
97.4145;28.7807;7.54;
97.489;-42.2778;7.54;
97.5996;-16.9431;7.54;
97.6973;-3.7131;7.54;
98.3318;47.2184;7.54;
98.5943;6.6951;7.54;
100.4281;27.0816;7.54;
101.6968;10.7346;7.54;
101.7793;-12.1991;7.54;
102.0739;23.2241;7.54;
103.558;-6.0185;7.54;
107.1405;-28.6132;7.54;
108.2057;-7.1494;7.54;
109.3339;58.0494;7.54;
113.5815;-1.3184;7.54;
115.3378;-41.889;7.54;
116.285;-39.8488;7.54;
116.4762;-44.7618;7.54;
116.507;55.6424;7.54;
117.3507;-30.558;7.54;
118.2502;-14.058;7.54;
118.7286;43.9945;7.54;
119.4772;-41.6412;7.54;
120.0127;-23.3509;7.54;
120.694;54.1313;7.54;
121.7736;-48.1896;7.54;
122.1569;-19.8399;7.54;
123.3429;-38.4384;7.54;
123.9935;18.6939;7.54;
124.9336;-60.1031;7.54;
127.6938;-11.7997;7.54;
128.4919;10.5862;7.54;
128.8064;52.2003;7.54;
129.5354;26.049;7.54;
133.0019;25.7186;7.54;
136.6876;-62.8499;7.54;
137.98;35.4821;7.54;
138.4116;46.9904;7.54;
143.4441;-49.7252;7.54;
146.1493;-23.3616;7.54;
147.1025;-44.02;7.54;
147.9551;-14.0787;7.54;
149.771;-65.9833;7.54;
151.4315;41.0452;7.54;
153.0468;-66.1816;7.54;
155.1387;-23.6405;7.54;
155.1623;28.9426;7.54;
159.775;-61.7927;7.54;
162.425;-71.6542;7.54;
162.6098;-33.8395;7.54;
162.6413;32.0275;7.54;
163.8745;23.1642;7.54;
165.9412;-89.2391;7.54;
168.1242;-71.7494;7.54;
168.1462;-46.9665;7.54;
168.8696;47.4795;7.54;
168.9977;-55.2085;7.54;
170.0483;-19.5779;7.54;
170.0728;-53.6421;7.54;
172.3532;66.9259;7.54;
172.7126;-6.719;7.54;
176.017;-4.8073;7.54;
176.3376;19.8892;7.54;
176.5414;-24.8735;7.54;
178.3396;73.2918;7.54;
181.581;46.2841;7.54;
184.6542;-39.4184;7.54;
189.203;20.2378;7.54;
192.3854;-34.7912;7.54;
192.5442;-37.4814;7.54;
193.1416;-23.1362;7.54;
194.7565;-9.8341;7.54;
201.0623;-25.1288;7.54;
202.4152;74.8807;7.54;
202.5026;-20.3125;7.54;
202.872;-41.5853;7.54;
205.1383;46.2809;7.54;
206.3266;-66.7547;7.54;
206.5681;-46.3665;7.54;
209.3218;-56.04;7.54;
210.4404;-39.4386;7.54;
210.6984;3.5455;7.54;
212.6719;-47.769;7.54;
214.1707;-58.3252;7.54;
214.4643;-68.047;7.54;
215.7071;14.9389;7.54;
216.8732;-61.9967;7.54;
218.0714;-51.3387;7.54;
219.4986;-23.1643;7.54;
220.0094;-52.0655;7.54;
221.2324;30.2949;7.54;
223.3528;-68.3916;7.54;
224.7575;-48.2348;7.54;
225.8043;-70.7871;7.54;
231.0207;-14.3102;7.54;
233.012;22.5708;7.54;
235.0737;44.831;7.54;
237.471;14.0657;7.54;
240.2955;-75.6195;7.54;
240.6556;18.114;7.54;
240.9193;-61.4709;7.54;
241.1059;-11.8573;7.54;
241.3425;-77.2368;7.54;
241.6142;-63.3412;7.54;
243.4093;-29.0569;7.54;
244.3372;-15.328;7.54;
245.7157;-23.1188;7.54;
246.1332;-35.1753;7.54;
247.8463;16.4197;7.54;
249.9014;23.0017;7.54;
250.3533;-42.0605;7.54;
252.9657;-26.8738;7.54;
253.2771;-31.8802;7.54;
253.7416;74.4756;7.54;
253.8442;21.4924;7.54;
256.2594;-46.9715;7.54;
257.4886;-20.6801;7.54;
257.6337;39.8519;7.54;
258.4056;-9.2839;7.54;
261.3742;3.3111;7.54;
261.4385;2.1114;7.54;
263.8859;11.3672;7.54;
263.9326;-14.6437;7.54;
264.9173;13.2839;7.54;
269.2793;-13.6532;7.54;
269.6911;-5.4249;7.54;
271.9623;41.7192;7.54;
273.8341;-16.8315;7.54;
279.176;-72.7873;7.54;
279.7973;-64.8632;7.54;
281.1463;43.8333;7.54;
283.6239;52.7013;7.54;
283.8651;60.9462;7.54;
284.3246;-44.3014;7.54;
284.8594;43.0132;7.54;
288.862;-3.1139;7.54;
289.6175;26.0571;7.54;
290.155;-2.4756;7.54;
292.6491;31.9801;7.54;
295.0224;-7.9798;7.54;
298.0809;25.8629;7.54;
299.0366;33.4929;7.54;
300.1613;24.1492;7.54;
300.2025;-4.3116;7.54;
300.3041;62.3918;7.54;
300.4528;16.5125;7.54;
302.1496;-23.5905;7.54;
303.4473;51.2397;7.54;
303.8066;-16.851;7.54;
304.7356;-44.5244;7.54;
306.7589;9.0922;7.54;
306.869;-28.8141;7.54;
309.5532;33.3504;7.54;
313.091;20.1282;7.54;
313.436;-59.7084;7.54;
316.8264;49.7904;7.54;
320.1487;28.8331;7.54;
321.8882;-27.7286;7.54;
322.0111;3.1803;7.54;
322.7846;30.2788;7.54;
326.0715;49.269;7.54;
326.5751;-12.5987;7.54;
326.6807;19.4771;7.54;
326.7177;-46.3896;7.54;
328.3416;-78.5794;7.54;
329.0576;-6.98;7.54;
329.0859;-4.7564;7.54;
329.9659;-60.7649;7.54;
330.0094;54.1076;7.54;
331.3001;12.605;7.54;
331.4236;5.9665;7.54;
332.1171;61.2483;7.54;
333.6751;-6.4005;7.54;
335.4795;-25.3653;7.54;
337.385;-33.8512;7.54;
338.6548;45.005;7.54;
338.9748;-20.9348;7.54;
339.5092;-33.4703;7.54;
339.6709;29.7114;7.54;
339.9149;42.201;7.54;
340.534;11.0855;7.54;
340.876;-40.1288;7.54;
343.3957;30.7627;7.54;
343.876;-46.3282;7.54;
345.4451;-44.8408;7.54;
346.4859;18.0872;7.54;
346.8356;-52.6026;7.54;
348.3683;0.9306;7.54;
351.1623;-1.7414;7.54;
352.552;31.3782;7.54;
354.0628;6.8608;7.54;
354.2355;21.7231;7.54;
354.344;-58.1698;7.54;
354.9068;43.3326;7.54;
357.9829;40.7451;7.54;
358.2022;-72.3994;7.54;
359.2458;46.6177;7.54;
359.8942;-31.6883;7.54;
0.0664;8.0072;7.55;
1.4877;49.6223;7.55;
2.6967;32.2426;7.55;
3.3069;-17.1847;7.55;
6.0727;60.4531;7.55;
6.1371;-4.6478;7.55;
6.3859;-67.7452;7.55;
7.659;-18.621;7.55;
11.8339;39.0296;7.55;
15.5285;7.9405;7.55;
17.3456;22.9097;7.55;
18.1719;65.0091;7.55;
18.4812;-7.6225;7.55;
19.1008;-12.097;7.55;
20.2173;60.9489;7.55;
20.6168;-34.6646;7.55;
21.2811;-39.3783;7.55;
21.7095;45.6774;7.55;
26.5383;80.2537;7.55;
28.8265;6.4372;7.55;
30.6948;1.9383;7.55;
31.444;25.1449;7.55;
36.1668;27.6595;7.55;
36.812;36.9673;7.55;
37.5518;38.9519;7.55;
37.6936;-33.0074;7.55;
37.8901;-27.5046;7.55;
39.9355;-62.6964;7.55;
40.1762;26.6223;7.55;
43.6803;-21.1955;7.55;
44.6557;2.1206;7.55;
51.567;56.1417;7.55;
54.4403;-49.0055;7.55;
56.1712;50.5429;7.55;
58.6396;13.7709;7.55;
59.0227;-47.7732;7.55;
59.1518;-39.9151;7.55;
60.6822;58.9493;7.55;
60.7324;-39.8057;7.55;
61.5189;26.2118;7.55;
62.1841;-47.3942;7.55;
65.923;13.8287;7.55;
70.7147;-34.2166;7.55;
73.398;19.0729;7.55;
74.0698;-56.4266;7.55;
75.4277;38.7892;7.55;
76.4744;-44.7789;7.55;
78.4562;46.9767;7.55;
82.9218;2.8328;7.55;
86.0567;-55.6955;7.55;
86.3775;-55.578;7.55;
86.8723;22.9225;7.55;
89.0082;11.5218;7.55;
89.4692;-34.4761;7.55;
89.8825;18.8521;7.55;
92.4149;20.4876;7.55;
92.877;44.1346;7.55;
93.113;-10.4883;7.55;
94.6351;-53.631;7.55;
96.9296;9.6266;7.55;
97.0116;29.2418;7.55;
97.1582;-78.9055;7.55;
97.1788;-6.97;7.55;
97.3604;4.2533;7.55;
97.4578;17.6242;7.55;
97.5026;-31.1745;7.55;
97.9383;-37.1731;7.55;
102.4813;-5.5132;7.55;
102.8415;-32.1837;7.55;
103.5577;6.688;7.55;
104.6007;-4.5251;7.55;
106.652;19.1093;7.55;
108.5138;4.578;7.55;
108.5585;-36.4267;7.55;
109.3014;11.1265;7.55;
109.4131;-59.2621;7.55;
111.4821;32.8611;7.55;
111.8915;-21.146;7.55;
112.547;-17.0677;7.55;
112.801;-74.691;7.55;
114.3335;-30.7922;7.55;
114.7153;-50.5769;7.55;
116.0687;-50.4666;7.55;
116.3718;-10.1607;7.55;
116.443;10.3962;7.55;
116.5386;16.4384;7.55;
119.3271;13.2692;7.55;
120.1836;-79.1576;7.55;
120.6365;12.4522;7.55;
121.1113;0.9611;7.55;
123.6205;33.9438;7.55;
124.6878;63.2587;7.55;
126.9417;-7.2204;7.55;
128.5463;-45.6366;7.55;
130.1991;-45.0584;7.55;
130.3202;11.0487;7.55;
132.5426;-49.9246;7.55;
134.3379;-66.2041;7.55;
136.6967;52.9811;7.55;
138.0039;-4.5552;7.55;
138.4518;75.2794;7.55;
138.6417;-41.8925;7.55;
139.695;-47.2048;7.55;
140.1097;0.2838;7.55;
140.1227;59.7807;7.55;
143.0031;-38.9377;7.55;
143.49;-31.9409;7.55;
143.6325;48.7547;7.55;
144.7751;-23.0951;7.55;
145.1297;68.5368;7.55;
145.1325;-1.7301;7.55;
145.3453;-41.9793;7.55;
145.3745;-18.4834;7.55;
146.2937;27.7414;7.55;
147.4737;-58.8095;7.55;
149.7311;-47.4894;7.55;
152.3476;2.3711;7.55;
152.5411;-45.7895;7.55;
153.4259;26.1506;7.55;
156.5788;67.6852;7.55;
156.7355;24.9475;7.55;
157.4858;45.8522;7.55;
157.513;-43.1298;7.55;
159.1663;-59.168;7.55;
161.3906;7.5143;7.55;
161.6921;-26.3972;7.55;
163.0725;-11.11;7.55;
163.6064;30.532;7.55;
165.6382;-0.0936;7.55;
166.6915;44.1154;7.55;
168.0489;-9.4849;7.55;
175.0203;42.0257;7.55;
175.0569;-39.1466;7.55;
175.708;-3.5451;7.55;
177.8369;-68.8608;7.55;
178.5175;71.9242;7.55;
178.5426;-35.9922;7.55;
180.347;-20.6638;7.55;
181.0657;-57.3645;7.55;
181.5766;-69.7983;7.55;
183.023;64.4638;7.55;
183.7158;-44.1117;7.55;
186.2045;31.0339;7.55;
186.6989;-5.5922;7.55;
187.9606;29.3141;7.55;
188.7947;11.5477;7.55;
190.2026;63.7715;7.55;
191.2503;79.9236;7.55;
192.2303;80.4063;7.55;
192.2526;-9.2203;7.55;
192.9752;25.6748;7.55;
193.245;-14.6206;7.55;
196.9091;-65.8777;7.55;
200.1099;-41.5761;7.55;
200.2931;-51.6712;7.55;
200.4576;71.8719;7.55;
202.879;-46.7352;7.55;
203.5638;-34.3876;7.55;
204.357;-64.9358;7.55;
204.4113;42.2009;7.55;
205.114;-60.2705;7.55;
205.4699;-18.9848;7.55;
207.3094;-62.1033;7.55;
209.9934;-65.5421;7.55;
213.9257;-7.6659;7.55;
215.4994;53.5212;7.55;
218.5215;-31.9575;7.55;
219.4706;-5.5487;7.55;
219.6675;30.015;7.55;
219.8451;64.1539;7.55;
220.5029;52.0053;7.55;
221.9308;-27.6991;7.55;
221.9581;35.6546;7.55;
225.4873;-47.1533;7.55;
227.8932;8.5171;7.55;
228.1897;-60.3936;7.55;
229.0883;-62.3634;7.55;
233.7066;-0.1465;7.55;
236.0076;39.5739;7.55;
238.7021;-65.9012;7.55;
242.0042;40.6275;7.55;
242.6322;47.807;7.55;
243.7553;11.49;7.55;
245.082;59.7708;7.55;
245.1261;-20.1177;7.55;
247.19;13.6125;7.55;
251.3655;-60.5636;7.55;
253.7555;29.0389;7.55;
254.5268;-40.3526;7.55;
254.8396;-1.6877;7.55;
256.4861;-28.8726;7.55;
259.7183;83.3369;7.55;
260.3045;46.1503;7.55;
260.6053;40.6855;7.55;
261.5573;29.4557;7.55;
263.9601;0.9966;7.55;
264.3553;-66.5218;7.55;
268.0104;16.6326;7.55;
268.7415;-43.1562;7.55;
269.1007;-54.3781;7.55;
270.6788;16.815;7.55;
271.3836;65.0816;7.55;
274.4166;-19.6722;7.55;
276.2775;3.5014;7.55;
277.1704;-53.8503;7.55;
277.7273;8.0784;7.55;
278.6279;34.4156;7.55;
282.7749;-37.2478;7.55;
282.8322;-44.4757;7.55;
282.8454;-41.528;7.55;
285.6778;-36.0965;7.55;
287.2381;-65.5335;7.55;
287.4566;72.2433;7.55;
289.0119;-24.7172;7.55;
290.2676;-23.6196;7.55;Belel
290.878;48.0696;7.55;
291.9193;36.529;7.55;
292.894;17.9582;7.55;
293.4448;62.6129;7.55;
294.0027;0.0912;7.55;
295.9999;-66.2975;7.55;
296.1319;4.9795;7.55;
296.6267;-21.523;7.55;
299.9242;30.9139;7.55;
300.67;-41.4178;7.55;
300.7735;-17.3483;7.55;
301.2218;72.7825;7.55;
301.918;-23.8827;7.55;
303.138;40.2682;7.55;
306.5915;-19.1521;7.55;
306.8954;43.0565;7.55;
309.7897;-33.1773;7.55;
311.238;0.2919;7.55;
313.6791;3.6079;7.55;
316.3107;23.6004;7.55;
316.6054;59.4392;7.55;
316.7848;30.596;7.55;
318.5307;-12.4665;7.55;
319.5736;61.7878;7.55;
319.8022;22.3778;7.55;
320.0834;16.8115;7.55;
321.3402;42.7842;7.55;
322.0784;-2.6121;7.55;
322.8129;35.8735;7.55;
323.4099;60.3352;7.55;
325.6393;41.0475;7.55;
325.7051;69.0537;7.55;
325.747;-23.1705;7.55;
327.0025;-6.4631;7.55;
327.6928;-27.9324;7.55;
333.1945;-20.8905;7.55;
337.0526;24.8699;7.55;
337.7377;8.4267;7.55;
338.6316;4.2224;7.55;
341.8744;5.8881;7.55;
342.4484;54.8468;7.55;
344.7457;34.0669;7.55;
345.2333;-48.9432;7.55;
345.3864;32.613;7.55;
348.5311;-8.9243;7.55;
348.6748;-9.6884;7.55;
348.837;-11.5655;7.55;
348.9025;-11.6322;7.55;
351.0995;14.4791;7.55;
351.7553;32.5208;7.55;
352.9233;24.1111;7.55;
353.6441;-70.9631;7.55;
355.6697;51.4277;7.55;
357.039;-16.6991;7.55;
357.5446;24.858;7.55;
357.8401;-42.372;7.55;
1.8062;-76.7309;7.56;
1.9059;52.773;7.56;
2.8967;-3.078;7.56;
4.5612;72.9468;7.56;
5.0603;24.6659;7.56;
5.2918;25.3383;7.56;
6.8612;26.2788;7.56;
11.8731;11.6423;7.56;
12.2991;-53.7742;7.56;
13.1182;-69.5029;7.56;
15.0462;-50.5241;7.56;
18.8652;51.7411;7.56;
19.1499;2.7349;7.56;
20.2764;43.2338;7.56;
20.7003;-69.0801;7.56;
21.1715;-0.9702;7.56;
25.1465;54.942;7.56;
25.2107;19.3716;7.56;
28.9417;42.8445;7.56;
31.5668;20.5923;7.56;
31.8846;80.6649;7.56;
33.1943;-2.3964;7.56;
35.4202;-7.5432;7.56;
35.6005;30.3244;7.56;
35.8185;46.1399;7.56;
36.0782;63.5365;7.56;
36.5213;30.9066;7.56;
38.8914;44.64;7.56;
40.1276;-31.4674;7.56;
42.0381;27.0686;7.56;
42.2091;49.1839;7.56;
42.7679;30.2867;7.56;
44.3123;1.8873;7.56;
46.1381;-51.3221;7.56;
48.1267;43.8606;7.56;
49.9925;-28.9925;7.56;
51.7026;60.405;7.56;
52.6639;-4.2733;7.56;
53.1824;-60.5743;7.56;
54.5945;44.8005;7.56;
55.6857;-18.7138;7.56;
64.5606;22.8068;7.56;
67.8995;-31.5192;7.56;
71.5827;-38.1139;7.56;
72.0071;53.122;7.56;
75.7587;9.3824;7.56;
77.2814;-42.0189;7.56;
80.6721;-23.259;7.56;
80.7559;28.4689;7.56;
80.7676;-8.1055;7.56;
80.9745;11.0836;7.56;
81.996;-38.9067;7.56;
82.6445;0.3656;7.56;
83.9189;21.4033;7.56;
84.3655;-47.2011;7.56;
93.1227;-13.6236;7.56;
93.5792;-19.5254;7.56;
94.413;40.31;7.56;
95.1781;5.2784;7.56;
96.1386;59.6993;7.56;
96.2568;-14.5037;7.56;
97.1439;-13.0492;7.56;
98.083;54.8535;7.56;
98.8409;51.9747;7.56;
98.8817;-37.8577;7.56;
101.4621;62.6496;7.56;
102.4171;-15.0446;7.56;
105.9595;-41.2069;7.56;
107.4351;22.3646;7.56;
108.7111;-41.1687;7.56;
110.5017;41.311;7.56;
110.7033;-52.5193;7.56;
111.1701;65.8386;7.56;
112.5616;20.7844;7.56;
113.1743;-9.6693;7.56;
114.0711;-67.3783;7.56;
115.0067;-24.7222;7.56;
115.4381;-7.1509;7.56;
116.3544;-44.8826;7.56;
120.4153;-34.6951;7.56;
125.9539;57.4172;7.56;
126.1321;-53.7362;7.56;
126.5257;28.6286;7.56;
127.0603;-42.2304;7.56;
130.2847;-19.9158;7.56;
130.3107;47.4806;7.56;
133.4036;-43.5329;7.56;
133.8887;80.0303;7.56;
135.2894;-38.9176;7.56;
137.2408;49.2978;7.56;
137.2712;69.2107;7.56;
138.9053;-23.4929;7.56;
141.1059;4.7649;7.56;
143.1349;-65.3784;7.56;
144.6674;-11.7974;7.56;
145.0301;-9.0953;7.56;
146.8693;-37.7245;7.56;
152.1797;34.2423;7.56;
153.6027;59.3997;7.56;
154.2151;1.7978;7.56;
155.5022;43.9054;7.56;
155.5371;-49.2935;7.56;
156.0509;-44.0382;7.56;
156.1623;-33.4884;7.56;
156.2543;64.1579;7.56;
157.1299;-81.0559;7.56;
157.5477;50.9933;7.56;
158.6672;-41.7496;7.56;
162.6232;25.6399;7.56;
164.8506;-26.7685;7.56;
166.4576;12.5655;7.56;
167.1023;-59.4126;7.56;
171.3553;7.953;7.56;
174.3714;-36.727;7.56;
176.5878;-27.9635;7.56;
176.7683;64.3933;7.56;
177.7797;36.8352;7.56;
177.8868;-21.6357;7.56;
177.8921;6.8767;7.56;
183.4594;8.9722;7.56;
184.4898;1.5753;7.56;
184.6705;26.1904;7.56;
190.2144;-27.7132;7.56;
191.3867;-20.1457;7.56;
191.9144;-73.8127;7.56;
192.3629;5.1721;7.56;
195.2783;-33.4801;7.56;
198.1824;-2.265;7.56;
198.3073;-2.5557;7.56;
206.3773;-38.5109;7.56;
206.5116;41.0378;7.56;
210.0721;-67.5057;7.56;
210.9303;8.487;7.56;
214.4447;33.2551;7.56;
215.1373;26.5728;7.56;
217.3586;-80.1033;7.56;
217.92;12.8564;7.56;
217.9892;-16.3625;7.56;
226.2511;41.1094;7.56;
226.2804;73.8919;7.56;
226.3788;-7.0136;7.56;
234.756;-22.4737;7.56;
236.6021;36.446;7.56;
242.2561;-8.2188;7.56;
243.1792;45.8944;7.56;
246.0499;-11.8978;7.56;
250.6607;68.1022;7.56;
253.0474;35.4896;7.56;
253.1258;-5.1496;7.56;
257.225;33.3008;7.56;
258.0639;-17.2465;7.56;
258.3655;45.3722;7.56;
261.6228;-37.1122;7.56;
262.0145;-36.8821;7.56;
262.3734;-16.0346;7.56;
264.337;35.7991;7.56;
264.8452;-86.8852;7.56;
265.6212;25.801;7.56;
268.0385;42.8571;7.56;
268.4809;-58.2726;7.56;
269.5431;27.3974;7.56;
273.0121;-56.4283;7.56;
273.1487;12.3936;7.56;
274.1426;-23.9026;7.56;
274.9543;42.0017;7.56;
277.2196;14.9896;7.56;
277.5993;-66.9358;7.56;
277.7591;-24.892;7.56;
282.3691;-16.723;7.56;
282.5351;-42.2112;7.56;
287.2577;1.3526;7.56;
287.7733;-15.9203;7.56;
291.023;46.4384;7.56;
294.5499;-41.8045;7.56;
295.7023;37.6868;7.56;
296.4532;40.5552;7.56;
296.7255;72.4646;7.56;
297.2419;16.6277;7.56;
297.4629;-10.725;7.56;
298.433;-63.5728;7.56;
299.4737;-9.0585;7.56;
299.4769;27.252;7.56;
302.3929;16.8058;7.56;
303.558;35.3617;7.56;
304.5805;-51.0868;7.56;
304.5812;-63.1607;7.56;
304.8933;43.4962;7.56;
305.8156;11.0851;7.56;
305.9766;-79.051;7.56;
306.3691;39.7935;7.56;
306.3898;80.2202;7.56;
307.1107;11.7207;7.56;
307.8214;-80.5441;7.56;
313.3068;16.3416;7.56;
317.3961;-14.1167;7.56;
317.9941;-5.8136;7.56;
318.6167;-59.7093;7.56;
319.3201;-39.0495;7.56;
320.4963;17.2105;7.56;
320.7934;-0.773;7.56;
320.8371;-13.5134;7.56;
323.4409;54.316;7.56;
325.8254;52.4085;7.56;
327.3328;-18.3865;7.56;
327.6363;0.7529;7.56;
328.9553;-45.248;7.56;
329.464;46.8644;7.56;
330.0461;42.5836;7.56;
331.3854;17.5105;7.56;
331.5952;-68.7414;7.56;
332.9108;52.43;7.56;
333.6798;49.3543;7.56;
335.8788;6.5421;7.56;
336.8355;33.5144;7.56;
338.575;17.1535;7.56;
341.0669;20.9372;7.56;
341.2934;11.6862;7.56;
341.3407;3.6899;7.56;
341.5079;35.672;7.56;
342.8237;-23.7653;7.56;
343.2121;-62.8158;7.56;
346.694;5.0359;7.56;
349.0332;18.2576;7.56;
349.083;50.4879;7.56;
351.5357;8.9297;7.56;
351.9571;32.9588;7.56;
352.8322;52.4107;7.56;
355.0142;26.802;7.56;
356.7272;48.8017;7.56;
356.9134;-4.4617;7.56;
0.0746;13.3122;7.57;
3.2918;-43.0652;7.57;
4.3878;36.5504;7.57;
5.4889;16.8769;7.57;
5.5833;-23.8405;7.57;
5.7509;22.375;7.57;
6.2559;-30.6977;7.57;
6.5672;-21.6728;7.57;
6.7959;60.667;7.57;
11.0324;-74.2653;7.57;
11.5135;40.8089;7.57;
11.6689;-4.4271;7.57;
12.1401;44.9727;7.57;
13.0529;-9.8324;7.57;
13.3889;48.5189;7.57;
14.6768;4.2058;7.57;
16.7883;38.6505;7.57;
17.4001;-11.6786;7.57;
17.9174;22.7221;7.57;
18.6657;71.1011;7.57;
19.8372;-76.149;7.57;
20.1253;-19.949;7.57;
22.152;-11.5325;7.57;
25.7322;31.0273;7.57;
25.873;74.7423;7.57;
25.9105;5.7455;7.57;
27.1696;-38.6576;7.57;
27.6202;-12.3426;7.57;
29.5191;41.386;7.57;
29.7505;34.3396;7.57;
32.4174;32.3164;7.57;
38.549;-33.1174;7.57;
40.0908;52.8041;7.57;
40.9083;24.0729;7.57;
41.7144;57.7338;7.57;
42.0612;55.7734;7.57;
42.8442;-30.4375;7.57;
47.5166;-50.8324;7.57;
48.7177;-50.5521;7.57;
49.0073;35.0452;7.57;
50.8172;-11.3471;7.57;
53.4526;-62.1673;7.57;
53.8265;18.9031;7.57;
56.2565;-70.0241;7.57;
56.707;47.6039;7.57;
57.8604;-40.0857;7.57;
58.0195;40.7975;7.57;
58.0233;22.6716;7.57;
61.392;-45.6667;7.57;
61.7174;30.2733;7.57;
63.016;35.3596;7.57;
64.0442;34.8688;7.57;
65.4445;-42.7879;7.57;
66.7646;71.7814;7.57;
69.5178;-17.8161;7.57;
72.172;16.6343;7.57;
74.436;-13.705;7.57;
79.3577;-71.5331;7.57;
79.398;-68.5931;7.57;
81.9869;-18.0039;7.57;
82.3451;-61.8234;7.57;
85.7493;44.8515;7.57;
86.9908;24.6615;7.57;
87.1464;-65.1685;7.57;
87.2144;-32.4267;7.57;
87.951;-19.3869;7.57;
89.434;-19.3872;7.57;
89.6288;-10.8398;7.57;
90.0871;39.8772;7.57;
90.5233;55.3155;7.57;
90.7474;28.677;7.57;
93.6927;57.7747;7.57;
93.7662;-8.6272;7.57;
95.0678;-2.0546;7.57;
95.1472;25.6081;7.57;
95.2755;7.5355;7.57;
95.3346;-1.2207;7.57;
95.513;-30.5335;7.57;
97.2796;-40.3719;7.57;
98.0411;-65.3157;7.57;
98.2023;10.1661;7.57;
102.7828;-77.6743;7.57;
102.9223;-23.8029;7.57;
103.4848;-22.3286;7.57;
104.5582;-17.7792;7.57;
104.5716;-35.4191;7.57;
105.3123;0.0105;7.57;
107.2736;44.2598;7.57;
109.3251;-40.6566;7.57;
110.4005;-79.1644;7.57;
110.483;60.3258;7.57;
110.7244;55.3409;7.57;
115.3943;22.1174;7.57;
116.576;-71.7203;7.57;
117.2056;-35.7398;7.57;
118.1874;-22.2241;7.57;
119.0081;34.3696;7.57;
119.1024;31.6956;7.57;
124.3614;-29.1323;7.57;
124.398;1.146;7.57;
125.1897;-14.3631;7.57;
126.8815;0.8284;7.57;
127.8161;25.7404;7.57;
128.842;-51.8204;7.57;
128.8736;-29.5236;7.57;
129.6985;-33.871;7.57;
130.7819;-12.4219;7.57;
133.787;-46.3608;7.57;
134.1197;-29.3451;7.57;
134.628;-50.8069;7.57;
135.139;-16.1534;7.57;
135.2899;-19.3422;7.57;
135.6031;-55.0304;7.57;
136.1657;0.9188;7.57;
136.1954;-44.8104;7.57;
137.1205;36.3119;7.57;
137.2859;72.3048;7.57;
137.3795;2.9413;7.57;
137.5433;-38.7482;7.57;
137.6718;-83.7415;7.57;
137.8845;-57.619;7.57;
138.4234;69.9385;7.57;
138.715;55.6202;7.57;
139.5055;57.9054;7.57;
140.5674;-55.9603;7.57;
141.7558;47.7732;7.57;
143.7528;-48.8895;7.57;
144.1296;-11.2742;7.57;
144.7423;-4.0152;7.57;
144.9202;-53.2579;7.57;
146.6442;-40.6794;7.57;
151.3369;-3.3742;7.57;
152.7555;-2.4151;7.57;
153.2335;51.476;7.57;
154.236;25.8607;7.57;
156.7929;-62.0189;7.57;
157.1056;14.7534;7.57;
157.6405;-61.3365;7.57;
158.556;73.8345;7.57;
159.7002;-40.6721;7.57;
159.7604;-64.975;7.57;
165.0669;-43.2515;7.57;
167.7585;-36.2256;7.57;
169.2909;75.3531;7.57;
171.1105;15.884;7.57;
171.8504;-18.5197;7.57;
174.1561;-34.6465;7.57;
174.5506;-28.2906;7.57;
176.6695;-3.7424;7.57;
177.3967;29.4985;7.57;
177.7109;-15.389;7.57;
178.9305;-68.5494;7.57;
180.1019;44.6303;7.57;
181.2034;-62.0023;7.57;
181.9463;-8.486;7.57;
182.4182;33.0872;7.57;
183.2689;-31.5184;7.57;
183.3047;10.8217;7.57;
185.3177;-26.7325;7.57;
187.3127;34.7035;7.57;
187.3901;-59.0855;7.57;
189.463;-57.8656;7.57;
190.7061;-66.4577;7.57;
190.9696;-18.2846;7.57;
192.0694;-67.1312;7.57;
193.2977;59.9522;7.57;
195.3435;-17.8821;7.57;
198.3375;-13.4712;7.57;
199.1853;19.8152;7.57;
199.5341;83.8991;7.57;
199.7083;-12.0155;7.57;
200.7496;15.2506;7.57;
203.103;-12.6631;7.57;
203.4653;45.5996;7.57;
204.3241;-40.8979;7.57;
204.8336;-15.2086;7.57;
205.7862;-69.1276;7.57;
206.9822;50.2395;7.57;
206.989;18.9444;7.57;
210.3574;-31.6207;7.57;
212.233;-68.1405;7.57;
214.6281;-54.1294;7.57;
219.0277;-34.906;7.57;
219.9977;38.1105;7.57;
221.1433;60.0537;7.57;
221.2917;-57.5368;7.57;
223.1584;-24.1179;7.57;
225.1087;31.6152;7.57;
227.2365;-11.7905;7.57;
229.3228;-41.927;7.57;
231.0771;38.1877;7.57;
232.0509;-9.3579;7.57;
234.9603;64.6618;7.57;
236.2507;-59.1239;7.57;
237.589;-58.5019;7.57;
238.4843;-18.9509;7.57;
238.6742;5.2096;7.57;
240.1528;80.6278;7.57;
242.2;35.5499;7.57;
242.7471;-57.6077;7.57;
243.4324;-9.2029;7.57;
246.169;-45.1805;7.57;
247.2458;-24.538;7.57;
250.2365;42.4617;7.57;
250.9154;-22.7365;7.57;
251.0736;-22.5236;7.57;
253.3495;1.3483;7.57;
253.4225;-69.0547;7.57;
253.438;-4.3215;7.57;
254.1908;-67.1643;7.57;
254.7795;-38.566;7.57;
255.78;-58.5472;7.57;
257.6681;46.556;7.57;
258.131;-10.2781;7.57;
258.7738;-45.8787;7.57;
259.4536;36.0941;7.57;
260.6697;74.6629;7.57;
260.7;27.8594;7.57;
261.1549;50.6858;7.57;
261.5717;67.7659;7.57;
262.6116;22.873;7.57;
262.8921;61.684;7.57;
264.8759;-13.6497;7.57;
266.6358;-2.8613;7.57;
266.8069;28.9102;7.57;
267.4454;-41.4424;7.57;
267.5786;-47.2305;7.57;
268.0977;-18.0901;7.57;
268.1113;2.9942;7.57;
268.5004;34.667;7.57;
270.5218;-35.6694;7.57;
271.1345;1.2376;7.57;
272.4786;-71.6451;7.57;
272.6398;-26.0329;7.57;
272.9458;-43.0821;7.57;
274.621;24.439;7.57;
276.0419;-26.4473;7.57;
276.2175;-42.229;7.57;
277.4414;17.5993;7.57;
277.5677;21.8668;7.57;
278.0836;36.9988;7.57;
281.4303;-46.6013;7.57;
285.3408;44.3865;7.57;
286.4365;9.7704;7.57;
287.7829;38.7801;7.57;
288.1897;-24.4873;7.57;
291.6188;47.9699;7.57;
291.8518;42.2293;7.57;
292.0513;-12.1448;7.57;
294.4669;22.7972;7.57;
295.5528;29.4976;7.57;
296.0043;38.0069;7.57;
296.5791;44.565;7.57;
297.0181;27.7028;7.57;
297.0504;37.7254;7.57;
298.2564;38.7734;7.57;
299.1671;-23.0662;7.57;
299.7482;67.4721;7.57;
301.1014;-30.1661;7.57;
301.3408;-16.3733;7.57;
301.6597;7.5581;7.57;
301.8366;16.0763;7.57;
302.3445;10.7861;7.57;
302.6446;-71.6423;7.57;
302.8143;16.853;7.57;
302.9091;14.6489;7.57;
304.4996;33.1914;7.57;
304.8812;15.5451;7.57;
306.5517;-86.1048;7.57;
306.8152;16.711;7.57;
307.2409;10.3312;7.57;
309.0198;-59.6788;7.57;
309.983;-27.7173;7.57;
310.6395;12.7282;7.57;
311.1618;13.5553;7.57;
311.6024;56.8351;7.57;
311.9701;-27.7502;7.57;
314.1038;65.8276;7.57;
316.3991;46.9633;7.57;
316.6227;-68.6459;7.57;
317.1334;-24.2052;7.57;
319.2281;13.9532;7.57;
320.5963;-59.8639;7.57;
321.3682;-41.702;7.57;
323.3361;33.8023;7.57;
324.4974;48.4872;7.57;
324.6241;13.6842;7.57;
325.6212;-37.9332;7.57;
325.6919;50.1674;7.57;
327.9354;31.9121;7.57;
330.8652;49.6649;7.57;
331.3488;0.2611;7.57;
331.5222;-5.358;7.57;
332.609;18.7971;7.57;
334.1412;84.5044;7.57;
335.0959;-43.5028;7.57;
338.2557;-17.5015;7.57;
339.1148;58.4261;7.57;
339.3744;-20.3782;7.57;
340.1126;28.2116;7.57;
340.7615;81.8961;7.57;
340.7705;83.2707;7.57;
351.7705;86.0081;7.57;
351.9761;59.6953;7.57;
353.1985;57.9056;7.57;
353.7092;43.2015;7.57;
354.0039;-30.6468;7.57;
356.1339;46.3802;7.57;
358.1653;54.2688;7.57;
1.9973;-18.6847;7.58;
2.2079;40.841;7.58;
3.2845;-7.6825;7.58;
3.7469;8.8183;7.58;
4.8417;26.4541;7.58;
6.4095;-51.4029;7.58;
7.9343;53.9617;7.58;
8.2472;18.3952;7.58;
10.0697;15.8247;7.58;
11.1153;-13.4158;7.58;
12.2659;-42.5618;7.58;
14.6726;44.9563;7.58;
21.9372;-75.0435;7.58;
22.7603;39.4946;7.58;
22.8083;17.1521;7.58;
24.2758;49.0758;7.58;
24.441;-47.1781;7.58;
24.5259;65.5351;7.58;
25.6122;15.7785;7.58;
27.2076;-51.6322;7.58;
27.2273;16.3775;7.58;
27.6244;38.3031;7.58;
28.9143;12.5733;7.58;
29.3172;-17.6769;7.58;
31.4426;39.7598;7.58;
31.7388;-15.7057;7.58;
38.0645;32.0987;7.58;
39.4388;12.2696;7.58;
39.8589;-25.5691;7.58;
40.7886;58.8894;7.58;
43.4977;16.0204;7.58;
49.4617;-26.3524;7.58;
52.988;67.4252;7.58;
56.4718;45.5999;7.58;
64.207;-71.9978;7.58;
65.2319;-51.0444;7.58;
66.0519;14.7582;7.58;
66.4437;-44.8543;7.58;
66.8425;7.0625;7.58;
67.2256;-25.1949;7.58;
69.0582;21.5365;7.58;
69.0629;47.371;7.58;
71.4108;-50.0742;7.58;
73.4656;67.4874;7.58;
74.7384;14.5496;7.58;
76.1739;-21.221;7.58;
76.6319;55.3535;7.58;
77.6061;-80.4079;7.58;
79.2262;-48.1915;7.58;
79.7291;-51.5795;7.58;
83.2871;3.1311;7.58;
83.7438;26.9722;7.58;
83.8652;37.902;7.58;
85.1775;-53.2172;7.58;
87.463;-43.3646;7.58;
88.7514;-50.9887;7.58;
89.0862;-39.1556;7.58;
91.3528;-28.6774;7.58;
93.3769;9.6287;7.58;
95.1437;18.0491;7.58;
99.1488;77.925;7.58;
99.2585;19.1601;7.58;
99.7003;-43.8248;7.58;
100.5202;-69.7065;7.58;
102.2033;-16.2116;7.58;
102.8653;-49.2935;7.58;
102.9798;-22.3036;7.58;
105.4398;17.9753;7.58;
107.6276;-30.6625;7.58;
108.1166;62.2625;7.58;
109.1513;-23.8269;7.58;
111.3293;-41.1576;7.58;
112.0733;-43.9631;7.58;
114.6399;73.5958;7.58;
114.7139;-5.4656;7.58;
114.8976;84.1974;7.58;
115.4233;37.4301;7.58;
116.4884;-18.9045;7.58;
116.5794;-46.1596;7.58;
116.796;-43.3945;7.58;
118.39;-36.9361;7.58;
119.1263;-23.0043;7.58;
121.5142;-64.3769;7.58;
121.5378;15.3467;7.58;
121.9136;-54.0649;7.58;
122.0123;50.1368;7.58;
122.1148;5.3667;7.58;
123.9064;-49.9929;7.58;
124.5047;-14.9749;7.58;
124.5839;-26.3447;7.58;
125.5517;-47.7827;7.58;
126.1161;-8.5202;7.58;
126.6209;-2.7384;7.58;
128.0649;-76.9288;7.58;
128.4742;1.5855;7.58;
131.4586;20.0223;7.58;
132.6104;-51.8974;7.58;
132.7218;-43.7515;7.58;
133.4858;-52.4727;7.58;
134.9347;-54.2369;7.58;
134.9904;-2.5482;7.58;
136.1493;10.8502;7.58;
136.5649;17.1119;7.58;
136.9528;-28.1978;7.58;
137.1425;16.7017;7.58;
139.5895;-59.6463;7.58;
142.5807;-44.8598;7.58;
145.9356;-41.2406;7.58;
146.6973;-11.9389;7.58;
147.3899;-52.1273;7.58;
147.4521;11.1064;7.58;
150.636;-48.8621;7.58;
150.7729;46.1971;7.58;
154.9698;-57.5071;7.58;
156.2778;65.9092;7.58;
157.1415;-6.3033;7.58;
158.9119;-13.0003;7.58;
159.5259;-63.0552;7.58;
164.7568;75.7213;7.58;
165.3709;-16.9462;7.58;
166.475;53.8508;7.58;
166.6568;-67.9241;7.58;
166.803;-33.555;7.58;
169.9789;-58.1547;7.58;
170.2333;2.4225;7.58;
171.1009;-22.0873;7.58;
171.6928;3.0063;7.58;
172.0874;-71.1177;7.58;
172.7616;-37.7491;7.58;
175.2951;-16.6831;7.58;
176.24;-51.5712;7.58;
176.9065;-66.0072;7.58;
179.6399;-15.117;7.58;
179.8132;61.3344;7.58;
183.4054;-9.5134;7.58;
184.5173;18.435;7.58;
184.5836;-51.2452;7.58;
184.6475;-14.4072;7.58;
185.3858;-44.2684;7.58;
188.1461;-32.4642;7.58;
189.0514;40.5864;7.58;
189.4097;10.5841;7.58;
189.7884;16.4798;7.58;
197.0309;62.6902;7.58;
198.7637;78.7013;7.58;
203.1335;-62.3441;7.58;
203.351;-38.8717;7.58;
204.147;-47.2994;7.58;
209.4801;-30.9647;7.58;
209.9417;-50.2281;7.58;
211.2149;58.8675;7.58;
211.609;30.8465;7.58;
212.8306;-29.7847;7.58;
213.0447;20.6427;7.58;
214.8953;-5.1512;7.58;
215.3867;-10.3711;7.58;
216.3793;-32.972;7.58;
218.3092;-67.1876;7.58;
221.1275;-3.3633;7.58;
235.0225;-88.6546;7.58;
235.1965;-35.4277;7.58;
242.2152;15.7964;7.58;
243.1838;-19.5029;7.58;
245.401;56.8771;7.58;
245.7778;70.7968;7.58;
246.0161;-11.0236;7.58;
246.1272;32.4683;7.58;
253.4572;-72.1031;7.58;
253.6121;-4.1637;7.58;
257.6275;21.2156;7.58;
257.7358;31.174;7.58;
264.2599;14.8517;7.58;
265.7085;85.6701;7.58;
266.9767;36.0016;7.58;
269.3376;35.6749;7.58;
271.0211;46.4421;7.58;
271.5088;76.1318;7.58;
272.2219;-39.4944;7.58;
272.8489;-33.327;7.58;
273.6801;-48.8134;7.58;
274.0925;10.8148;7.58;
274.6954;-18.1722;7.58;
276.6184;-8.1856;7.58;
277.5166;18.5883;7.58;
277.8884;-56.9834;7.58;
278.1259;68.6142;7.58;
279.0977;66.9132;7.58;
279.3625;3.2201;7.58;
280.5595;-23.2931;7.58;
281.6634;30.5866;7.58;
282.0939;-31.865;7.58;
283.2335;-18.2592;7.58;
284.724;-35.9646;7.58;
284.9664;-57.9778;7.58;
286.2632;25.8381;7.58;
287.3405;-34.4898;7.58;
288.3411;14.6181;7.58;
289.4426;76.6191;7.58;
291.2758;-23.0418;7.58;
293.286;46.0394;7.58;
295.4351;-77.5747;7.58;
297.6341;17.2688;7.58;
298.322;-72.4735;7.58;
299.1027;35.7901;7.58;
299.3719;21.7569;7.58;
301.0008;-9.1268;7.58;
304.7566;51.977;7.58;
304.7856;38.1612;7.58;
305.4008;10.9918;7.58;
312.9513;13.9189;7.58;
313.2676;29.1455;7.58;
314.7064;-3.3181;7.58;
316.4844;48.0445;7.58;
318.144;-60.0487;7.58;
320.1106;12.1415;7.58;
322.8432;22.7419;7.58;
325.5769;5.912;7.58;
327.0387;-25.8778;7.58;
331.415;57.1265;7.58;
331.5052;20.8034;7.58;
331.7757;37.9008;7.58;
333.3346;0.2423;7.58;
334.2936;22.3875;7.58;
336.9756;51.5757;7.58;
338.9117;10.3273;7.58;
339.0321;-54.6106;7.58;
339.0368;72.881;7.58;
339.1915;-64.3897;7.58;
340.1628;-16.7709;7.58;
341.7323;39.4172;7.58;
341.7889;-32.6755;7.58;
342.7272;-62.8147;7.58;
343.147;56.5203;7.58;
344.8769;43.9138;7.58;
345.6818;41.2782;7.58;
346.0151;-22.7101;7.58;
346.9174;30.0542;7.58;
358.6611;-1.9462;7.58;
359.393;73.8658;7.58;
1.0666;65.153;7.59;
1.3561;-3.8517;7.59;
2.1073;6.6168;7.59;
2.1153;-24.0937;7.59;
2.3793;19.5591;7.59;
4.0226;8.1155;7.59;
5.9282;-62.4251;7.59;
6.0499;-54.5667;7.59;
10.5968;4.1666;7.59;
11.9864;-29.3439;7.59;
12.2525;-36.2635;7.59;
12.6163;59.6718;7.59;
13.779;23.4162;7.59;
13.8117;64.5458;7.59;
16.6125;-9.7667;7.59;
16.7131;-81.6488;7.59;
18.1194;23.2557;7.59;
19.5642;2.5506;7.59;
21.526;-2.201;7.59;
23.1386;11.8826;7.59;
24.4875;9.7636;7.59;
25.2686;13.7734;7.59;
32.2972;45.8408;7.59;
33.3699;59.196;7.59;
36.9264;-33.8966;7.59;
38.0507;6.7173;7.59;
38.5444;42.7853;7.59;
39.2224;-35.3199;7.59;
39.3662;64.1134;7.59;
39.8198;-60.5474;7.59;
40.0735;34.5848;7.59;
40.4957;0.5504;7.59;
44.29;3.6787;7.59;
46.396;44.4098;7.59;
46.699;45.7508;7.59;
47.5606;21.2719;7.59;
48.9103;61.1279;7.59;
50.7407;71.2805;7.59;
51.6006;-15.3632;7.59;
53.408;-7.415;7.59;
55.2152;-12.6158;7.59;
56.5261;10.5488;7.59;
57.1078;-13.3067;7.59;
58.1658;-44.9468;7.59;
59.5885;1.4459;7.59;
61.4744;61.7944;7.59;
64.869;11.9662;7.59;
72.7004;31.5659;7.59;
73.0921;-3.1729;7.59;
75.1645;-70.624;7.59;
76.3338;7.5625;7.59;
76.5425;-1.2439;7.59;
77.9887;-10.961;7.59;
79.0476;1.757;7.59;
80.6894;19.0116;7.59;
81.307;-52.6769;7.59;
82.2159;-50.7154;7.59;
82.7565;12.0968;7.59;
84.6578;-16.9193;7.59;
85.8611;-49.8424;7.59;
87.6555;44.0115;7.59;
88.0707;7.3294;7.59;
88.3619;18.17;7.59;
88.9095;-68.0468;7.59;
88.9777;-56.5551;7.59;
91.5502;64.0818;7.59;
92.8048;15.5619;7.59;
92.8396;14.4751;7.59;
93.9241;-20.2017;7.59;
94.341;45.8605;7.59;
96.1286;38.5692;7.59;
96.9952;23.6684;7.59;
97.0662;-19.7971;7.59;
98.1473;50.9577;7.59;
98.1677;-5.3406;7.59;
98.5573;65.2869;7.59;
98.9908;-3.9776;7.59;
99.8638;-12.0351;7.59;
99.8976;-60.4008;7.59;
100.14;-34.2123;7.59;
100.4757;47.7935;7.59;
100.6544;-10.7496;7.59;
102.0917;-1.8179;7.59;
102.6884;-20.8359;7.59;
102.9558;-26.5818;7.59;
104.3007;-36.8868;7.59;
104.43;40.829;7.59;
105.0429;30.2862;7.59;
105.5289;-50.4299;7.59;
108.3365;-8.8625;7.59;
108.893;-1.8602;7.59;
111.207;20.0008;7.59;
111.6628;-4.3184;7.59;
111.9282;-47.414;7.59;
112.1774;63.8748;7.59;
113.6168;-52.9682;7.59;
115.6443;-36.3748;7.59;
117.2999;-4.6588;7.59;
119.082;22.5717;7.59;
119.1997;26.1053;7.59;
121.572;-18.3732;7.59;
122.3423;1.3141;7.59;
122.5273;14.508;7.59;
122.7902;84.4073;7.59;
124.2759;-34.4972;7.59;
124.6028;-7.5713;7.59;
124.9935;-36.6112;7.59;
125.0055;16.2235;7.59;
127.4486;0.2736;7.59;
128.0079;-29.3712;7.59;
129.0698;-31.3383;7.59;
130.0112;-34.0198;7.59;
130.1824;-11.9272;7.59;
130.3273;-4.8089;7.59;
130.5071;63.4555;7.59;
133.2265;-43.7532;7.59;
133.5387;39.2548;7.59;
133.7448;-10.9855;7.59;
134.6891;23.9667;7.59;
136.635;20.1193;7.59;
137.9638;-6.9796;7.59;
138.1154;58.7115;7.59;
140.4669;-13.5372;7.59;
140.5426;-0.4259;7.59;
140.9211;-52.427;7.59;
140.96;55.1936;7.59;
144.6137;-62.5559;7.59;
145.8193;-60.0293;7.59;
146.2324;-64.6534;7.59;
148.4965;27.6955;7.59;
150.2307;53.1244;7.59;
150.2745;-72.3185;7.59;
150.4917;-14.3929;7.59;
150.521;-15.0291;7.59;
150.8755;53.3353;7.59;
154.5884;-52.3316;7.59;
154.7094;-23.1814;7.59;
155.4244;48.042;7.59;
157.0653;46.1776;7.59;
159.9607;37.8391;7.59;
161.6734;16.5429;7.59;
162.2882;-5.4069;7.59;
163.826;-52.6533;7.59;
165.2094;-49.0198;7.59;
166.4569;29.9984;7.59;
167.8181;66.7388;7.59;
168.8204;-77.5184;7.59;
171.7634;21.8523;7.59;
171.7711;-47.7612;7.59;
172.1772;-39.8207;7.59;
176.9734;-28.3232;7.59;
177.4534;-46.015;7.59;
179.2014;5.3448;7.59;
179.2782;-63.6767;7.59;
180.6461;8.0698;7.59;
180.886;-61.0983;7.59;
182.0642;30.2754;7.59;
182.8893;-27.0709;7.59;
183.3087;11.5163;7.59;
185.7092;-45.659;7.59;
186.1697;1.3839;7.59;
188.3525;7.946;7.59;
191.0942;21.9935;7.59;
191.3087;-62.2177;7.59;
192.2156;-68.4252;7.59;
193.3255;-45.1419;7.59;
194.1475;9.3166;7.59;
194.748;-8.7389;7.59;
197.3309;-41.0195;7.59;
200.1272;-20.8809;7.59;
200.1371;8.245;7.59;
200.5073;2.7573;7.59;
206.5015;37.525;7.59;
207.86;-37.3923;7.59;
209.1051;65.3507;7.59;
209.4672;16.2021;7.59;
210.8795;-68.5037;7.59;
211.5469;-24.7405;7.59;
212.4354;37.33;7.59;
212.5827;-14.2212;7.59;
213.809;-67.6583;7.59;
217.205;-71.5902;7.59;
220.1596;8.978;7.59;
223.8753;-37.1616;7.59;
223.9716;-13.9007;7.59;
225.59;-41.6906;7.59;
227.8504;59.0539;7.59;
227.8745;2.8284;7.59;
230.8809;-14.352;7.59;
231.9097;-8.948;7.59;
232.4756;23.8171;7.59;
233.9626;12.9163;7.59;
234.9552;-14.0558;7.59;
235.1185;18.6715;7.59;
235.248;-71.7448;7.59;
236.0736;-24.3954;7.59;
239.9784;-56.8114;7.59;
240.2925;-46.5384;7.59;
242.8489;28.4385;7.59;
243.7344;-45.9916;7.59;
244.8579;5.5381;7.59;
246.1884;22.383;7.59;
248.6717;63.9349;7.59;
249.8363;-30.4647;7.59;
250.5305;1.2417;7.59;
250.7294;25.8549;7.59;
251.362;-71.8398;7.59;
252.178;18.3189;7.59;
252.2337;-61.3887;7.59;
253.2657;-47.2403;7.59;
253.3383;15.4081;7.59;
253.9349;-25.5339;7.59;
255.0026;9.798;7.59;
257.5431;-0.7602;7.59;
258.1053;-66.6096;7.59;
259.3717;55.0563;7.59;
260.5991;-49.7617;7.59;
260.9749;-29.8212;7.59;
263.2089;19.0862;7.59;
263.5487;-48.4686;7.59;
265.9596;-67.403;7.59;
266.4878;5.6944;7.59;
266.9242;-35.2222;7.59;
267.3984;-20.0067;7.59;
268.4008;24.7772;7.59;
269.2184;4.9876;7.59;
270.2799;45.3509;7.59;
270.7753;-17.4139;7.59;
273.2041;5.8225;7.59;
273.5203;31.54;7.59;
273.7857;-57.8544;7.59;
274.9507;-4.9617;7.59;
275.7538;-17.677;7.59;
280.0131;-64.7257;7.59;
281.176;-29.9802;7.59;
283.0291;27.2603;7.59;
284.7824;-8.9706;7.59;
285.7721;-45.7117;7.59;
286.4681;29.1134;7.59;
286.7026;36.1281;7.59;
287.3251;32.8689;7.59;
289.3791;25.2383;7.59;
290.0046;5.5877;7.59;
293.5641;-16.3167;7.59;
294.6614;31.2192;7.59;
294.9751;-14.8493;7.59;
295.3468;38.458;7.59;
296.5803;-27.2655;7.59;
296.9157;15.9076;7.59;
297.1169;18.6551;7.59;
298.4533;-71.4061;7.59;
300.7585;40.1732;7.59;
300.8194;-42.9235;7.59;
302.2674;-74.2196;7.59;
302.567;61.3459;7.59;
302.988;26.7437;7.59;
303.024;21.0681;7.59;
305.3704;64.6931;7.59;
305.936;-35.1293;7.59;
307.4073;-22.8451;7.59;
307.8598;39.9388;7.59;
309.0677;59.2131;7.59;
310.4446;-28.7618;7.59;
310.5846;45.8235;7.59;
311.843;-50.5462;7.59;
312.7974;-25.5825;7.59;
313.2874;-46.6179;7.59;
316.1448;52.3998;7.59;
316.6432;38.0393;7.59;
316.9327;-5.5659;7.59;
320.8225;64.9996;7.59;
321.4517;-25.2379;7.59;
322.1175;76.4035;7.59;
322.1713;26.4117;7.59;
325.005;53.969;7.59;
326.6433;52.1241;7.59;
326.7452;7.1754;7.59;
326.8699;-16.7624;7.59;
326.9804;-52.9306;7.59;
329.7325;41.6962;7.59;
330.0302;51.5182;7.59;
331.5564;-29.0709;7.59;
333.2532;-49.0537;7.59;
333.824;39.7764;7.59;
334.4638;49.83;7.59;
334.8958;21.0241;7.59;
335.0111;-66.886;7.59;
336.0612;71.3009;7.59;
336.3198;-51.3984;7.59;
337.1903;76.2356;7.59;
338.9197;-17.62;7.59;
339.1876;30.7914;7.59;
339.3697;39.4389;7.59;
341.0721;-14.6118;7.59;
341.2516;-0.7319;7.59;
342.4476;28.9444;7.59;
343.583;81.935;7.59;
349.9183;73.9243;7.59;
351.1755;-52.7019;7.59;
352.6818;22.0474;7.59;
354.7229;12.1945;7.59;
355.1093;-26.2012;7.59;
355.1577;-18.9889;7.59;
358.0324;50.1147;7.59;
359.9761;5.9566;7.59;
1.5706;-10.7785;7.6;
3.0365;48.1823;7.6;
5.8245;60.2356;7.6;
6.5917;24.7349;7.6;
8.5528;54.0665;7.6;
9.3801;55.2254;7.6;
10.2197;31.1166;7.6;
12.1867;18.6855;7.6;
12.47;30.4503;7.6;
12.4844;-22.1021;7.6;
13.4867;-54.5923;7.6;
14.4323;-15.7871;7.6;
15.4987;2.526;7.6;
19.7182;4.6538;7.6;
19.7256;33.5158;7.6;
20.1913;-25.1038;7.6;
21.049;51.1735;7.6;
23.9955;-36.4537;7.6;
24.196;63.4145;7.6;
25.4076;-2.9596;7.6;
28.9761;62.3635;7.6;
29.6213;53.0775;7.6;
29.6847;45.4353;7.6;
30.0947;10.6299;7.6;
30.8579;-4.3297;7.6;
32.0583;-55.5261;7.6;
32.1086;43.191;7.6;
38.286;58.4622;7.6;
38.5439;-31.5238;7.6;
41.3021;-15.4267;7.6;
41.5128;35.4505;7.6;
44.3027;-36.433;7.6;
44.4754;46.6612;7.6;
45.1814;-27.6418;7.6;
46.3261;-40.9842;7.6;
49.2527;-63.3305;7.6;
50.086;19.7304;7.6;
51.9066;7.7505;7.6;
53.3997;14.6785;7.6;
53.7995;38.0152;7.6;
54.0488;8.8865;7.6;
54.7802;65.6601;7.6;
55.4792;43.5144;7.6;
58.3504;-10.5454;7.6;
60.5909;-28.5309;7.6;
61.9778;16.5306;7.6;
62.263;71.3437;7.6;
62.7839;45.4021;7.6;
65.525;81.6321;7.6;
65.8126;-5.0057;7.6;
70.5561;37.5149;7.6;
73.5175;-35.4045;7.6;
74.4436;-34.8922;7.6;
76.9824;26.328;7.6;
77.8674;-69.5461;7.6;
78.0325;6.8598;7.6;
78.9741;30.4969;7.6;
81.0407;-53.4288;7.6;
81.6004;-20.7152;7.6;
82.6263;-50.0999;7.6;
83.4172;48.2776;7.6;
83.9731;-13.2451;7.6;
84.76;-5.1945;7.6;
85.2727;24.3503;7.6;
86.5352;18.8606;7.6;
86.6856;11.0504;7.6;
86.8425;-38.2309;7.6;
88.4711;-37.5335;7.6;
88.8966;-18.9603;7.6;
89.6023;23.1559;7.6;
90.8979;33.8825;7.6;
91.1461;-14.0326;7.6;
92.0725;3.3884;7.6;
94.0955;-9.9352;7.6;
94.5864;-69.1623;7.6;
95.2428;-6.692;7.6;
96.8005;-20.4209;7.6;
97.2168;-45.7776;7.6;
99.4315;-17.0131;7.6;
100.2043;51.9783;7.6;
101.2907;-82.8958;7.6;
101.4574;-70.5227;7.6;
101.5118;33.0297;7.6;
102.5876;-6.1928;7.6;
103.1036;7.8962;7.6;
103.8227;5.9105;7.6;
104.1642;-8.1828;7.6;
106.1371;73.4279;7.6;
106.6152;-3.1157;7.6;
107.7035;32.2232;7.6;
108.7013;-15.4717;7.6;
108.9793;-42.1402;7.6;
109.651;58.9187;7.6;
110.7854;40.6998;7.6;
111.4843;73.8508;7.6;
112.8503;-64.3723;7.6;
114.9077;-17.8716;7.6;
114.9978;-1.8746;7.6;
116.8483;-53.3324;7.6;
118.4384;26.5642;7.6;
120.2315;39.9102;7.6;
120.3395;-22.3329;7.6;
122.3269;-51.0123;7.6;
124.1907;7.3725;7.6;
125.7843;-40.3809;7.6;
128.1595;-3.179;7.6;
128.7197;-58.7961;7.6;
129.2901;-16.0197;7.6;
129.4574;14.4729;7.6;
129.5731;37.0203;7.6;
129.915;16.1416;7.6;
131.2187;-8.2568;7.6;
135.0863;28.6687;7.6;
136.0936;29.268;7.6;
136.2079;43.4565;7.6;
136.2418;-11.6981;7.6;
137.8832;-41.6039;7.6;
138.3364;-24.6266;7.6;
138.8809;-56.261;7.6;
139.0468;23.4027;7.6;
139.2517;-51.4389;7.6;
140.0783;-73.6048;7.6;
143.2623;-86.0096;7.6;
147.5063;-40.169;7.6;
149.2592;19.7624;7.6;
151.0369;48.5912;7.6;
151.7846;-54.5638;7.6;
152.0078;-32.0594;7.6;
154.8046;24.3638;7.6;
157.6739;56.5691;7.6;
158.6351;-38.1287;7.6;
158.6368;1.761;7.6;
158.7047;76.7319;7.6;
158.7086;68.7073;7.6;
159.4419;17.2786;7.6;
159.4887;-11.5096;7.6;
162.8296;9.1488;7.6;
164.0492;-48.091;7.6;
164.313;24.1428;7.6;
164.4412;-52.6818;7.6;
164.5378;24.3755;7.6;
166.2313;-61.0516;7.6;
166.3145;25.2019;7.6;
167.8646;-43.4599;7.6;
169.4282;12.3997;7.6;
170.1769;-35.7197;7.6;
172.8639;57.1349;7.6;
174.7542;6.0579;7.6;
174.9582;-63.4788;7.6;
175.5107;-17.0165;7.6;
176.2138;-55.4618;7.6;
177.9212;-40.3077;7.6;
178.6255;-42.0449;7.6;
178.7165;-1.4515;7.6;
179.9537;-62.8316;7.6;
183.1796;-60.0407;7.6;
185.0337;9.8925;7.6;
186.6313;-44.7487;7.6;
188.584;10.9211;7.6;
189.6983;39.3088;7.6;
190.3623;40.5793;7.6;
191.2486;-8.532;7.6;
192.4811;-64.6137;7.6;
193.5485;-51.3657;7.6;
198.5681;-41.2118;7.6;
199.6378;-6.2658;7.6;
200.4867;25.9982;7.6;
202.0404;9.4611;7.6;
202.6304;-53.9327;7.6;
204.81;-48.9974;7.6;
205.7409;-1.208;7.6;
206.113;0.7019;7.6;
206.7954;47.7291;7.6;
207.818;24.6956;7.6;
208.3005;-3.5422;7.6;
209.2471;-23.1036;7.6;
211.1894;-69.8721;7.6;
212.0182;-80.764;7.6;
212.7422;-46.9108;7.6;
214.4036;11.3352;7.6;
215.8913;43.4587;7.6;
215.9175;64.7462;7.6;
215.9678;27.2708;7.6;
216.9948;29.2639;7.6;
217.2618;11.0428;7.6;
219.7509;64.2917;7.6;
222.4101;1.5045;7.6;
222.8168;18.6498;7.6;
222.9826;8.8253;7.6;
223.5225;-69.3731;7.6;
225.3569;-65.914;7.6;
227.6801;-43.7169;7.6;
229.8507;50.2146;7.6;
230.5748;-53.2376;7.6;
231.6732;-45.5133;7.6;
237.6296;20.3401;7.6;
238.7806;-40.6126;7.6;
239.9918;21.6219;7.6;
241.2557;-26.9478;7.6;
243.4625;-30.2122;7.6;
244.219;-29.7437;7.6;
247.3544;10.592;7.6;
249.4425;-64.2493;7.6;
251.9426;67.8422;7.6;
251.9481;20.2053;7.6;
255.2785;-58.8501;7.6;
256.8625;-19.2871;7.6;
258.3802;42.1063;7.6;
262.1701;-31.3842;7.6;
263.2935;7.7189;7.6;
263.522;-59.7758;7.6;
265.2779;72.4203;7.6;
266.6263;53.5789;7.6;
267.6574;51.2422;7.6;
267.7589;-35.0705;7.6;
267.8915;-62.6355;7.6;
268.0036;6.7297;7.6;
268.5242;78.6796;7.6;
269.3221;-38.7827;7.6;
270.3926;25.4896;7.6;
270.6857;-53.7022;7.6;
270.8386;56.9336;7.6;
271.4232;21.4263;7.6;
272.3128;-26.1168;7.6;
273.6402;0.1758;7.6;
274.7469;-4.1055;7.6;
274.896;11.8705;7.6;
277.3649;-47.0857;7.6;
277.6316;32.6418;7.6;
279.8703;-45.7502;7.6;
280.1976;-4.4964;7.6;
280.4597;-24.3542;7.6;
281.2951;38.3151;7.6;
281.7736;16.5259;7.6;
282.2828;47.5158;7.6;
283.3344;25.3758;7.6;
284.142;-23.1487;7.6;
285.6554;-64.9254;7.6;
286.5758;-11.6493;7.6;
286.6493;1.5223;7.6;
286.9384;80.7537;7.6;
287.4437;61.9766;7.6;
287.6886;-56.7687;7.6;
287.9251;-81.4128;7.6;
289.318;28.7825;7.6;
289.458;18.8486;7.6;
290.178;78.1601;7.6;
291.4307;-62.1867;7.6;
292.7285;-23.9524;7.6;
292.8747;28.7173;7.6;
293.7575;4.3113;7.6;
294.1857;7.551;7.6;
294.9176;-6.7086;7.6;
295.8452;-74.7691;7.6;
296.4288;30.2571;7.6;
296.8254;-18.7467;7.6;
297.5348;-50.6025;7.6;
300.3513;-60.7361;7.6;
301.4108;41.2798;7.6;
301.4943;19.5809;7.6;
302.7263;-32.3235;7.6;
304.5137;-10.5975;7.6;
304.6148;36.2543;7.6;
305.9521;6.6227;7.6;
306.0378;-54.5431;7.6;
306.4526;-26.5565;7.6;
307.3368;50.4603;7.6;
307.6306;43.4636;7.6;
307.9697;-40.9017;7.6;
308.5357;15.8264;7.6;
308.781;30.2529;7.6;
310.2068;-25.0496;7.6;
311.9015;-79.8536;7.6;
311.91;16.2384;7.6;
312.8294;-13.9244;7.6;
313.4162;41.0496;7.6;
317.4295;46.1587;7.6;
317.637;36.796;7.6;
317.7631;3.9196;7.6;
318.9816;-83.2659;7.6;
319.1654;-20.1747;7.6;
320.2724;56.5417;7.6;
321.1651;14.4763;7.6;
321.3955;-0.2319;7.6;
321.6212;52.748;7.6;
322.5633;-4.5019;7.6;
324.9402;2.1392;7.6;
328.0862;24.0123;7.6;
328.4743;63.7372;7.6;
328.8135;-38.9951;7.6;
329.8376;-46.3434;7.6;
330.363;-14.327;7.6;
332.2369;-63.8891;7.6;
335.4626;62.2616;7.6;
335.708;33.5958;7.6;
336.0532;48.8219;7.6;
336.7628;-17.2637;7.6;Lionrock
337.2803;-36.97;7.6;
337.6079;10.6774;7.6;
338.6587;-3.3065;7.6;
343.0379;-38.9521;7.6;
343.317;-63.7649;7.6;
344.1728;78.4958;7.6;
344.4508;-26.1082;7.6;
346.9506;12.6732;7.6;
347.1991;10.9586;7.6;
348.2766;40.0028;7.6;
349.1468;-1.5865;7.6;
349.3127;-4.4353;7.6;
350.1757;44.5807;7.6;
350.9809;21.3575;7.6;
351.7918;54.8663;7.6;
351.811;-2.6369;7.6;
353.1194;33.7409;7.6;
357.1175;-11.5087;7.6;
4.2703;56.9096;7.61;
5.5598;71.5082;7.61;
5.8884;-54.0546;7.61;
5.9302;45.0891;7.61;
9.0618;57.3077;7.61;
13.2824;-74.6516;7.61;
13.3295;74.3128;7.61;
16.1424;-64.7012;7.61;
17.0488;55.1558;7.61;
17.052;21.977;7.61;
18.752;-55.6326;7.61;
19.6652;33.757;7.61;
19.8523;57.274;7.61;
21.4202;47.1185;7.61;
23.1511;-18.9767;7.61;
26.8253;-42.639;7.61;
27.6193;-42.5076;7.61;
27.8568;35.4558;7.61;
30.5916;53.6288;7.61;
34.1221;-43.2615;7.61;
34.1974;43.773;7.61;
34.357;65.2621;7.61;
35.0653;-56.0976;7.61;
36.2113;76.1322;7.61;
36.4225;10.506;7.61;
36.997;-30.4411;7.61;
38.3064;59.9995;7.61;
38.6798;34.0842;7.61;
40.4038;69.7097;7.61;
40.6229;40.2612;7.61;
41.0433;-12.4922;7.61;
42.3329;-10.5505;7.61;
43.8692;-48.9331;7.61;
47.0388;-19.3029;7.61;
47.4741;-83.5316;7.61;
50.8544;-14.876;7.61;
52.1684;50.4364;7.61;
52.756;7.1983;7.61;
52.8564;-16.779;7.61;
53.5419;-54.5117;7.61;
56.3805;-15.3732;7.61;
60.7638;-51.647;7.61;
60.8042;34.8335;7.61;
61.3697;40.3015;7.61;
64.4091;19.5609;7.61;
64.666;53.5153;7.61;
65.2697;1.1944;7.61;
68.0895;-5.039;7.61;
68.6604;-35.6581;7.61;
68.8053;-9.737;7.61;
69.6613;38.4486;7.61;
70.807;-54.5934;7.61;
71.0155;12.9913;7.61;
73.4818;15.9317;7.61;
74.7864;-28.4407;7.61;
74.8464;31.0569;7.61;
75.4767;-36.9786;7.61;
76.5648;49.9746;7.61;
76.8688;58.5928;7.61;
76.8953;2.4691;7.61;
77.7463;32.0388;7.61;
78.6207;-18.3851;7.61;
79.5369;-16.1871;7.61;
82.4162;-22.7188;7.61;
82.9417;62.9851;7.61;
84.0903;-57.458;7.61;
84.1462;-34.7227;7.61;
84.4412;-0.7783;7.61;
85.9138;-8.9378;7.61;
86.6907;20.1736;7.61;
87.7524;-69.9025;7.61;
92.2544;-82.1575;7.61;
92.7592;-7.2842;7.61;
93.2121;-10.2892;7.61;
94.7763;-3.7469;7.61;
94.9796;-7.2506;7.61;
95.6021;-23.5936;7.61;
97.2654;17.7452;7.61;
97.4037;8.4924;7.61;
98.7165;-53.2819;7.61;
98.9982;-35.1717;7.61;
99.3825;9.1443;7.61;
99.4409;18.4016;7.61;
99.578;64.735;7.61;
99.8345;42.0046;7.61;
101.1051;6.2818;7.61;
101.2801;-31.6543;7.61;
104.078;25.0089;7.61;
105.3881;-35.3481;7.61;
107.3741;1.9201;7.61;
107.8477;20.2592;7.61;
109.4772;26.3331;7.61;
109.5057;45.1286;7.61;
112.1693;24.6486;7.61;
112.5929;29.1915;7.61;
113.5611;71.5901;7.61;
114.2021;56.8581;7.61;
114.9772;-23.283;7.61;
116.3409;-0.5134;7.61;
116.9953;-19.4036;7.61;
118.6612;41.8185;7.61;
119.4947;-52.2941;7.61;
120.6086;4.1521;7.61;
121.0422;-4.8269;7.61;
123.3039;-23.512;7.61;
124.385;27.4023;7.61;
125.5007;-13.7683;7.61;
126.7166;-1.2155;7.61;
127.1728;-23.829;7.61;
129.3731;47.1202;7.61;
129.9616;11.5227;7.61;
130.6047;4.5781;7.61;
131.7928;-63.8126;7.61;
133.7278;-7.8185;7.61;
135.0212;-75.7256;7.61;
136.2604;-64.2895;7.61;
137.4684;49.8321;7.61;
138.3379;65.7204;7.61;
138.7883;2.0836;7.61;
140.5887;-34.0034;7.61;
141.5011;3.0303;7.61;
142.3699;-34.0299;7.61;
142.6704;-25.6162;7.61;
144.7919;-62.5545;7.61;
146.0986;1.968;7.61;
146.835;32.7823;7.61;
149.3751;63.3762;7.61;
151.6346;39.5038;7.61;
152.0507;66.0279;7.61;
152.8859;41.7317;7.61;
156.095;-61.5519;7.61;
157.2053;-60.8947;7.61;
158.7583;-26.3818;7.61;
160.0597;-45.0549;7.61;
163.6405;41.3386;7.61;
164.5494;9.7019;7.61;
164.8174;-17.6232;7.61;
167.1112;3.2226;7.61;
168.2863;-1.4096;7.61;
172.1237;-31.857;7.61;
174.4963;-1.5994;7.61;
174.8429;-24.8964;7.61;
178.0871;9.9481;7.61;
181.7976;-0.63;7.61;
183.7184;-81.1942;7.61;
183.7484;-36.2209;7.61;
183.8616;52.7172;7.61;
188.333;-54.9811;7.61;
189.6628;-35.1636;7.61;
192.5841;-30.5771;7.61;
193.2897;-14.9656;7.61;
195.971;-3.2179;7.61;
196.8529;26.5239;7.61;
197.063;43.1813;7.61;
197.4222;-50.15;7.61;
197.6765;-4.9418;7.61;
197.8099;-14.2423;7.61;
199.7697;-20.0035;7.61;
201.8544;-62.649;7.61;
202.7175;24.2376;7.61;
204.1946;-32.4035;7.61;
207.0196;13.3367;7.61;
207.0466;-68.1461;7.61;
208.1865;-59.0961;7.61;
208.3676;-39.0572;7.61;
209.0642;-38.663;7.61;
212.0171;-12.9284;7.61;
218.4013;35.5857;7.61;
218.6394;-46.3048;7.61;
219.7023;-43.0009;7.61;
219.9126;-63.5454;7.61;
222.7831;-49.8183;7.61;
222.9377;-20.6142;7.61;
223.6364;-39.3463;7.61;
225.0677;-58.3063;7.61;
227.1621;10.0994;7.61;
228.1091;52.9301;7.61;
229.7086;74.8581;7.61;
231.946;-79.3061;7.61;
232.5438;23.7555;7.61;
234.1834;-41.0605;7.61;
234.9018;-27.6432;7.61;
236.7176;-17.1087;7.61;
240.6768;-3.6582;7.61;
241.3383;-3.3485;7.61;
242.4111;-52.1153;7.61;
242.7313;32.0031;7.61;
244.4038;7.7339;7.61;
246.4526;-29.9184;7.61;
247.9977;-44.8868;7.61;
248.6487;63.259;7.61;
249.499;69.1626;7.61;
249.9456;-51.9942;7.61;
249.9851;-61.1578;7.61;
253.1116;-74.8296;7.61;
255.4753;-59.0476;7.61;
255.4759;-62.1406;7.61;
255.5091;-20.5954;7.61;
256.6438;23.9718;7.61;
258.3766;55.4752;7.61;
259.6634;-16.0298;7.61;
263.5591;-35.7337;7.61;
265.212;-52.6264;7.61;
265.5753;-35.8011;7.61;
265.5845;-23.3492;7.61;
266.9914;36.117;7.61;
266.994;39.9808;7.61;
267.1686;64.7667;7.61;
269.1094;62.6196;7.61;
271.5522;-37.4992;7.61;
271.6448;83.6831;7.61;
272.2976;14.0261;7.61;
272.816;-29.6396;7.61;
273.3187;-39.2544;7.61;
275.5371;36.3018;7.61;
279.2302;-58.5862;7.61;
282.5137;29.8153;7.61;
282.8817;-62.6471;7.61;
283.5565;36.7335;7.61;
284.2686;1.5005;7.61;
284.3203;-66.3318;7.61;
285.4545;77.6758;7.61;
285.8608;17.0674;7.61;
286.5927;8.23;7.61;
286.9484;38.9282;7.61;
287.6995;-38.9095;7.61;
288.1828;-11.5503;7.61;
290.3424;-10.1761;7.61;
291.2458;-55.1065;7.61;
292.3665;60.6687;7.61;
292.9296;13.6193;7.61;
293.3678;8.2292;7.61;
293.89;27.1083;7.61;
293.9496;25.8139;7.61;
296.0714;-74.4558;7.61;
296.2272;-80.0886;7.61;
298.4716;-54.3662;7.61;
299.1242;19.1874;7.61;
299.6786;-41.8494;7.61;
301.2803;-4.3081;7.61;
302.6343;29.3638;7.61;
303.3486;38.729;7.61;
304.8481;-29.6239;7.61;
305.3089;52.4105;7.61;
305.43;-79.5977;7.61;
306.2459;9.195;7.61;
306.3052;3.9891;7.61;
306.5039;35.8112;7.61;
308.6416;-0.6748;7.61;
310.6225;-5.3012;7.61;
310.7253;-71.9274;7.61;
311.0146;29.1462;7.61;
311.3765;-64.4275;7.61;
312.6607;22.7304;7.61;
313.8955;60.022;7.61;
314.3118;-86.7808;7.61;
314.5273;17.0835;7.61;
316.4939;24.4986;7.61;
317.5663;27.2997;7.61;
318.5833;73.1734;7.61;
320.2212;-30.9553;7.61;
320.844;-41.5525;7.61;
323.393;-13.4501;7.61;
323.4934;17.4451;7.61;
323.6581;42.4046;7.61;
324.8121;46.1754;7.61;
325.0494;-9.7947;7.61;
327.9278;12.0357;7.61;
332.8489;-64.0143;7.61;
333.4063;-66.7822;7.61;
335.813;5.6466;7.61;
339.1777;65.2575;7.61;
340.9278;-60.7242;7.61;
343.2005;-64.908;7.61;
343.5085;34.1987;7.61;
345.8642;53.3021;7.61;
347.5107;36.8483;7.61;
348.2214;56.5366;7.61;
348.7215;-16.2394;7.61;
348.9236;31.6756;7.61;
349.1576;-70.251;7.61;
350.684;3.7401;7.61;
353.4006;60.0507;7.61;
354.3283;22.2403;7.61;
355.3918;24.2238;7.61;
358.1725;-16.3747;7.61;
358.4672;0.5962;7.61;
0.6258;47.4229;7.62;
1.7347;-43.9852;7.62;
3.0219;-58.5252;7.62;
3.2693;37.4186;7.62;
4.9879;1.5826;7.62;
7.3952;-32.569;7.62;
7.7662;9.3054;7.62;
8.7581;-26.1257;7.62;
11.3344;-48.8361;7.62;
11.6128;45.4265;7.62;
12.2594;41.132;7.62;
12.3944;-10.9613;7.62;
15.0235;2.633;7.62;
17.0444;-12.1681;7.62;
17.2029;30.408;7.62;
18.4387;26.2417;7.62;
19.5475;81.5605;7.62;
20.2646;51.9837;7.62;
20.6419;-3.8003;7.62;
20.8005;33.2899;7.62;
21.43;36.3573;7.62;
22.4527;23.6904;7.62;
22.96;-78.0694;7.62;
24.546;35.3392;7.62;
25.1003;-60.9991;7.62;
30.7589;-21.9119;7.62;
32.1893;65.0374;7.62;
35.736;8.5455;7.62;
39.477;38.9186;7.62;
39.7648;62.5755;7.62;
39.916;-59.5675;7.62;
40.14;1.8663;7.62;
40.6739;-49.7294;7.62;
47.1913;35.4587;7.62;
47.2939;7.4604;7.62;
47.5263;38.3455;7.62;
50.8687;33.332;7.62;
51.361;71.6847;7.62;
52.8957;-31.6735;7.62;
54.0473;29.9833;7.62;
54.051;-73.9738;7.62;
54.2225;-49.958;7.62;
56.7489;46.6178;7.62;
58.8477;-60.9072;7.62;
60.9517;37.9722;7.62;
62.172;43.6842;7.62;
69.4055;4.9828;7.62;
71.3957;-42.5543;7.62;
71.633;-37.4559;7.62;
73.7845;-30.2861;7.62;
76.2045;13.3089;7.62;
77.9575;5.4088;7.62;
79.2057;20.1183;7.62;
79.3996;55.5169;7.62;
81.0673;-43.6088;7.62;
81.9471;44.1659;7.62;
82.6606;39.8283;7.62;
82.9842;81.0568;7.62;
83.9842;-30.5363;7.62;
84.5374;-47.7143;7.62;
85.0841;-2.4356;7.62;
86.8898;2.9068;7.62;
87.3861;-0.6819;7.62;
87.6112;75.7146;7.62;
87.699;26.0543;7.62;
88.0739;-56.4629;7.62;
91.0042;27.5704;7.62;
91.493;31.9507;7.62;
94.2695;-55.4147;7.62;
95.3423;21.1997;7.62;
96.0733;-65.6762;7.62;
97.9689;5.0331;7.62;
98.9658;-56.2279;7.62;
99.3065;-40.7706;7.62;
100.25;25.3237;7.62;
102.558;-52.8;7.62;
104.2552;24.9577;7.62;
104.4431;22.8926;7.62;
104.4556;-42.6065;7.62;
104.5666;-35.4191;7.62;
105.3025;29.2169;7.62;
106.7351;-11.3273;7.62;
107.4156;26.5228;7.62;
109.8007;59.1257;7.62;
110.8144;-10.0684;7.62;
112.642;-34.0906;7.62;
113.8199;-46.5777;7.62;
114.062;-23.8384;7.62;
116.0032;-67.202;7.62;
117.4194;13.8585;7.62;
117.5947;5.7652;7.62;
117.9396;-18.3575;7.62;
120.8911;14.0903;7.62;
121.7646;-4.0141;7.62;
122.0361;19.2159;7.62;
122.2617;-20.4997;7.62;
123.2113;-36.2282;7.62;
123.3864;-33.2998;7.62;
123.5999;-3.8299;7.62;
127.0804;-35.1672;7.62;
128.0791;-43.9315;7.62;
128.5389;-9.9527;7.62;
130.3188;0.9581;7.62;
131.7066;-39.4961;7.62;
131.7147;-34.0671;7.62;
132.2274;3.7558;7.62;
132.879;-46.5411;7.62;
132.9335;-61.4197;7.62;
133.3359;19.3222;7.62;
133.353;-6.2119;7.62;
133.6255;40.1333;7.62;
133.76;-28.0824;7.62;
133.8656;-14.4059;7.62;
134.1916;17.4814;7.62;
134.2388;-50.3566;7.62;
136.8589;58.8751;7.62;
140.7795;-52.8858;7.62;
140.9775;1.4258;7.62;
142.1661;-45.5004;7.62;
143.499;27.3532;7.62;
143.9375;-11.9459;7.62;
143.9383;34.7807;7.62;Illyrian
146.0243;-59.8712;7.62;
146.4117;-45.9111;7.62;
146.4996;-74.1157;7.62;
149.0621;-25.0803;7.62;
149.4841;-60.7481;7.62;
149.7855;-16.0116;7.62;
151.7779;-28.8678;7.62;
153.5457;31.4248;7.62;
154.2516;21.913;7.62;
154.6456;-35.7653;7.62;
157.1042;-46.5606;7.62;
157.1196;-9.8812;7.62;
158.1715;-16.9587;7.62;
159.6903;-59.1792;7.62;
160.4048;13.9785;7.62;
161.836;-65.9177;7.62;
165.2642;47.6823;7.62;
165.8837;-71.629;7.62;
171.1293;-34.2862;7.62;
171.188;2.0965;7.62;
171.5155;66.7544;7.62;
171.8711;-24.0859;7.62;
172.1494;39.308;7.62;
172.5309;25.3034;7.62;
177.2186;-16.5977;7.62;
178.3457;-16.5928;7.62;
183.1246;3.4041;7.62;
184.0309;-64.4543;7.62;
184.754;1.166;7.62;
187.9667;23.2691;7.62;
188.677;47.0074;7.62;
189.1081;-43.4885;7.62;
189.2191;-35.4301;7.62;
190.9079;25.6801;7.62;
195.0312;34.9194;7.62;
196.1254;-48.1328;7.62;
198.7315;-51.8048;7.62;
207.7216;69.1534;7.62;
208.9508;22.6805;7.62;
209.5306;2.7835;7.62;
210.9093;-66.7354;7.62;
213.1959;8.0081;7.62;
213.8665;50.4402;7.62;
214.047;21.2427;7.62;
215.4816;-63.1588;7.62;
217.1308;28.2894;7.62;
218.4686;55.236;7.62;
219.1197;49.5263;7.62;
226.1226;19.8413;7.62;
228.1691;-60.0917;7.62;
229.1673;60.0993;7.62;
230.0212;60.3803;7.62;
231.5154;-36.473;7.62;
232.4936;25.5086;7.62;
233.4783;-25.1105;7.62;
234.389;16.5297;7.62;
236.8141;-8.453;7.62;
237.5133;-18.1428;7.62;
239.0213;-25.9358;7.62;
240.1034;53.9666;7.62;
240.2676;-27.0478;7.62;
241.784;49.0831;7.62;
245.56;-43.2002;7.62;
247.6761;-59.9507;7.62;
250.3218;-51.3971;7.62;
251.7256;63.386;7.62;
252.118;-16.3345;7.62;
252.8809;23.6257;7.62;
257.7368;66.2573;7.62;
258.8929;17.8318;7.62;
259.2509;-13.1011;7.62;
259.4818;-62.7029;7.62;
260.8754;16.903;7.62;
261.1086;50.4251;7.62;
261.2748;-50.4497;7.62;
262.3194;-9.9906;7.62;
263.3883;7.1783;7.62;
265.1873;4.151;7.62;
266.2518;13.0248;7.62;
266.7214;-41.2818;7.62;
269.2002;-15.6839;7.62;
270.7288;56.4368;7.62;
271.7112;24.3113;7.62;
272.4352;-18.8444;7.62;
273.8976;-77.0735;7.62;
275.3454;-3.1065;7.62;
276.341;48.297;7.62;
276.8232;-55.9543;7.62;
277.8508;-37.5932;7.62;
278.123;23.1298;7.62;
278.7889;-55.5826;7.62;
280.6911;5.6874;7.62;
281.3675;34.2138;7.62;
283.3177;50.656;7.62;
283.7122;30.0328;7.62;
283.9552;30.3121;7.62;
284.1971;-39.5079;7.62;
284.2052;68.2924;7.62;
285.8248;-2.7884;7.62;
285.9657;-46.5486;7.62;
287.9442;18.0878;7.62;
289.8172;23.3041;7.62;
290.8734;23.9759;7.62;
290.9604;16.0141;7.62;
291.3479;-45.0118;7.62;
293.9423;-61.6309;7.62;
297.1793;-82.9267;7.62;
299.1428;-15.7038;7.62;
299.8916;-11.717;7.62;
301.8705;17.0205;7.62;
303.0698;80.4681;7.62;
303.7583;13.0877;7.62;
304.558;58.8092;7.62;
305.2867;-6.3556;7.62;
306.98;-28.2611;7.62;
309.2454;12.049;7.62;
311.9205;22.6958;7.62;
312.1492;9.4663;7.62;
313.9199;-66.1499;7.62;
315.3868;-27.8034;7.62;
316.6822;48.1891;7.62;
317.33;-3.8924;7.62;
318.9025;28.009;7.62;
320.7826;16.4967;7.62;
320.8284;29.8132;7.62;
320.9619;-6.584;7.62;
321.7307;63.5858;7.62;
321.7536;43.2308;7.62;
322.3119;44.3381;7.62;
322.5352;12.2707;7.62;
324.2221;5.8149;7.62;
325.5912;-50.0936;7.62;
326.5895;22.9463;7.62;
326.7931;4.403;7.62;
326.9569;-72.6819;7.62;
327.046;53.0898;7.62;
329.9246;49.1232;7.62;
330.5185;-34.3829;7.62;
330.8753;-5.6926;7.62;
331.0835;58.782;7.62;
332.5893;-51.9601;7.62;
333.276;-13.8711;7.62;
333.8716;43.7482;7.62;
334.9807;12.4519;7.62;
335.2838;48.24;7.62;
338.6043;13.4101;7.62;
338.8952;-38.7245;7.62;
339.3245;-6.0674;7.62;
341.526;38.4996;7.62;
341.6868;14.995;7.62;
342.3605;-11.3492;7.62;
344.4285;-27.9661;7.62;
344.6764;5.342;7.62;
344.9689;13.8623;7.62;
346.6072;42.5924;7.62;
346.8575;-34.2097;7.62;
347.2674;-2.4526;7.62;
347.7915;30.5444;7.62;
349.9351;39.2889;7.62;
350.4717;75.7881;7.62;
351.0264;-7.5508;7.62;
351.6806;41.0459;7.62;
354.8367;45.7199;7.62;
355.5087;20.2963;7.62;
357.6433;-51.7054;7.62;
359.1295;53.7126;7.62;
119.5121;-60.6148;7.62;
0.0981;2.6755;7.63;
4.2736;31.0742;7.63;
4.5739;61.7271;7.63;
5.7903;-50.5485;7.63;
6.2349;-41.886;7.63;
7.6224;32.1769;7.63;
10.9529;-37.4728;7.63;
11.462;54.9778;7.63;
12.7685;2.7436;7.63;
14.3043;0.3423;7.63;
17.597;-16.3068;7.63;
18.1428;-20.4586;7.63;
18.9216;34.7259;7.63;
20.9434;48.3762;7.63;
23.3293;23.9756;7.63;
24.838;-17.7935;7.63;
28.0441;70.7514;7.63;
28.7325;27.8418;7.63;
32.717;13.6833;7.63;
34.7377;63.9482;7.63;
35.2601;37.0702;7.63;
35.8086;10.8367;7.63;
36.0739;63.0422;7.63;
36.305;55.2546;7.63;
39.294;30.4078;7.63;
40.9331;41.4979;7.63;
43.5523;5.0483;7.63;
44.6395;-37.9923;7.63;
47.6731;-20.1115;7.63;
48.4563;68.5257;7.63;
50.5204;62.7414;7.63;
50.6056;-59.7038;7.63;
53.3008;33.3589;7.63;
55.5563;-49.1515;7.63;
57.1343;-31.7788;7.63;
60.8157;-21.4174;7.63;
61.5677;-19.5134;7.63;
67.1633;-11.9585;7.63;
68.2564;-38.2834;7.63;
69.2107;37.4391;7.63;
73.0583;34.4434;7.63;
75.8783;63.0782;7.63;
76.348;-57.195;7.63;
82.2088;16.4266;7.63;
83.9357;18.7581;7.63;
84.8533;30.8908;7.63;
85.0399;19.6803;7.63;
85.8792;-47.5462;7.63;
85.8908;61.0381;7.63;
86.9787;7.9604;7.63;
89.9052;-16.7862;7.63;
93.7276;-30.8533;7.63;
95.3569;-33.0717;7.63;
95.4314;-0.5391;7.63;
95.7068;-0.8331;7.63;
95.7511;28.6215;7.63;
96.3114;-10.9319;7.63;
96.8682;-22.1242;7.63;
97.0757;-59.6179;7.63;
98.7675;1.8169;7.63;
99.0366;-27.6223;7.63;
99.0615;58.8272;7.63;
100.023;-2.3617;7.63;
101.2065;3.6799;7.63;
101.8383;-38.9213;7.63;
103.4836;-4.3924;7.63;
103.6496;-17.9172;7.63;
103.9726;18.4916;7.63;
104.2754;-55.0474;7.63;
108.105;-49.327;7.63;
110.7416;-29.7508;7.63;
111.2939;67.1472;7.63;
111.5482;-75.5902;7.63;
111.9041;-18.4966;7.63;
112.3246;3.3803;7.63;
112.3254;11.0245;7.63;
113.1664;46.5348;7.63;
113.2902;33.9462;7.63;
114.2741;63.3402;7.63;
114.9556;-32.5784;7.63;
119.9545;-30.4124;7.63;
124.1782;-9.0535;7.63;
124.1895;21.231;7.63;
124.1995;75.743;7.63;
124.3936;-25.0023;7.63;
124.874;39.5954;7.63;
125.0518;-42.0589;7.63;
127.7909;54.9598;7.63;
128.6568;-2.7546;7.63;
131.1657;-65.6962;7.63;
131.6457;-29.7583;7.63;
132.9951;-27.6416;7.63;
133.2178;-11.7179;7.63;
134.7322;21.1663;7.63;
134.7322;-54.6341;7.63;
136.3474;-42.1671;7.63;
136.59;15.2746;7.63;
137.8275;40.3004;7.63;
138.9804;42.4328;7.63;
143.0067;-48.1948;7.63;
144.2205;-26.8582;7.63;
147.028;-5.9035;7.63;
148.1133;-9.2317;7.63;
152.9998;36.2513;7.63;
153.0719;-16.0864;7.63;
155.9473;-44.2424;7.63;
158.1029;-23.6018;7.63;
160.2081;25.7002;7.63;
161.2951;-57.7334;7.63;
163.1851;-11.423;7.63;
164.9773;-15.4298;7.63;
165.1391;-51.9473;7.63;
167.4324;-43.3327;7.63;
167.7683;-11.266;7.63;
168.7797;45.0614;7.63;
169.147;-55.5553;7.63;
171.9628;-58.6805;7.63;
175.9473;-38.9197;7.63;
176.173;-4.5109;7.63;
176.6045;51.9329;7.63;
176.6178;-54.1782;7.63;
181.3548;17.2893;7.63;
182.8558;0.1938;7.63;
184.6093;-58.1794;7.63;
187.4534;-29.312;7.63;
187.8109;1.327;7.63;
189.8017;-49.0664;7.63;
189.9499;-29.6564;7.63;
198.0413;-20.8844;7.63;
198.514;-58.3171;7.63;
199.888;-63.7555;7.63;
202.5942;7.4151;7.63;
207.3863;75.567;7.63;
208.4255;-26.7074;7.63;
212.6832;-62.479;7.63;
212.9676;-6.1268;7.63;
213.5224;54.6375;7.63;
216.8223;-48.6363;7.63;
219.1347;23.6214;7.63;
220.016;7.3414;7.63;
221.4346;-22.4104;7.63;
222.2572;-35.5503;7.63;
223.0871;48.6707;7.63;
223.8603;7.762;7.63;
225.7147;-10.3924;7.63;
225.8937;82.8246;7.63;
226.8385;10.5291;7.63;
228.11;-15.715;7.63;
228.682;-75.5497;7.63;
230.5555;25.2441;7.63;
230.8787;-16.5641;7.63;
231.3757;-36.1994;7.63;
231.807;-54.1041;7.63;
232.5231;39.909;7.63;
232.54;46.3861;7.63;
237.4857;-21.4907;7.63;
238.6141;2.1425;7.63;
244.2212;-49.8568;7.63;
244.3296;27.6448;7.63;
245.7581;32.6265;7.63;
248.301;-12.7989;7.63;
254.7704;17.6883;7.63;
256.0647;-45.2404;7.63;
257.9032;-26.7025;7.63;
258.8052;-26.5306;7.63;
261.0004;18.8509;7.63;
261.0821;-29.8704;7.63;
261.6139;72.8061;7.63;
261.644;-38.3289;7.63;
261.6716;-34.0924;7.63;
262.1491;51.3613;7.63;
263.6605;4.0992;7.63;
267.4689;31.0373;7.63;
267.966;-84.1112;7.63;
269.7625;63.9576;7.63;
270.0534;-16.0667;7.63;
271.0852;-10.9105;7.63;
272.8522;29.6704;7.63;
273.5411;-37.621;7.63;
275.833;-20.6536;7.63;
277.0918;6.8354;7.63;
278.9822;22.7556;7.63;
279.5739;-45.4663;7.63;
279.6335;55.2453;7.63;
280.2485;24.8251;7.63;
280.856;-55.7671;7.63;
283.5324;-22.5704;7.63;
283.812;32.4002;7.63;
286.9652;19.8641;7.63;
289.4553;59.8364;7.63;
289.9666;12.0292;7.63;
290.7694;33.0622;7.63;
291.0907;28.5801;7.63;
291.143;-30.8026;7.63;
292.0241;-0.4188;7.63;
292.4816;28.7243;7.63;
295.1949;46.3855;7.63;
295.2376;32.6183;7.63;
298.2961;8.0624;7.63;
298.4681;41.2294;7.63;
298.8002;46.6656;7.63;
299.4496;26.294;7.63;
299.6547;68.412;7.63;
299.7162;47.3634;7.63;
300.3887;-36.679;7.63;
300.7287;-18.5463;7.63;
302.1274;-34.5134;7.63;
306.3104;23.4451;7.63;
307.5068;-4.4376;7.63;
307.644;58.2872;7.63;
309.7805;19.5601;7.63;
310.389;-27.9949;7.63;
311.6601;-19.4381;7.63;
311.769;-1.6937;7.63;
316.188;3.5339;7.63;
317.9999;35.6449;7.63;
318.6426;28.1547;7.63;
320.7158;-57.7678;7.63;
321.8792;46.4166;7.63;
322.7404;-36.5471;7.63;
323.1685;-1.6083;7.63;
324.2509;-28.609;7.63;
324.7644;-39.5284;7.63;
324.7863;-21.7138;7.63;
327.8722;64.7213;7.63;
329.2845;-49.6984;7.63;
329.665;0.5394;7.63;
332.5038;4.0986;7.63;
333.7252;-6.7355;7.63;
333.8015;-5.5849;7.63;
334.2007;30.0914;7.63;
334.3809;-23.1146;7.63;
334.5012;19.0404;7.63;
335.122;-0.0652;7.63;
337.8042;23.976;7.63;
345.4809;-2.6861;7.63;
345.824;31.6894;7.63;
347.1451;4.678;7.63;
347.2282;82.5837;7.63;
348.2515;0.0308;7.63;
349.4995;9.5034;7.63;
350.0118;-22.8215;7.63;
350.1883;15.048;7.63;
350.3689;-44.9105;7.63;
353.8669;-16.5835;7.63;
354.1162;20.6653;7.63;
354.2634;-60.8356;7.63;
354.4919;-58.1891;7.63;
355.0567;-28.3591;7.63;
355.8062;52.2482;7.63;
0.2801;-41.8875;7.64;
0.7103;28.2519;7.64;
1.8266;7.7036;7.64;
4.7349;52.1726;7.64;
6.4272;-21.6315;7.64;
6.5113;28.9405;7.64;
7.7179;41.5216;7.64;
8.2805;-39.7597;7.64;
8.5346;5.9579;7.64;
8.8693;4.2947;7.64;
9.2648;31.4865;7.64;
10.0542;47.2558;7.64;
10.4267;49.8331;7.64;
12.0842;-0.4892;7.64;
12.2758;44.1293;7.64;
12.5179;7.6685;7.64;
13.0548;-21.108;7.64;
13.2824;-17.6518;7.64;
13.5286;-16.1753;7.64;
14.3855;-10.4758;7.64;
14.7609;-19.3262;7.64;
16.4758;32.9936;7.64;
16.7945;56.3745;7.64;
20.1027;51.8333;7.64;
20.8296;10.8427;7.64;
21.8193;3.8054;7.64;
23.2407;33.8529;7.64;
25.0145;38.9696;7.64;
26.6952;-42.132;7.64;
27.2162;-50.4833;7.64;
30.2906;16.5651;7.64;
32.2206;39.3487;7.64;
36.3757;-70.1019;7.64;
36.7541;31.2881;7.64;
37.0653;-26.4302;7.64;
37.16;63.1877;7.64;
39.7366;-54.8372;7.64;
40.4282;55.4816;7.64;
40.51;17.7571;7.64;
41.4209;-38.1587;7.64;
42.5847;0.9639;7.64;
43.177;74.738;7.64;
43.2436;64.67;7.64;
43.4875;14.2189;7.64;
43.9276;-19.7565;7.64;
44.2181;-36.2974;7.64;
47.4456;-55.4875;7.64;
48.163;71.5558;7.64;
49.4573;22.8322;7.64;
50.7734;55.23;7.64;
51.6644;50.8465;7.64;
55.9783;-7.8825;7.64;
56.6869;-24.8558;7.64;
57.1581;-4.4213;7.64;
57.3625;11.1444;7.64;
59.7179;-65.8814;7.64;
60.9381;-44.7329;7.64;
62.2063;17.2917;7.64;
62.2878;0.179;7.64;
63.4033;-25.5293;7.64;
63.9871;-53.3098;7.64;
64.0088;30.0358;7.64;
64.8773;30.8832;7.64;
65.2074;0.0762;7.64;
66.5199;42.2194;7.64;
69.6423;-9.3432;7.64;
69.651;8.1752;7.64;
72.2409;-67.714;7.64;
72.4044;-53.8815;7.64;
73.3419;24.1774;7.64;
73.994;-14.874;7.64;
74.9055;83.1961;7.64;
76.1364;43.7277;7.64;
76.2086;18.2539;7.64;
76.5545;-3.4849;7.64;
76.7715;26.9959;7.64;
77.6812;-20.7484;7.64;
78.0401;32.8951;7.64;
79.4375;-43.6035;7.64;
80.2298;-21.0399;7.64;
81.1969;64.7313;7.64;
82.4574;18.4162;7.64;
84.4045;6.112;7.64;
84.6126;-5.0447;7.64;
85.3434;-6.9352;7.64;
85.7108;-45.2355;7.64;
86.0713;43.5563;7.64;
86.1811;3.8314;7.64;
92.6778;-73.0131;7.64;
92.7652;41.2325;7.64;
93.6105;11.8136;7.64;
93.74;16.746;7.64;
94.0041;6.5359;7.64;
94.3116;46.0283;7.64;
95.0209;24.5667;7.64;
95.0668;42.7999;7.64;
95.5127;34.5974;7.64;
97.5947;-66.023;7.64;
97.643;52.8092;7.64;
98.2215;58.7473;7.64;
98.583;-16.0109;7.64;
98.59;14.7522;7.64;
99.7744;31.7661;7.64;
101.4914;-28.8121;7.64;
102.0968;-4.7022;7.64;
102.4581;17.9892;7.64;
103.3185;-74.7252;7.64;
105.0575;0.0835;7.64;
106.0565;-21.266;7.64;
107.534;-11.8027;7.64;
108.8294;-28.3647;7.64;
110.9073;-14.1002;7.64;
111.8795;-25.0485;7.64;
112.6152;7.7193;7.64;
112.9133;23.9999;7.64;
114.6584;-60.6294;7.64;
115.7137;-55.3128;7.64;
117.8821;-6.9832;7.64;
121.1541;54.7461;7.64;
121.2588;-34.3123;7.64;
121.8838;-65.9766;7.64;
122.042;-22.1318;7.64;
122.079;34.0326;7.64;
122.261;-39.5137;7.64;
123.3126;-32.1561;7.64;
125.0732;-87.7279;7.64;
125.7044;-6.6947;7.64;
127.9873;-39.0663;7.64;
129.169;39.7705;7.64;
129.3576;55.9859;7.64;
133.068;-18.6159;7.64;
134.6442;-59.738;7.64;
135.2238;-4.5119;7.64;
136.2697;26.1648;7.64;
136.9466;-82.3249;7.64;
137.6249;21.6714;7.64;
138.3879;24.2933;7.64;
138.595;52.6866;7.64;
139.454;57.4806;7.64;
140.2653;-45.0419;7.64;
142.3698;-56.5372;7.64;
142.4169;-82.2633;7.64;
144.7421;-49.061;7.64;
147.2193;22.6094;7.64;
148.8887;-58.7408;7.64;
150.0548;6.2506;7.64;
150.2264;-60.2262;7.64;
150.3363;15.6706;7.64;
151.1495;-17.9393;7.64;
151.6453;-45.3765;7.64;
151.7833;45.06;7.64;
152.4394;-37.7321;7.64;
155.1689;-53.6641;7.64;
155.656;-62.073;7.64;
156.4255;32.7605;7.64;
158.5757;-9.8992;7.64;
161.3848;-75.0079;7.64;
161.4265;-41.4974;7.64;
161.4734;30.628;7.64;
164.5441;-29.2399;7.64;
165.3577;15.0097;7.64;
166.1728;-4.2211;7.64;
167.5745;-28.2702;7.64;
167.7067;-13.1144;7.64;
167.8126;-74.4635;7.64;
169.0099;-8.9;7.64;
169.3403;74.3379;7.64;
170.318;-4.3662;7.64;
171.3239;-84.9545;7.64;
172.6929;-58.8115;7.64;
172.7701;-43.5531;7.64;
174.0251;-48.2294;7.64;
176.7952;-35.3969;7.64;
177.7585;-9.2733;7.64;
179.4698;-18.9822;7.64;
181.2904;13.4729;7.64;
181.8671;23.0423;7.64;
184.446;-28.2714;7.64;
185.3968;-69.1103;7.64;
185.5626;4.8549;7.64;
185.818;-9.7713;7.64;
187.0606;-70.5451;7.64;
188.8189;-72.7169;7.64;
189.6062;14.8724;7.64;
189.9621;51.725;7.64;
190.7315;-13.631;7.64;
190.8245;65.9464;7.64;
191.3661;-37.4492;7.64;
191.7764;-9.2145;7.64;
192.0744;19.3226;7.64;
193.4452;76.9356;7.64;
196.6353;-51.0495;7.64;
197.5283;58.045;7.64;
198.281;15.3175;7.64;
200.5266;-70.5471;7.64;
200.6423;26.1157;7.64;
202.2637;42.2383;7.64;
203.9097;-65.152;7.64;
204.2515;-37.1003;7.64;
205.1102;-86.7252;7.64;
206.0038;-61.3664;7.64;
207.4617;19.347;7.64;
208.2903;-51.1651;7.64;
210.3411;-39.6698;7.64;
210.8632;-10.9673;7.64;
211.1756;-50.0714;7.64;
212.5455;-45.9138;7.64;
214.9073;5.8963;7.64;
215.2613;19.7303;7.64;
216.1619;47.8305;7.64;
216.3899;-75.881;7.64;
219.5178;-9.7379;7.64;
222.2443;-40.4209;7.64;
222.5858;73.0278;7.64;
223.3407;-56.8818;7.64;
224.8881;53.8708;7.64;
224.9683;27.1603;7.64;
225.8352;4.8341;7.64;
226.7857;-2.2806;7.64;
227.0241;-3.7567;7.64;
227.8958;49.903;7.64;
227.9063;21.5265;7.64;
228.5535;-70.5592;7.64;
229.4099;47.7394;7.64;
230.2655;53.9285;7.64;
232.1795;27.1385;7.64;
234.7502;-19.7326;7.64;
235.3593;38.5574;7.64;
236.5966;19.9075;7.64;
238.058;-34.1218;7.64;
238.8576;29.5371;7.64;
240.6859;22.8059;7.64;
241.2969;34.2367;7.64;
242.6653;42.7839;7.64;
243.091;-19.579;7.64;
245.4255;5.8074;7.64;
246.1486;-45.8512;7.64;
246.9964;-73.0218;7.64;
248.2527;6.6113;7.64;
248.6405;-8.1493;7.64;
249.9382;35.5155;7.64;
250.4143;34.5894;7.64;
250.6404;-2.115;7.64;
251.2493;-0.6147;7.64;
255.5677;50.3083;7.64;
260.3726;42.2693;7.64;
261.6665;-1.0017;7.64;
264.2022;72.0547;7.64;
265.1297;-2.8646;7.64;
266.7412;-43.4935;7.64;
268.2444;-7.9195;7.64;
270.0895;-49.9169;7.64;
270.7454;20.7775;7.64;
271.4482;20.7703;7.64;
271.5194;-37.4331;7.64;
271.8592;-46.8988;7.64;
272.192;-3.9909;7.64;
272.6556;21.0279;7.64;
274.4822;57.8908;7.64;
275.1024;-82.5055;7.64;
275.3934;-33.5303;7.64;
275.4536;-16.3246;7.64;
276.7459;54.8853;7.64;
277.7722;28.4959;7.64;
277.9655;49.8912;7.64;
278.3243;5.4455;7.64;
278.5755;-42.5907;7.64;
278.9878;11.7284;7.64;
280.8251;57.8185;7.64;
281.9375;28.6438;7.64;
285.6113;-79.2153;7.64;
286.8273;-17.2419;7.64;
287.2585;-7.0173;7.64;
287.5674;35.5948;7.64;
288.3577;-14.4471;7.64;
289.296;0.4973;7.64;
290.4;0.4436;7.64;
292.0504;18.9174;7.64;
292.3565;15.1852;7.64;
292.7729;69.527;7.64;
292.9735;14.969;7.64;
294.2175;30.325;7.64;
295.624;1.5865;7.64;
295.7317;-37.4398;7.64;
296.8674;-35.1767;7.64;
296.9218;42.3185;7.64;
297.1513;55.7249;7.64;
297.1653;15.059;7.64;
297.7283;0.8443;7.64;
297.7663;78.6242;7.64;
299.3912;-10.038;7.64;
299.5637;-51.8954;7.64;
301.6908;-12.927;7.64;
302.1799;26.2749;7.64;
302.7086;23.5273;7.64;
303.227;-7.4581;7.64;
303.6783;-19.2071;7.64;
304.2453;37.6814;7.64;
305.2014;38.2564;7.64;
305.351;30.8643;7.64;
307.5209;48.6414;7.64;
307.7615;40.4266;7.64;
308.3604;52.8041;7.64;
309.0518;-71.2611;7.64;
311.2051;-20.8929;7.64;
314.3215;-23.8459;7.64;
315.4625;21.1054;7.64;
315.6203;-9.4478;7.64;
315.9455;-68.0718;7.64;
318.0252;-14.5582;7.64;
318.0536;40.1501;7.64;
319.4624;52.4759;7.64;
320.1882;67.2209;7.64;
320.6033;37.1648;7.64;
321.3349;46.0569;7.64;
321.3848;11.6505;7.64;
321.9994;-66.7937;7.64;
323.8925;23.9776;7.64;
325.1788;-48.7162;7.64;
325.5166;-27.6907;7.64;
326.3372;32.7807;7.64;
326.3896;-28.7248;7.64;
327.4385;65.2335;7.64;
327.6607;-83.961;7.64;
327.666;-55.165;7.64;
329.0667;62.8946;7.64;
329.2591;-26.4794;7.64;
331.4506;-18.6682;7.64;
331.5736;55.2468;7.64;
333.3122;55.3138;7.64;
334.6725;7.8654;7.64;
335.3664;14.8971;7.64;
338.6354;15.6992;7.64;
339.225;7.7823;7.64;
342.3125;23.8941;7.64;
343.4339;-4.6574;7.64;
344.1966;62.7271;7.64;
345.0158;21.2196;7.64;
346.0093;63.3969;7.64;
346.372;26.0093;7.64;
346.4863;64.2952;7.64;
346.7916;60.8325;7.64;
347.2903;26.913;7.64;
348.8025;65.0123;7.64;
349.7375;48.4959;7.64;
349.9024;27.4904;7.64;
354.025;18.4427;7.64;
355.1803;55.1491;7.64;
356.0226;42.4632;7.64;
356.2679;2.0914;7.64;
356.5917;34.1967;7.64;
356.7534;-55.4083;7.64;
356.9102;-5.8254;7.64;
359.3513;3.0099;7.64;
359.5548;-57.1968;7.64;
1.0351;56.921;7.65;
3.8724;-40.4547;7.65;
4.2398;-58.1519;7.65;
5.209;18.4821;7.65;
5.8644;11.8365;7.65;
10.4634;38.8963;7.65;
10.4991;-55.7821;7.65;
10.5197;32.611;7.65;
14.125;57.2865;7.65;
14.8354;-0.6746;7.65;
15.0824;35.691;7.65;
16.356;-12.9034;7.65;
19.8506;18.1378;7.65;
19.8891;-39.3626;7.65;
20.9617;-5.819;7.65;
21.6824;-40.4832;7.65;
24.5209;-66.5564;7.65;
29.594;43.622;7.65;
32.4042;-16.1263;7.65;
32.7268;-32.0619;7.65;
33.3296;-14.9076;7.65;
34.2813;45.8384;7.65;
34.9187;-19.1544;7.65;
35.8554;49.182;7.65;
38.522;32.452;7.65;
39.0849;-12.8969;7.65;
39.6927;-30.5993;7.65;
40.4669;-30.4045;7.65;
40.7543;20.2306;7.65;
46.8206;29.1234;7.65;
47.1036;6.7235;7.65;Althiba
47.4647;1.4843;7.65;
48.4042;-13.6395;7.65;
48.8207;36.4758;7.65;
49.7063;-15.5514;7.65;
50.9977;-37.1703;7.65;
51.4344;5.9354;7.65;
52.606;42.9797;7.65;
53.0061;67.5856;7.65;
54.0012;-61.5425;7.65;
54.0132;16.4674;7.65;
55.347;-41.753;7.65;
56.3901;45.354;7.65;
60.1856;15.4753;7.65;
60.4589;-18.3674;7.65;
60.9706;-55.3999;7.65;
61.9381;51.4528;7.65;
67.9876;70.5757;7.65;
68.7685;-20.7434;7.65;
72.6635;50.4091;7.65;
72.9867;54.9025;7.65;
80.9416;-62.5819;7.65;
81.5961;3.8566;7.65;
82.1087;-3.4996;7.65;
82.5183;-1.7496;7.65;
83.2378;-4.5665;7.65;
84.2218;38.3423;7.65;
86.8748;4.1002;7.65;
88.7582;-0.508;7.65;
91.2593;2.1103;7.65;
92.393;38.2959;7.65;
92.6164;-48.9564;7.65;
94.9214;12.2927;7.65;
95.23;-62.3541;7.65;
97.7739;-59.0046;7.65;
98.2733;16.9488;7.65;
98.2943;-71.6481;7.65;
99.2666;-32.2252;7.65;
101.9869;-5.154;7.65;
102.9826;10.8006;7.65;
103.2741;49.5341;7.65;
103.5258;10.5249;7.65;
105.4491;-23.4591;7.65;
106.0676;1.5075;7.65;
109.8875;-57.4489;7.65;
111.9968;-47.1075;7.65;
113.3327;9.3262;7.65;
113.7471;24.2655;7.65;
115.3958;-33.7404;7.65;
115.6439;4.8234;7.65;
116.5424;-3.9611;7.65;
116.7806;-41.5175;7.65;
119.2816;71.6802;7.65;
120.126;-17.0339;7.65;
120.5197;19.7373;7.65;
122.6274;-9.6047;7.65;
123.1604;11.1911;7.65;
123.2794;-12.7194;7.65;
123.4662;6.3033;7.65;
124.0605;52.3423;7.65;
124.4738;43.4098;7.65;
128.335;-36.661;7.65;
128.7192;-21.459;7.65;
130.8858;-14.0418;7.65;
131.4317;-52.9717;7.65;
131.7826;11.4197;7.65;
132.7848;-13.7319;7.65;
134.5207;-3.5779;7.65;
135.5073;-35.6883;7.65;
135.9014;-14.4374;7.65;
138.1176;49.2065;7.65;
138.5927;-18.6751;7.65;
141.0272;68.8612;7.65;
144.7719;-58.2806;7.65;
147.5194;-50.6264;7.65;
151.6677;-23.1396;7.65;
153.4384;-53.2409;7.65;
154.4956;21.9686;7.65;
161.658;-51.052;7.65;
162.3475;3.4402;7.65;
163.1464;38.3344;7.65;
166.5408;65.8758;7.65;
168.7438;72.0084;7.65;
170.3711;58.4844;7.65;
170.9707;-26.958;7.65;
171.7398;28.4073;7.65;
171.7949;-15.6486;7.65;
172.1259;43.9666;7.65;
176.5815;-3.0024;7.65;
177.7347;-68.0808;7.65;
181.8451;-32.6619;7.65;
181.8975;42.0708;7.65;
182.7129;51.7962;7.65;
184.501;68.797;7.65;
185.3407;-80.0616;7.65;
186.0479;5.9716;7.65;
186.4142;23.3511;7.65;
186.5346;-4.4807;7.65;
187.162;-16.0056;7.65;
187.8283;-41.5046;7.65;
190.146;30.3775;7.65;
192.8316;57.7316;7.65;
193.0069;-73.9212;7.65;
193.9205;-3.5507;7.65;
194.6801;-40.9855;7.65;
194.9039;-64.3714;7.65;
195.6276;23.4994;7.65;
196.9126;-30.4349;7.65;
198.9186;54.403;7.65;
199.947;36.3739;7.65;
201.6272;-41.85;7.65;
202.9563;26.601;7.65;
203.3647;-8.4358;7.65;
203.4089;-64.7644;7.65;
205.0486;53.1104;7.65;
205.17;19.2001;7.65;
206.2863;-14.767;7.65;
207.7157;42.1552;7.65;
209.2291;44.2825;7.65;
211.1352;19.1774;7.65;
217.1436;-27.9196;7.65;
218.9001;3.4676;7.65;
219.0648;23.9841;7.65;
221.0889;-9.4896;7.65;
221.8382;35.5678;7.65;
222.4421;-9.2025;7.65;
231.2398;-22.0437;7.65;
232.3784;-51.391;7.65;
232.7623;-18.8366;7.65;
233.3135;-73.5438;7.65;
233.5969;76.4508;7.65;
233.9857;39.8311;7.65;
234.3935;-62.6814;7.65;
237.9748;-51.6195;7.65;
239.949;-35.8454;7.65;
241.3298;-23.6691;7.65;
241.6083;29.9046;7.65;
242.1698;5.4058;7.65;
244.4389;-37.7539;7.65;
245.3022;-52.4698;7.65;
245.8112;33.6971;7.65;
247.6537;43.5454;7.65;
249.361;37.4903;7.65;
252.2188;59.5034;7.65;
253.481;-55.0727;7.65;
254.52;15.1531;7.65;
255.3627;11.1604;7.65;
255.8313;-50.4027;7.65;
263.3253;67.2037;7.65;
265.3193;5.9326;7.65;
265.9901;-56.3556;7.65;
269.1686;6.8404;7.65;
269.5453;-37.3376;7.65;
270.8963;14.0926;7.65;
271.2045;-45.5837;7.65;
271.4676;7.0906;7.65;
272.1198;-16.4167;7.65;
273.8334;50.9713;7.65;
275.7897;54.4237;7.65;
277.1936;-38.0284;7.65;
279.747;-52.986;7.65;
280.6007;28.1249;7.65;
280.8601;3.7857;7.65;
283.3501;-52.2548;7.65;
284.2419;2.4617;7.65;
285.1489;39.8663;7.65;
285.3638;-6.1926;7.65;
286.2699;-61.5077;7.65;
286.9854;72.2671;7.65;
288.0983;30.3478;7.65;
288.8439;38.7116;7.65;
289.3494;-16.0734;7.65;
290.5889;0.383;7.65;
292.5792;57.1803;7.65;
293.2205;-26.0281;7.65;
293.8884;47.4358;7.65;
294.4141;-41.4583;7.65;
295.1347;21.5762;7.65;
297.4287;2.9539;7.65;
297.6681;-41.8596;7.65;
299.4896;-6.4447;7.65;
299.549;-15.9697;7.65;
300.7549;-9.0429;7.65;
301.6927;63.7068;7.65;
302.3933;18.7825;7.65;
302.6593;33.8557;7.65;
303.1429;-58.1166;7.65;
303.4372;16.1579;7.65;
304.1915;-15.1814;7.65;
308.3539;69.6715;7.65;
308.9542;-24.3734;7.65;
308.9747;25.4787;7.65;
309.2294;-12.7371;7.65;
310.968;34.0706;7.65;
312.2133;22.9942;7.65;
312.6843;55.0238;7.65;
316.2192;12.4448;7.65;
319.2874;81.7615;7.65;
320.2238;41.4421;7.65;
320.5621;-80.114;7.65;
321.3902;58.2345;7.65;
322.936;48.4844;7.65;
323.3791;-27.8903;7.65;
324.6313;-27.8939;7.65;
325.2402;-9.1421;7.65;
326.7836;-2.2924;7.65;
326.9018;-17.2947;7.65;
327.3226;38.3477;7.65;
329.832;60.2977;7.65;
330.2196;39.5258;7.65;
330.232;43.6351;7.65;
330.7949;18.8843;7.65;
333.5899;36.8318;7.65;
333.6003;52.5135;7.65;
334.5477;-22.2986;7.65;
336.3742;22.5742;7.65;
337.3135;-30.0184;7.65;
337.6483;53.5287;7.65;
339.4433;26.4218;7.65;
339.6201;21.2274;7.65;
341.7222;-69.5277;7.65;
342.7873;-71.4251;7.65;
345.396;23.0733;7.65;
345.5668;-64.298;7.65;
347.9985;49.2136;7.65;
350.1881;77.0626;7.65;
350.2102;2.4563;7.65;
354.6658;-64.0364;7.65;
354.8353;71.9473;7.65;
0.2805;-5.8743;7.66;
0.9723;-28.3938;7.66;
1.9624;38.7217;7.66;
2.4963;-25.8747;7.66;
5.0934;68.847;7.66;
8.5146;-58.2016;7.66;
11.1905;-31.3894;7.66;
14.8471;0.7788;7.66;
15.3098;52.0553;7.66;
15.3421;-33.3599;7.66;
17.6275;-6.0846;7.66;
17.6746;42.9318;7.66;
19.3982;5.8843;7.66;
20.9866;-60.629;7.66;
21.2847;35.7332;7.66;
24.3978;-6.7604;7.66;
24.8546;0.6121;7.66;
26.2576;-31.3859;7.66;
29.4537;-78.7636;7.66;
30.0895;44.1027;7.66;
30.1248;-62.7625;7.66;
33.5812;-27.9077;7.66;
34.2099;2.5762;7.66;
34.5755;77.7427;7.66;
36.118;-13.2932;7.66;
36.361;60.0053;7.66;
38.056;-27.7897;7.66;
38.3658;5.7002;7.66;
38.7675;-17.2895;7.66;
39.2148;-79.814;7.66;
40.539;-42.5322;7.66;
41.4493;20.6927;7.66;
42.7487;32.364;7.66;
44.0108;65.8072;7.66;
44.0475;72.8861;7.66;
46.8309;-5.3852;7.66;
47.3064;-26.7157;7.66;
49.9469;48.6279;7.66;
50.5485;-58.6983;7.66;
51.7308;-7.9824;7.66;
53.0169;7.5663;7.66;
54.1224;-52.7777;7.66;
54.5043;55.1709;7.66;
55.9955;38.3738;7.66;
56.2456;61.4637;7.66;
56.5651;-66.5041;7.66;
57.0177;45.3549;7.66;
57.8415;-30.8721;7.66;
58.6951;83.545;7.66;
59.6584;-2.6514;7.66;
61.3368;-51.3721;7.66;
62.6198;-15.0289;7.66;
65.2629;55.5312;7.66;
66.7061;42.9095;7.66;
69.4346;-18.3308;7.66;
70.1137;76.5673;7.66;
71.8289;-36.2093;7.66;
72.1602;58.3897;7.66;
72.8803;28.5269;7.66;
74.1095;-15.3808;7.66;
74.8547;-10.3536;7.66;
75.4032;12.3409;7.66;
78.304;49.8611;7.66;
80.7369;14.3611;7.66;
80.9318;-8.2896;7.66;
81.1272;41.8271;7.66;
83.9488;-25.7385;7.66;
84.9837;-41.5143;7.66;
85.6037;-9.5905;7.66;
86.8125;22.529;7.66;
86.8227;58.9752;7.66;
90.4051;36.5155;7.66;
90.5974;-18.5677;7.66;
92.4839;-25.6257;7.66;
92.5419;6.3201;7.66;
92.7568;-31.774;7.66;
92.9041;-27.928;7.66;
94.3756;32.2633;7.66;
94.7413;-22.035;7.66;
97.503;-15.7237;7.66;
97.8151;-13.6017;7.66;
101.0491;66.2964;7.66;
101.657;57.7687;7.66;
101.9667;-49.0603;7.66;
101.9972;-4.2518;7.66;
103.205;-40.6931;7.66;
105.2688;-21.9647;7.66;
105.6794;45.9574;7.66;
105.7295;-13.2178;7.66;
105.7984;-66.8891;7.66;
107.7077;9.3779;7.66;
108.2003;66.6164;7.66;
108.5111;-31.6426;7.66;
108.5426;-18.9839;7.66;
108.9076;-42.1542;7.66;
109.0664;-54.2262;7.66;
109.2226;-3.7108;7.66;
109.2406;-7.5275;7.66;
109.6543;47.1364;7.66;
111.783;47.6459;7.66;
113.6985;-29.41;7.66;
114.1992;6.0747;7.66;
115.9435;59.2891;7.66;
117.5756;28.7313;7.66;
118.158;-15.428;7.66;
119.7288;-17.0572;7.66;
119.9374;-12.8671;7.66;
121.1308;-67.2082;7.66;
121.8239;7.2831;7.66;
122.9036;-59.2492;7.66;
123.9148;17.572;7.66;
124.8261;-23.797;7.66;
124.873;-11.883;7.66;
125.8576;18.1364;7.66;
126.2675;-49.16;7.66;
127.6491;-10.1976;7.66;
127.8805;17.3358;7.66;
128.2722;55.3548;7.66;
129.5996;-53.7218;7.66;
130.2097;40.0178;7.66;
130.6581;-37.3829;7.66;
132.0076;77.6889;7.66;
133.9495;-34.269;7.66;
134.3865;-27.7159;7.66;
134.5667;10.8452;7.66;
135.4297;-25.4328;7.66;
137.6332;-3.4266;7.66;
139.3782;8.3757;7.66;
139.8074;-11.1573;7.66;
141.2282;-10.9347;7.66;
142.9126;15.7701;7.66;
143.7867;26.1926;7.66;
147.3694;57.2211;7.66;
147.6313;-36.2619;7.66;
148.74;-60.6407;7.66;
152.7967;6.168;7.66;
154.1947;-2.7976;7.66;
155.2893;-8.7097;7.66;
156.063;40.6354;7.66;
156.7833;-18.256;7.66;
158.5238;-85.2815;7.66;
160.8504;4.3018;7.66;
161.4563;-36.9435;7.66;
162.7998;-36.9573;7.66;
162.8005;2.7077;7.66;
168.982;-10.6161;7.66;
173.4076;-6.5369;7.66;
173.9167;69.5726;7.66;
174.3078;27.7739;7.66;
176.6137;-58.0311;7.66;
177.0718;-8.8744;7.66;
177.6074;-46.469;7.66;
178.1128;-14.1274;7.66;
178.8686;-53.2398;7.66;
178.9641;-21.6594;7.66;
181.5826;-59.1446;7.66;
185.3058;-9.5493;7.66;
186.361;38.3478;7.66;
186.8008;36.3744;7.66;
187.5521;39.2471;7.66;
187.91;45.2256;7.66;
189.583;-11.5169;7.66;
189.8967;-23.8102;7.66;
191.8329;52.8619;7.66;
191.9294;-12.58;7.66;
192.0636;30.3961;7.66;
192.8344;8.2104;7.66;
193.2564;26.7942;7.66;
193.266;19.605;7.66;
193.4172;4.2378;7.66;
193.8127;78.4998;7.66;
195.313;-44.7519;7.66;
196.8271;71.3944;7.66;
197.3997;-66.5431;7.66;
197.5937;-57.7445;7.66;
199.0129;-5.6687;7.66;
199.7422;-28.7849;7.66;
201.1774;4.4021;7.66;
202.8999;-48.1531;7.66;
203.6173;-13.347;7.66;
204.2633;-16.4471;7.66;
204.6885;-46.973;7.66;
208.5687;34.6071;7.66;
209.3967;18.2606;7.66;
210.7773;-34.5408;7.66;
212.7437;-2.6745;7.66;
214.6407;28.4394;7.66;
215.6578;59.7796;7.66;
215.6957;64.276;7.66;
215.9542;-12.9426;7.66;
216.3748;-43.6436;7.66;
216.8779;-47.099;7.66;
219.3961;31.6151;7.66;
220.4409;24.5383;7.66;
222.0376;-41.0173;7.66;
222.2039;-13.1195;7.66;
223.9731;36.4301;7.66;
224.1854;-50.5884;7.66;
224.5849;-27.3271;7.66;
224.6272;-28.7095;7.66;
225.1267;-22.8493;7.66;
225.8992;-27.841;7.66;
226.5617;-19.3775;7.66;
227.0267;-12.0514;7.66;
227.8077;-40.7159;7.66;
228.0814;-34.9677;7.66;
229.1068;16.7943;7.66;
231.3845;50.5941;7.66;
232.2049;-53.9266;7.66;
236.0693;-54.3209;7.66;
239.025;7.9365;7.66;
245.0198;-63.9406;7.66;
246.4131;-29.4004;7.66;
248.291;23.1176;7.66;
249.4034;28.8361;7.66;
249.6249;12.6622;7.66;
255.3248;73.3125;7.66;
257.1789;-39.338;7.66;
262.4352;63.8527;7.66;
263.5174;-46.6005;7.66;
265.152;-35.6482;7.66;
266.8677;-35.7013;7.66;
269.6719;-87.3645;7.66;
270.1763;17.1667;7.66;
270.3563;22.7744;7.66;
270.5745;0.1042;7.66;
270.5927;-12.3184;7.66;
270.8824;64.8642;7.66;
272.1186;-21.2531;7.66;
272.513;-32.1437;7.66;
276.1175;-51.8282;7.66;
276.336;26.0841;7.66;
277.8352;-23.3157;7.66;
278.6588;29.9843;7.66;
279.812;20.4976;7.66;
279.8207;-39.9107;7.66;
280.0761;-35.1589;7.66;
281.2873;57.1157;7.66;
281.6909;27.4803;7.66;
281.7316;9.4192;7.66;
281.8906;-43.5464;7.66;
282.4036;-27.1251;7.66;
282.7903;-83.563;7.66;
283.8069;32.6046;7.66;
284.0242;15.3657;7.66;
284.3998;-0.5264;7.66;
285.6782;-24.3646;7.66;
286.0069;40.1162;7.66;
286.3738;11.2698;7.66;
286.7465;26.4563;7.66;
288.279;4.9356;7.66;
288.3896;4.264;7.66;
288.5653;19.064;7.66;
288.8595;-19.787;7.66;
290.5799;52.1183;7.66;
291.0407;60.3489;7.66;
291.3473;-14.5259;7.66;
293.3348;-16.6101;7.66;
294.5752;31.759;7.66;
295.9536;52.6109;7.66;
297.8994;-19.2112;7.66;
299.9824;19.8895;7.66;
300.0793;35.3584;7.66;
300.2127;-43.9819;7.66;
300.3484;-9.4874;7.66;
301.3236;-27.8116;7.66;
304.6116;64.8679;7.66;
304.8656;22.9962;7.66;
305.371;19.662;7.66;
306.8095;43.1475;7.66;
307.126;42.0098;7.66;
310.5885;63.351;7.66;
310.84;63.2091;7.66;
311.0682;-9.0497;7.66;
311.6428;-17.1629;7.66;
311.7053;63.9858;7.66;
312.1097;45.4521;7.66;
312.3272;4.0317;7.66;
312.8019;3.4906;7.66;
313.6887;45.1363;7.66;
315.1863;9.9958;7.66;
316.2059;8.8401;7.66;
317.3942;45.7385;7.66;
318.7377;-20.0706;7.66;
320.7618;-51.9424;7.66;
320.8825;-40.2545;7.66;
322.6888;-75.2025;7.66;
324.4297;6.6291;7.66;
325.3769;-21.9287;7.66;
325.4853;0.3461;7.66;
326.5608;-47.4031;7.66;
327.0346;45.8043;7.66;
327.1445;-6.2491;7.66;
328.8013;47.4505;7.66;
331.0697;16.2706;7.66;
334.2773;8.3742;7.66;
335.4434;-6.1813;7.66;
337.3261;-69.4379;7.66;
340.2785;15.4854;7.66;
340.8039;-7.2151;7.66;
340.9867;29.277;7.66;
341.0208;6.7363;7.66;
342.2237;10.5324;7.66;
345.259;22.3912;7.66;
345.8166;-55.1686;7.66;
347.0135;4.8743;7.66;
347.5655;-59.3696;7.66;
348.3186;-18.3695;7.66;
348.8286;12.4377;7.66;
350.2037;21.9627;7.66;
352.2768;-28.264;7.66;
352.705;62.2886;7.66;
354.4627;-24.8787;7.66;
354.9607;-5.5468;7.66;
355.2541;-37.8679;7.66;
358.307;-11.0149;7.66;
359.2583;27.5737;7.66;
3.7667;52.6396;7.67;
3.8183;-16.7562;7.67;
4.4213;-60.7992;7.67;
6.7829;38.778;7.67;
6.882;35.5874;7.67;
7.0093;-52.9523;7.67;
8.6403;62.9032;7.67;
9.5023;2.7636;7.67;
9.6038;51.2684;7.67;
9.6478;57.5169;7.67;
9.7213;-43.2957;7.67;
9.9356;-8.0059;7.67;
10.3611;44.8148;7.67;
11.8914;18.901;7.67;
12.6346;21.1635;7.67;
14.856;-34.6363;7.67;
15.2353;50.879;7.67;
15.7384;69.2271;7.67;
18.8892;6.9562;7.67;
19.53;61.7179;7.67;
19.5629;-33.1375;7.67;
26.3882;-26.3971;7.67;
31.7885;74.8698;7.67;
31.9586;44.3619;7.67;
34.5155;14.4668;7.67;
34.7153;-7.4581;7.67;
34.8576;-38.9774;7.67;
36.1163;-63.7277;7.67;
36.3511;-21.81;7.67;
36.5973;-68.6353;7.67;
37.6102;-5.0311;7.67;
37.872;1.0913;7.67;
38.0968;40.0853;7.67;
38.4177;77.6673;7.67;
39.5969;68.0613;7.67;
39.7481;8.9199;7.67;
42.3962;47.1425;7.67;
43.4309;-4.2475;7.67;
45.0417;-59.8193;7.67;
46.4209;23.094;7.67;
47.0267;17.0274;7.67;
48.0408;-0.2453;7.67;
50.1162;-24.1146;7.67;
52.4583;47.9768;7.67;
55.5144;-84.0835;7.67;
55.7797;-37.0438;7.67;
56.7588;41.4273;7.67;
57.2356;64.7484;7.67;
57.7657;1.7249;7.67;
58.1448;-15.7415;7.67;
60.8796;81.5767;7.67;
62.9217;31.5507;7.67;
65.2214;45.4643;7.67;
67.2263;55.0005;7.67;
67.5154;32.5117;7.67;
69.008;-2.2303;7.67;
69.3211;-23.0486;7.67;
69.5373;71.4699;7.67;
70.2342;0.9628;7.67;
71.5036;80.5446;7.67;
73.31;8.556;7.67;
74.4361;-33.0689;7.67;
74.4516;-4.655;7.67;
79.9206;-11.0349;7.67;
81.8157;-46.0943;7.67;
83.0293;-6.7083;7.67;
83.1778;-60.125;7.67;
84.8131;30.1506;7.67;
85.0564;-1.4626;7.67;
85.3933;15.2137;7.67;
85.4734;4.9882;7.67;
86.0262;-19.5708;7.67;
86.6912;48.6697;7.67;
86.7075;9.663;7.67;
90.3232;45.1605;7.67;
92.6643;32.0483;7.67;
93.4759;-66.1738;7.67;
94.2002;-54.617;7.67;
94.8703;13.4483;7.67;
96.4516;73.435;7.67;
97.88;61.35;7.67;
99.2244;70.5034;7.67;
100.3327;-52.6973;7.67;
100.4825;45.7335;7.67;
100.9281;-39.865;7.67;
103.6647;17.6844;7.67;
103.7685;22.5603;7.67;
105.1443;-38.0359;7.67;
106.4049;-71.2723;7.67;
106.9278;-76.0492;7.67;
107.8669;-13.0706;7.67;
108.2336;3.744;7.67;
108.8695;-36.5609;7.67;
108.8713;-48.23;7.67;
109.2467;-29.7299;7.67;
112.0507;29.425;7.67;
116.2673;48.3946;7.67;
116.7837;-43.3412;7.67;
117.3316;-33.3298;7.67;
119.3322;-7.8;7.67;
119.8765;-28.4332;7.67;
119.924;-48.2794;7.67;
120.3483;-51.4395;7.67;
121.255;-22.4345;7.67;
121.4498;3.1722;7.67;
124.0639;9.4064;7.67;
124.4336;2.7935;7.67;
127.0053;-41.2454;7.67;
127.8848;-21.0781;7.67;
128.6084;-23.8269;7.67;
132.4827;14.8334;7.67;
134.308;0.5354;7.67;
142.6739;13.4959;7.67;
143.0602;43.7386;7.67;
144.0479;-58.0249;7.67;
147.7794;-43.5028;7.67;
148.7592;-12.4675;7.67;
149.0238;25.9994;7.67;
150.835;-17.1824;7.67;
151.849;-7.7248;7.67;
151.8629;72.6115;7.67;
155.189;-68.0656;7.67;
156.0609;-68.1296;7.67;
158.3203;25.1248;7.67;
159.6279;-70.3098;7.67;
161.1628;-38.142;7.67;
161.2665;-29.6835;7.67;
161.902;-15.6268;7.67;
163.6359;79.3455;7.67;
164.7087;-2.2362;7.67;
165.6917;-6.3937;7.67;
166.1499;-58.7558;7.67;
169.0642;-20.69;7.67;
170.0659;0.2741;7.67;
171.8205;-78.5218;7.67;
172.0478;55.6682;7.67;
174.0499;-60.0111;7.67;
176.8097;-76.6179;7.67;
179.3982;-32.9583;7.67;
181.8997;13.5169;7.67;
182.9246;-30.6038;7.67;
182.9479;-50.957;7.67;
183.871;38.6598;7.67;
185.0197;-37.8035;7.67;
189.295;21.1979;7.67;
193.4719;-29.3081;7.67;
196.108;-26.4816;7.67;
197.0105;73.3432;7.67;
199.3332;32.4877;7.67;
200.8356;46.1226;7.67;
204.1391;-62.345;7.67;
204.8024;47.8962;7.67;
206.4681;-11.2211;7.67;
207.1781;32.9769;7.67;
207.6845;-57.5805;7.67;
207.9335;-7.1728;7.67;
208.3784;-80.2729;7.67;
209.8657;-66.7113;7.67;
217.6768;-3.1095;7.67;
221.6235;14.8553;7.67;
222.0544;-66.439;7.67;
223.475;-55.0482;7.67;
224.2844;48.3953;7.67;
225.0426;70.6141;7.67;
226.3413;-78.1672;7.67;
226.5762;59.8251;7.67;
227.0752;3.9306;7.67;
227.2695;-28.3626;7.67;
228.4137;-41.4938;7.67;
230.3621;52.3445;7.67;
231.2345;7.7916;7.67;
233.0634;-44.4074;7.67;
235.9375;-9.3154;7.67;
236.4602;-16.9507;7.67;
240.4403;31.8762;7.67;
240.6601;26.6121;7.67;
240.8456;-66.6206;7.67;
241.2331;-65.8591;7.67;
242.3025;12.9323;7.67;
243.7378;60.6698;7.67;
244.4675;-55.2115;7.67;
244.8212;-58.0913;7.67;
246.0345;11.4248;7.67;
246.1961;-53.5821;7.67;
247.1791;51.7511;7.67;
247.8802;42.1626;7.67;
250.2352;21.9481;7.67;
250.802;-4.1502;7.67;
253.9677;-31.4698;7.67;
254.1631;15.6427;7.67;
254.5466;-80.0725;7.67;
256.729;47.6706;7.67;
258.3756;22.7457;7.67;
259.7892;61.7573;7.67;
260.1952;36.6912;7.67;
260.2515;-13.0855;7.67;
260.6748;-38.2023;7.67;
261.3727;37.7866;7.67;
262.5777;22.0355;7.67;
265.9344;-3.9179;7.67;
267.5404;59.0402;7.67;
268.5991;86.5587;7.67;
271.2185;33.2723;7.67;
271.8342;-21.2016;7.67;
271.8726;56.8019;7.67;
277.8473;-18.2626;7.67;
279.8298;20.933;7.67;
280.2002;-8.7188;7.67;
281.6282;-33.9084;7.67;
285.8422;-12.7095;7.67;
287.0028;43.9671;7.67;
288.8079;15.0824;7.67;
290.2741;-52.7227;7.67;
290.4369;-14.0334;7.67;
291.0069;-33.5423;7.67;
291.9395;47.5369;7.67;
292.115;-31.387;7.67;
292.3755;78.2655;7.67;
292.8176;38.4008;7.67;
293.1027;-22.7407;7.67;
296.8232;30.8402;7.67;
297.1694;30.8285;7.67;
297.9385;26.2372;7.67;
300.0491;-48.7484;7.67;
300.1821;22.7109;7.67;
300.4458;4.7154;7.67;
301.0746;31.936;7.67;
302.0622;37.9696;7.67;
303.3443;5.3094;7.67;
303.6771;47.7097;7.67;
303.8931;55.6192;7.67;
305.7847;-3.8119;7.67;
308.4927;46.4163;7.67;
309.2852;64.3605;7.67;
310.9247;4.0783;7.67;
312.271;25.6703;7.67;
312.4436;25.7709;7.67;
313.2701;-56.2201;7.67;
314.0402;-57.5698;7.67;
315.9464;-63.4809;7.67;
316.5892;-37.5876;7.67;
320.5539;4.4886;7.67;
321.7861;36.9256;7.67;
324.4115;58.7583;7.67;
325.818;38.0175;7.67;
326.5997;-68.6839;7.67;
326.9173;-19.5778;7.67;
329.2327;31.8607;7.67;
329.5265;38.9269;7.67;
331.2784;39.4827;7.67;
335.712;75.0049;7.67;
335.9815;-65.3539;7.67;
336.1146;-48.8157;7.67;
338.0278;33.3768;7.67;
338.9489;-30.3358;7.67;
340.3601;73.257;7.67;
341.1217;21.9518;7.67;
343.8927;18.1961;7.67;
344.6245;9.8255;7.67;
344.6517;-45.5193;7.67;
345.4723;47.9553;7.67;
346.6632;-43.5037;7.67;
348.4699;-68.2913;7.67;
350.4619;-9.7614;7.67;
351.0183;4.9314;7.67;
351.4315;66.921;7.67;
351.8269;79.795;7.67;
352.1678;39.619;7.67;
352.37;30.4327;7.67;
359.0477;59.7676;7.67;
359.9302;21.289;7.67;
0.1034;12.2671;7.68;
2.6935;-21.9336;7.68;
3.7579;54.0784;7.68;
4.8477;19.999;7.68;
5.0406;-35.9028;7.68;
5.0901;4.779;7.68;
7.0319;16.716;7.68;
7.3097;-15.0653;7.68;
7.4129;32.9871;7.68;
10.3741;-20.2996;7.68;
11.4774;0.5794;7.68;
11.5573;-11.4524;7.68;
13.0968;25.7806;7.68;
14.0548;46.6541;7.68;
15.2239;36.6562;7.68;
19.0558;16.8276;7.68;
19.3339;55.9185;7.68;
20.083;-48.6764;7.68;
20.6566;26.5627;7.68;
25.5325;39.4122;7.68;
27.7808;43.5252;7.68;
31.0793;71.2115;7.68;
34.3156;23.8735;7.68;
35.1803;-62.546;7.68;
39.9359;-59.5687;7.68;
41.4474;34.4296;7.68;
41.7599;-67.2777;7.68;
41.8459;9.3077;7.68;
42.7782;30.5099;7.68;
43.7413;-3.307;7.68;
44.8616;59.5922;7.68;
46.4103;6.1174;7.68;
46.5166;-13.4349;7.68;
47.7681;-46.3505;7.68;
48.637;-9.6869;7.68;
50.4866;52.6219;7.68;
51.801;-48.8626;7.68;
52.1793;4.3571;7.68;
53.6589;-12.2979;7.68;
54.2697;47.2614;7.68;
54.6651;-75.7627;7.68;
57.7478;-29.4009;7.68;
64.3338;61.797;7.68;
64.561;32.3905;7.68;
64.6348;52.0254;7.68;
67.5467;-67.8775;7.68;
67.5643;-41.6598;7.68;
69.6412;61.2157;7.68;
70.4384;-61.2177;7.68;
71.5395;-11.5612;7.68;
73.1177;-55.6971;7.68;
73.1243;9.8641;7.68;
73.159;-30.6605;7.68;
74.0455;2.0435;7.68;
78.3693;-4.6529;7.68;
78.5105;36.9162;7.68;
80.304;-14.1525;7.68;
80.5498;36.1993;7.68;
83.235;-47.6891;7.68;
83.3765;-24.3379;7.68;
84.1394;12.1007;7.68;
84.2604;20.7308;7.68;
84.3069;-24.4021;7.68;
85.0267;-31.2458;7.68;
88.0476;-17.553;7.68;
91.8214;-37.0366;7.68;
91.9872;-54.4393;7.68;
91.9922;18.4012;7.68;
92.2799;-15.7016;7.68;
94.3142;-5.3437;7.68;
94.401;1.775;7.68;
95.6995;27.9867;7.68;
95.8157;-30.9455;7.68;
96.9501;-41.1315;7.68;
97.2355;-59.773;7.68;
97.688;43.8808;7.68;
98.158;-42.2565;7.68;
99.3721;22.1488;7.68;
100.5327;-71.8894;7.68;
100.7445;34.1278;7.68;
100.8019;-15.8334;7.68;
101.9628;7.8827;7.68;
102.4947;67.5133;7.68;
102.9059;-26.5352;7.68;
103.6215;26.5307;7.68;
103.7107;3.2373;7.68;
104.0745;-38.6097;7.68;
104.4833;6.5491;7.68;
104.811;-45.2286;7.68;
105.2684;-49.7085;7.68;
105.7942;21.1748;7.68;
106.3883;-14.8721;7.68;
106.545;28.192;7.68;
107.6106;-37.2162;7.68;
107.6185;57.3535;7.68;
108.6398;8.0333;7.68;
110.9907;61.4532;7.68;
111.054;64.1478;7.68;
112.4867;-61.2495;7.68;
112.6926;-28.097;7.68;
113.2524;37.0298;7.68;
113.5298;-60.2434;7.68;
113.8172;40.5064;7.68;
115.1704;-55.6516;7.68;
116.7707;34.9613;7.68;
117.0177;-44.0021;7.68;
117.2788;10.8059;7.68;
119.8914;20.8439;7.68;
120.6199;-20.3183;7.68;
121.7558;20.8916;7.68;
121.8586;19.8177;7.68;
122.8757;-14.4381;7.68;
122.9793;45.2093;7.68;
126.0507;62.3003;7.68;
126.9603;-50.1;7.68;
127.0511;7.1471;7.68;
127.0934;37.012;7.68;
127.1792;-34.7316;7.68;
130.4754;62.2104;7.68;
132.1536;-49.2287;7.68;
132.5632;-30.4168;7.68;
136.6789;20.5099;7.68;
136.8515;6.8385;7.68;
137.0656;-51.4363;7.68;
142.7357;44.6839;7.68;
142.872;-23.5059;7.68;
142.9654;-5.08;7.68;
143.0175;-53.542;7.68;
143.4915;45.2865;7.68;
147.084;28.5224;7.68;
147.7296;8.1273;7.68;
150.4361;-26.4642;7.68;
150.6406;-53.1484;7.68;
150.8436;56.6677;7.68;
151.7743;-5.5662;7.68;
151.9869;-2.5226;7.68;
153.3184;-8.4456;7.68;
157.1102;81.1875;7.68;
160.2642;73.7716;7.68;
161.9322;65.4601;7.68;
163.8103;-12.1217;7.68;
164.9415;-53.6885;7.68;
165.2013;43.912;7.68;
166.4909;-76.1302;7.68;
166.5242;-7.0081;7.68;
167.4682;60.7826;7.68;
168.4516;-75.7905;7.68;
168.7996;73.4752;7.68;
171.5709;-9.8814;7.68;
172.2446;41.178;7.68;
175.4956;-46.3504;7.68;
176.4532;6.9426;7.68;
176.5357;50.5636;7.68;
176.5404;20.3192;7.68;
176.6147;-24.9762;7.68;
177.6487;-37.6809;7.68;
177.6837;-9.3974;7.68;
181.0536;1.462;7.68;
183.2629;28.6349;7.68;
184.9941;43.6089;7.68;
186.8762;-21.2266;7.68;
186.9148;6.1544;7.68;
187.1889;19.9518;7.68;
187.5265;-33.3284;7.68;
189.6868;-45.2463;7.68;
190.208;3.8697;7.68;
192.3955;9.3732;7.68;
194.5755;-25.165;7.68;
202.9001;37.1139;7.68;
204.023;-54.9393;7.68;
204.1626;-58.4982;7.68;
205.0881;22.2326;7.68;
205.2905;-59.2278;7.68;
205.2996;-48.3184;7.68;
208.224;-10.6826;7.68;
209.1516;-10.034;7.68;
209.2094;-38.3973;7.68;
210.0313;-13.4668;7.68;
210.5303;43.5591;7.68;
211.6385;-17.4562;7.68;
213.1922;64.923;7.68;
215.6608;-73.5558;7.68;
216.1346;-61.3894;7.68;
216.9143;-46.2019;7.68;
216.992;69.2532;7.68;
217.7526;-5.8024;7.68;
219.1945;-36.6653;7.68;
219.5713;36.7258;7.68;
219.8183;-33.3785;7.68;
220.5234;-58.3597;7.68;
222.1061;22.3987;7.68;
225.0261;-55.5082;7.68;
226.0254;77.3718;7.68;
226.546;-71.1319;7.68;
230.652;-47.921;7.68;
231.7938;13.3798;7.68;
232.3293;-49.9531;7.68;
234.8836;42.697;7.68;
235.8826;-70.2667;7.68;
236.7674;11.5281;7.68;
236.7804;-74.0441;7.68;
237.0941;-28.7891;7.68;
238.1686;-79.4039;7.68;
239.2831;-10.888;7.68;
241.047;8.1376;7.68;
241.4561;-46.0849;7.68;
242.8018;36.0211;7.68;
243.66;-0.3988;7.68;
244.7851;-28.2939;7.68;
246.9829;-61.6259;7.68;
247.2546;64.7867;7.68;
248.2861;-75.9499;7.68;
249.2142;-65.5867;7.68;
249.8475;3.3922;7.68;
250.7527;-38.6724;7.68;
251.8329;-57.4608;7.68;
252.7866;42.0803;7.68;
252.8398;-24.8342;7.68;
253.4872;-17.9765;7.68;
253.6686;-32.1902;7.68;
254.3077;10.5273;7.68;
254.3795;14.0171;7.68;
255.4543;-30.779;7.68;
255.8866;-78.0795;7.68;
257.1365;-36.643;7.68;
258.2402;35.1647;7.68;
258.722;-20.9695;7.68;
258.9309;6.3801;7.68;
260.133;49.0126;7.68;
260.2983;-12.0573;7.68;
262.4933;-17.8146;7.68;
263.0765;18.3863;7.68;
264.3732;20.596;7.68;
264.7528;-28.4126;7.68;
265.0411;-3.5359;7.68;
267.1593;-69.9311;7.68;
268.2335;66.4191;7.68;
268.6669;45.5541;7.68;
269.2944;47.2262;7.68;
269.794;64.144;7.68;
270.7516;15.0024;7.68;
272.3926;6.1457;7.68;
273.3686;-39.7116;7.68;
276.0978;-1.064;7.68;
276.4863;21.6059;7.68;
278.6362;55.9334;7.68;
278.9035;40.3314;7.68;
280.7259;13.5667;7.68;
280.8248;-1.6456;7.68;
283.7161;33.9809;7.68;
284.5622;-37.317;7.68;
284.5964;47.8368;7.68;
285.6597;34.5826;7.68;
285.6719;31.3996;7.68;
285.9788;54.3893;7.68;
286.4585;59.292;7.68;
286.9325;47.0358;7.68;
287.8495;-34.904;7.68;
288.557;34.2151;7.68;
288.5716;59.6893;7.68;
289.8904;41.2711;7.68;
291.0331;61.2034;7.68;
293.4262;52.1229;7.68;
294.2285;-21.9027;7.68;
294.8856;19.1696;7.68;
295.2035;-27.6955;7.68;
295.6547;-24.3795;7.68;
295.8379;4.1744;7.68;
296.3897;33.602;7.68;
296.4813;-53.9872;7.68;
296.7516;-26.4906;7.68;
298.1618;18.7407;7.68;
298.4423;45.4704;7.68;
301.4421;-36.4995;7.68;
303.146;66.4614;7.68;
303.9268;31.2421;7.68;
304.5025;-18.2639;7.68;
304.6773;-51.5056;7.68;
305.3005;-32.7394;7.68;
306.0382;-0.5674;7.68;
307.2655;-51.0849;7.68;
307.8955;56.3559;7.68;
308.0426;15.8826;7.68;
308.1957;44.979;7.68;
310.8079;-76.5474;7.68;
313.1734;-53.2734;7.68;
313.2342;29.3319;7.68;
314.2374;47.5789;7.68;
315.0722;61.4973;7.68;
315.3057;-35.1841;7.68;
315.7543;15.7605;7.68;
315.8564;-5.3747;7.68;
316.9063;-44.2918;7.68;
318.5989;34.773;7.68;
318.6588;14.1422;7.68;
320.0316;69.5682;7.68;
321.4458;52.8619;7.68;
321.6574;20.7128;7.68;
324.1048;7.8827;7.68;
325.7886;25.5251;7.68;
326.0059;-55.0568;7.68;
326.793;-14.5139;7.68;
328.9563;13.8388;7.68;
329.1244;-25.4996;7.68;
330.2415;21.865;7.68;
331.9235;-5.8287;7.68;
332.0496;-3.5313;7.68;
333.4688;-45.8064;7.68;
333.471;-34.7598;7.68;
333.976;38.857;7.68;
335.2772;1.0349;7.68;
335.3615;21.0481;7.68;
336.8797;-31.5542;7.68;
337.7739;45.1451;7.68;
339.5186;-46.7097;7.68;
340.5762;-27.3825;7.68;
341.8031;-2.7097;7.68;
345.8976;23.3786;7.68;
346.8514;-11.8066;7.68;
351.2419;-22.5023;7.68;
352.321;42.3601;7.68;
352.3802;51.6852;7.68;
353.8301;-57.4951;7.68;
354.2383;-36.8013;7.68;
355.2521;35.9718;7.68;
355.4647;-5.9858;7.68;
355.7942;-23.6756;7.68;
355.989;-82.5085;7.68;
357.1324;55.6492;7.68;
357.7421;41.1638;7.68;
2.8153;7.9481;7.69;
3.0661;22.5567;7.69;
3.2678;35.2915;7.69;
10.6367;5.6754;7.69;
10.8195;-64.8195;7.69;
13.3375;46.5953;7.69;
13.5687;39.0681;7.69;
13.7244;49.4053;7.69;
14.9257;-4.3215;7.69;
15.8463;18.8531;7.69;
15.9852;49.73;7.69;
16.985;17.4123;7.69;
17.0248;42.8479;7.69;
18.465;5.1418;7.69;
22.3693;-51.5019;7.69;
24.2021;32.8536;7.69;
25.6531;48.4164;7.69;
25.7536;-14.4915;7.69;
26.1629;-51.0205;7.69;
26.4976;59.733;7.69;
26.6639;-61.391;7.69;
29.9262;-35.4198;7.69;
34.3603;-30.7221;7.69;
34.5357;-14.1337;7.69;
35.6898;-14.9012;7.69;
35.7105;43.5177;7.69;
36.0488;-74.4362;7.69;
37.8671;37.4541;7.69;
38.0361;-1.1949;7.69;
39.8544;-49.1483;7.69;
40.4694;45.0019;7.69;
40.9577;2.8172;7.69;
41.7653;31.3951;7.69;
41.9943;-26.0934;7.69;
43.2701;-77.8633;7.69;
44.2302;48.704;7.69;
44.4077;61.1287;7.69;
44.5557;53.7934;7.69;
45.2046;10.2443;7.69;
45.8985;36.442;7.69;
47.5176;76.0977;7.69;
47.8782;-13.5244;7.69;
51.8588;38.0423;7.69;
52.3603;-42.469;7.69;
52.6864;5.5131;7.69;
55.3439;36.3793;7.69;
58.1986;1.7479;7.69;
58.8586;17.6327;7.69;
60.7245;-59.5795;7.69;
62.086;19.7376;7.69;
63.7539;10.7481;7.69;
65.2455;36.5743;7.69;
66.2113;-50.6222;7.69;
66.7526;19.1177;7.69;
68.2913;-39.4856;7.69;
69.8664;-33.9986;7.69;
70.5438;49.9198;7.69;
72.1388;12.9254;7.69;
76.2772;6.1302;7.69;
76.319;15.2399;7.69;
78.9716;34.4231;7.69;
80.1373;-13.3862;7.69;
80.7682;-51.3168;7.69;
81.9037;1.1076;7.69;
82.3947;-44.7762;7.69;
83.4621;44.7856;7.69;
83.7489;59.5239;7.69;
88.7692;-72.8147;7.69;
88.9127;13.0019;7.69;
90.0114;-29.2061;7.69;
90.2732;-43.9031;7.69;
90.2734;16.9915;7.69;
92.6501;-58.8544;7.69;
93.5355;67.8376;7.69;
93.585;39.673;7.69;
93.8068;6.5159;7.69;
95.0597;-10.725;7.69;
96.6369;-26.104;7.69;
96.7293;17.4516;7.69;
97.134;27.6345;7.69;
97.8312;53.7752;7.69;
97.8886;15.4223;7.69;
98.1987;-17.7101;7.69;
98.9272;-8.9996;7.69;
99.6833;-45.0645;7.69;
99.8129;-31.8356;7.69;
100.1845;-32.7782;7.69;
100.3471;-2.35;7.69;
102.0686;14.5924;7.69;
104.097;-57.5763;7.69;
105.286;29.7359;7.69;
107.0942;-50.1003;7.69;
108.717;68.8043;7.69;
108.7466;-7.6803;7.69;
108.9889;-55.7331;7.69;
109.0252;-26.823;7.69;
109.1486;52.035;7.69;
109.3239;48.464;7.69;
109.7848;66.7396;7.69;
110.6411;29.8244;7.69;
111.3251;56.5692;7.69;
112.7645;50.0485;7.69;
113.11;-0.5185;7.69;
113.2109;16.3451;7.69;
116.0886;-30.2349;7.69;
116.543;23.5487;7.69;
118.2516;-33.297;7.69;
120.6678;-2.3972;7.69;
121.8517;-60.3488;7.69;
121.8528;-59.438;7.69;
121.8748;53.5567;7.69;
122.0892;37.8677;7.69;
126.0918;83.097;7.69;
127.2705;-28.6893;7.69;
130.8559;48.8616;7.69;
132.582;-28.861;7.69;
133.1729;-40.9835;7.69;
133.982;36.1962;7.69;
134.0469;-55.5283;7.69;
135.7894;-38.6097;7.69;
140.4463;18.7463;7.69;
140.6081;40.2011;7.69;
140.701;18.132;7.69;
140.7936;32.921;7.69;
142.1119;12.675;7.69;
144.4254;-15.7;7.69;
146.8523;-56.7626;7.69;
147.7661;-31.5096;7.69;
149.4064;-56.8639;7.69;
149.9261;5.2216;7.69;
154.109;45.4333;7.69;
154.4774;49.5761;7.69;
158.8529;-50.1793;7.69;
159.7094;-15.7298;7.69;
159.8761;-7.9632;7.69;
160.3477;8.5626;7.69;
160.4051;27.3097;7.69;
160.7194;18.3822;7.69;
161.3609;-37.3923;7.69;
161.5356;-23.4326;7.69;
163.0173;32.6286;7.69;
164.2151;-22.0337;7.69;
166.8602;13.0135;7.69;
167.1224;-2.0682;7.69;
167.4176;2.4563;7.69;
168.7763;-58.2592;7.69;
169.7148;10.5965;7.69;
170.0251;21.914;7.69;
171.2513;-59.6516;7.69;
172.0601;-52.0514;7.69;
174.5874;-60.6541;7.69;
175.8453;28.0552;7.69;
176.6691;-62.2951;7.69;
177.7698;-60.1765;7.69;
178.2388;-41.7806;7.69;
180.9693;76.0668;7.69;
181.5246;49.1584;7.69;
184.0641;6.2232;7.69;
185.7067;60.1047;7.69;
185.9008;60.9031;7.69;
186.4004;-26.8114;7.69;
188.3923;-66.117;7.69;
188.6904;24.2242;7.69;
191.7176;-40.3003;7.69;
191.746;-7.7998;7.69;
192.8265;49.2691;7.69;
193.4278;-27.4043;7.69;
193.8133;5.3004;7.69;
195.9569;-5.1618;7.69;
199.778;2.9035;7.69;
202.4837;34.5243;7.69;
205.9707;-52.0996;7.69;
207.3448;-33.8232;7.69;
208.4089;-6.188;7.69;
209.7879;-37.5963;7.69;
210.5882;20.8813;7.69;
211.3022;-7.2766;7.69;
211.4222;22.731;7.69;
212.1828;17.6389;7.69;
218.6246;59.8578;7.69;
220.0353;-16.2018;7.69;
222.7607;-86.3947;7.69;
223.4453;-43.1621;7.69;
224.0808;-18.9282;7.69;
225.7837;-12.8576;7.69;
226.2329;-86.4715;7.69;
226.349;55.6773;7.69;
229.3393;-58.368;7.69;
231.1598;-52.8539;7.69;
235.5661;9.6508;7.69;
236.8455;-62.1478;7.69;
236.9594;3.543;7.69;
237.4582;44.5221;7.69;
237.6943;48.483;7.69;
237.7717;-22.6266;7.69;
238.6021;3.2903;7.69;
238.7043;11.5153;7.69;
241.3764;31.5834;7.69;
243.8536;-11.0469;7.69;
246.2009;-57.0063;7.69;
246.8037;-22.1268;7.69;
247.072;-46.3176;7.69;
250.1763;28.9151;7.69;
250.5228;-30.5292;7.69;
253.8189;67.959;7.69;
254.5509;-10.5458;7.69;
256.6231;-10.8064;7.69;
256.9964;27.1014;7.69;
259.6829;-33.4417;7.69;
261.6487;27.231;7.69;
261.8941;26.795;7.69;
262.6662;24.0413;7.69;
264.1499;16.398;7.69;
264.2356;-55.1379;7.69;
265.1285;57.8576;7.69;
266.2117;31.1318;7.69;
266.8544;24.2467;7.69;
267.6258;-54.7308;7.69;
271.0372;-47.7202;7.69;
272.0116;-31.0013;7.69;
272.8814;60.6121;7.69;
273.0282;27.6433;7.69;
275.4551;16.1394;7.69;
275.535;0.1586;7.69;
275.8886;-26.1716;7.69;
276.5864;20.4784;7.69;
277.1397;4.8487;7.69;
277.1584;-71.783;7.69;
277.2655;-47.1822;7.69;
278.0578;-38.0988;7.69;
280.717;28.3028;7.69;
286.0192;48.8667;7.69;
286.2285;28.1882;7.69;
288.3276;34.4806;7.69;
290.1326;-17.0444;7.69;
290.5154;-4.739;7.69;
291.7479;73.3664;7.69;
295.8068;-56.2603;7.69;
295.891;-66.9604;7.69;
296.9629;-29.1593;7.69;
301.1942;1.156;7.69;
301.2298;26.0542;7.69;
301.8265;48.1907;7.69;
301.8616;65.1875;7.69;
302.7697;-43.4744;7.69;
304.3533;-2.0632;7.69;
304.5598;25.5095;7.69;
305.6672;-5.0811;7.69;
307.1281;43.5232;7.69;
307.3287;60.4216;7.69;
313.5998;-25.5765;7.69;
313.6497;-27.9305;7.69;
314.4158;61.3602;7.69;
315.2892;11.9534;7.69;
315.6698;45.8848;7.69;
322.4721;36.1783;7.69;
326.5811;9.3424;7.69;
327.5407;42.8594;7.69;
328.8542;30.8288;7.69;
328.9672;0.3003;7.69;
329.1265;12.6588;7.69;
331.4298;41.3523;7.69;
334.8007;18.0803;7.69;
335.1328;69.3631;7.69;
337.5332;33.2577;7.69;
338.542;54.0853;7.69;
338.8582;-55.1842;7.69;
342.1701;-34.7731;7.69;
343.1757;-29.1817;7.69;
343.6252;-10.2996;7.69;
343.7662;-69.1043;7.69;
345.4412;-6.9604;7.69;
345.5847;53.8096;7.69;
349.2413;30.3738;7.69;
351.3356;36.1644;7.69;
352.1136;45.6932;7.69;
352.9627;-11.948;7.69;
353.2961;4.3423;7.69;
353.952;-38.9538;7.69;
354.8161;-21.924;7.69;
355.7045;9.8855;7.69;
356.9683;4.1755;7.69;
359.1401;53.9602;7.69;
0.667;51.4724;7.7;
2.6426;52.3167;7.7;
2.8244;-40.3727;7.7;
3.5276;60.7204;7.7;
3.5601;55.2832;7.7;
4.7371;63.2882;7.7;
5.932;-49.3578;7.7;
6.4029;-19.9341;7.7;
10.382;12.9592;7.7;
14.1854;26.34;7.7;
14.2468;31.8964;7.7;
15.6833;-47.2876;7.7;
16.2082;18.8949;7.7;
16.675;8.8688;7.7;
17.2607;-10.1004;7.7;
18.3529;73.9207;7.7;
20.2024;65.0841;7.7;
20.9052;-41.2698;7.7;
22.0804;42.7822;7.7;
25.4072;66.9099;7.7;
30.79;48.6204;7.7;
31.1274;-58.3444;7.7;
31.1721;-35.2733;7.7;
31.8568;-28.8966;7.7;
32.4442;-14.8845;7.7;
35.1665;-73.3128;7.7;
35.3422;8.8808;7.7;
36.8942;48.2318;7.7;
39.1989;-25.0238;7.7;
40.1873;61.2822;7.7;
40.2158;-41.2999;7.7;
41.4977;40.6119;7.7;
42.8728;0.0864;7.7;
43.4631;-44.6057;7.7;
43.8373;64.1574;7.7;
44.0586;4.0484;7.7;
47.574;16.8135;7.7;
48.8056;-28.345;7.7;
49.8482;-36.5649;7.7;
50.0091;-1.5921;7.7;
55.5172;-17.1459;7.7;
57.1561;51.8233;7.7;
58.238;-18.4596;7.7;
58.7043;-35.7031;7.7;
59.7137;51.499;7.7;
60.2474;-54.3921;7.7;
61.233;-35.4465;7.7;
61.7966;12.2682;7.7;
62.0594;44.6628;7.7;
62.1163;50.9426;7.7;
62.3822;-26.0207;7.7;
62.396;69.5414;7.7;
62.8104;55.9105;7.7;
63.1948;23.5208;7.7;
63.7857;3.9574;7.7;
64.5459;61.9126;7.7;
66.0188;12.9724;7.7;
66.1911;-9.2235;7.7;
68.5186;45.6358;7.7;
69.0389;8.2258;7.7;
72.2223;43.2756;7.7;Bidelman's Peculiar Star
72.2972;-23.0616;7.7;
76.6971;34.5355;7.7;
81.5614;-32.5048;7.7;
83.3316;8.5385;7.7;
84.4049;-8.2004;7.7;
85.0726;-19.2272;7.7;
86.5033;21.3178;7.7;
86.9449;-6.435;7.7;
88.22;-45.302;7.7;
89.251;30.6096;7.7;
90.2873;-36.4689;7.7;
91.5037;12.4793;7.7;
91.6003;26.5255;7.7;
93.5498;-41.6605;7.7;
95.297;-44.7586;7.7;
96.1975;-5.5037;7.7;
96.2538;24.3021;7.7;
96.6818;-44.0675;7.7;
98.7626;-12.6077;7.7;
100.8389;-40.9089;7.7;
101.0026;51.4529;7.7;
101.989;-11.1084;7.7;
102.3672;12.0882;7.7;
104.7111;39.5359;7.7;
105.3627;-3.1176;7.7;
105.4453;-56.6214;7.7;
107.0499;15.5208;7.7;
107.1948;16.9088;7.7;
108.0452;-19.6203;7.7;
108.176;-3.1781;7.7;
108.5406;-9.2568;7.7;
109.0978;47.6388;7.7;
109.3626;46.3239;7.7;
112.0171;66.4911;7.7;
112.2773;1.5021;7.7;
112.5209;-8.5181;7.7;
113.244;66.9378;7.7;
113.6177;28.4107;7.7;
113.9873;-18.8464;7.7;
114.5685;47.7487;7.7;
115.3055;-32.6439;7.7;
116.2799;-50.2878;7.7;
119.0063;24.6657;7.7;
119.8928;-40.7525;7.7;
119.9959;-1.7977;7.7;
120.0806;-18.0044;7.7;
120.1476;-45.3369;7.7;
120.5462;26.6379;7.7;
121.0359;-10.4287;7.7;
124.2807;11.3512;7.7;
125.0004;19.851;7.7;
125.4732;10.0644;7.7;
126.3134;64.7133;7.7;
127.6824;-70.8426;7.7;
130.0939;51.7518;7.7;
131.5966;-52.8437;7.7;
132.3713;8.8647;7.7;
132.3944;-36.9624;7.7;
133.6847;43.5847;7.7;
134.5757;46.7517;7.7;
134.898;1.412;7.7;
136.1755;60.9908;7.7;
139.1811;-56.7501;7.7;
139.4442;-35.6899;7.7;
141.2512;-35.9053;7.7;
142.5409;-30.1443;7.7;
142.8288;-3.3215;7.7;
143.0224;-49.402;7.7;
143.2048;-72.6761;7.7;
144.7783;-39.5296;7.7;
147.5446;-49.6199;7.7;
150.2951;-23.1465;7.7;
150.9962;32.6469;7.7;
153.4887;-79.0041;7.7;
154.9133;-0.2099;7.7;
156.7259;19.5124;7.7;
157.5425;50.9953;7.7;
159.091;-47.9103;7.7;
160.2079;-53.3757;7.7;
160.5921;-20.6032;7.7;
160.6108;-33.6557;7.7;
161.1995;-50.885;7.7;
165.5487;-42.4979;7.7;
166.5717;-65.5098;7.7;
167.5497;-11.3602;7.7;
168.873;-44.3954;7.7;
171.231;31.825;7.7;
172.2042;-22.3957;7.7;
173.6311;-28.2881;7.7;
173.719;-46.4543;7.7;
176.1921;60.0471;7.7;
178.1342;-63.1702;7.7;
179.9857;-56.2931;7.7;
180.6354;-39.0291;7.7;
181.0044;18.8146;7.7;
181.1768;16.269;7.7;
181.3868;68.7594;7.7;
182.1393;65.3497;7.7;
184.7383;65.3673;7.7;
186.9429;27.4228;7.7;
188.7263;51.3604;7.7;
190.0665;-37.857;7.7;
190.249;-31.7379;7.7;
190.2871;-9.2455;7.7;
194.2454;-60.143;7.7;
194.2894;70.7553;7.7;
196.2528;-51.0413;7.7;
196.895;-73.5857;7.7;
199.1237;17.3003;7.7;
199.2194;5.1615;7.7;
200.5409;-64.2188;7.7;
202.1377;-48.9721;7.7;
202.4774;-65.502;7.7;
205.6123;-69.2469;7.7;
206.5734;-47.156;7.7;
207.135;29.8612;7.7;
208.48;-8.4844;7.7;
210.2695;13.1113;7.7;
211.3157;46.5917;7.7;
211.6389;17.912;7.7;
211.7811;-31.4004;7.7;
212.2545;-18.5009;7.7;
212.2611;43.7428;7.7;
212.95;-62.0263;7.7;
215.1556;-34.6779;7.7;
217.9134;-74.3916;7.7;
218.3561;6.2858;7.7;
219.2245;24.4631;7.7;
220.0766;30.4438;7.7;
221.9734;-32.2471;7.7;
222.8647;44.9284;7.7;
223.0237;52.5891;7.7;
223.2206;-12.3837;7.7;
228.0816;-64.5408;7.7;
228.7522;-48.7473;7.7;
229.6567;-25.0004;7.7;
231.4859;71.3397;7.7;
232.9349;39.6789;7.7;
233.8358;-29.0505;7.7;
234.1865;11.6009;7.7;
235.4526;37.0484;7.7;
236.3176;-58.6871;7.7;
237.8743;-20.5874;7.7;
238.6023;-41.1728;7.7;
241.7569;-62.7627;7.7;
242.5626;-84.2316;7.7;
243.3112;-1.4021;7.7;
243.6152;-62.7704;7.7;
245.5538;0.4982;7.7;
245.6913;44.0836;7.7;
246.8967;-52.7684;7.7;
247.2034;8.4011;7.7;
249.1883;-13.7209;7.7;
249.4553;-54.8587;7.7;
250.0254;-57.3051;7.7;
250.9117;6.6186;7.7;
254.0233;1.4206;7.7;
254.6032;20.1452;7.7;
255.719;71.0615;7.7;
256.2641;-5.0665;7.7;
257.1044;-12.0333;7.7;
258.1529;11.5959;7.7;
258.9987;-16.196;7.7;
259.8215;11.1724;7.7;
261.3114;6.4293;7.7;
262.056;-62.9454;7.7;
263.6791;-81.0683;7.7;
263.8917;-24.6283;7.7;
264.586;47.146;7.7;
264.7748;-26.9376;7.7;
264.92;24.4139;7.7;
265.016;29.2369;7.7;
265.1373;-49.7045;7.7;
265.5525;-69.0196;7.7;
266.0034;-1.8071;7.7;
266.9045;15.035;7.7;
267.0059;44.107;7.7;
267.0671;-1.0166;7.7;
267.2585;68.3418;7.7;
269.1932;-35.2015;7.7;
270.3584;-55.9743;7.7;
271.5296;49.4662;7.7;
271.6922;-22.4646;7.7;
272.0669;29.6912;7.7;
274.4891;21.9964;7.7;
274.7483;48.5706;7.7;
275.5777;-38.5454;7.7;
276.1618;-54.9572;7.7;
277.0132;5.7602;7.7;
277.2575;-65.1888;7.7;
277.5086;-33.4954;7.7;
279.5986;67.1265;7.7;
280.2518;-30.5291;7.7;
280.8344;-22.4108;7.7;
281.1294;57.2851;7.7;
282.4212;-33.598;7.7;
282.7214;-52.3;7.7;
283.6267;58.7356;7.7;
285.1237;-7.3858;7.7;
289.0281;9.3278;7.7;
289.8866;-14.1535;7.7;
290.3233;14.6337;7.7;
291.1854;-5.4179;7.7;
292.1103;-46.4755;7.7;
292.2262;-84.7201;7.7;
292.4392;-67.3083;7.7;
292.509;-15.9756;7.7;
292.8625;-66.5535;7.7;
295.3087;50.3783;7.7;
297.2896;8.2773;7.7;
297.4375;16.3755;7.7;
298.1108;-16.8863;7.7;
298.1436;66.7052;7.7;
298.4414;16.7781;7.7;
298.7938;-46.7926;7.7;
300.303;-38.5869;7.7;
300.3411;43.2276;7.7;
301.0202;34.3147;7.7;
301.7096;-12.4399;7.7;
301.9837;-70.8151;7.7;
304.2522;35.9574;7.7;
304.399;51.1524;7.7;
304.8615;45.215;7.7;
308.8622;-2.0515;7.7;
309.267;67.5043;7.7;
311.4382;22.9209;7.7;
311.7956;52.6092;7.7;
313.506;48.4375;7.7;
313.9716;28.7008;7.7;
314.2211;0.5031;7.7;
314.3428;-64.9381;7.7;
314.4895;24.2524;7.7;
314.5954;-40.9934;7.7;
315.3097;43.7218;7.7;
315.3427;-49.3514;7.7;
315.8242;-25.0742;7.7;
317.6289;22.4571;7.7;
319.4034;39.7462;7.7;
319.8997;49.221;7.7;
320.4415;-64.4097;7.7;
320.9615;57.9402;7.7;
322.2244;-37.4043;7.7;
322.4136;46.1322;7.7;
322.4748;20.9484;7.7;
322.6042;-60.2069;7.7;
323.5111;2.2796;7.7;
323.6803;-9.087;7.7;
324.9202;-51.5726;7.7;
326.4512;15.7577;7.7;
328.0459;-85.8366;7.7;
329.3609;23.6009;7.7;
331.2033;-45.7563;7.7;
332.0695;-63.5052;7.7;
332.5474;54.558;7.7;
332.6163;65.5237;7.7;
334.9476;76.1239;7.7;
336.1377;-13.1849;7.7;
336.9718;70.8017;7.7;
337.7453;-48.3158;7.7;
338.2238;49.3874;7.7;
340.5421;8.0747;7.7;
341.6284;-18.2865;7.7;
346.9495;39.7964;7.7;
349.7755;43.1321;7.7;
350.8312;52.1025;7.7;
354.3376;22.4894;7.7;
354.5267;-1.3356;7.7;
355.2963;68.3599;7.7;
355.5767;85.4686;7.7;
356.3004;15.0435;7.7;
358.2858;-54.3671;7.7;
358.3005;35.0523;7.7;
138.6029;52.6864;7.7;
1.3426;-79.2538;7.71;
1.6619;-36.0848;7.71;
2.7229;-13.9028;7.71;
4.3699;0.3212;7.71;
4.4599;59.0576;7.71;
4.4978;40.7467;7.71;
7.767;57.3657;7.71;
10.1347;39.5299;7.71;
16.9358;-4.7453;7.71;
17.4388;38.1245;7.71;
18.9834;16.19;7.71;
21.897;-46.1517;7.71;
23.4465;17.6853;7.71;
27.9021;68.3612;7.71;
28.1392;44.8125;7.71;
30.2483;29.2384;7.71;
30.4859;-16.5688;7.71;
30.5447;-45.8355;7.71;
31.2803;-49.6818;7.71;
32.1703;42.163;7.71;
33.0642;23.9582;7.71;
34.4361;-0.1599;7.71;
34.4464;-2.0403;7.71;
35.0684;-60.681;7.71;
38.3978;-37.4074;7.71;
40.6315;47.0298;7.71;
40.9737;59.8228;7.71;
47.9804;-74.0162;7.71;
49.1849;-3.364;7.71;
50.2449;-37.4498;7.71;
50.3224;9.6599;7.71;
52.7098;-37.3723;7.71;
52.7956;-13.4988;7.71;
55.586;7.5522;7.71;
55.6816;-4.6055;7.71;
56.3941;3.2397;7.71;
57.8859;-17.1665;7.71;
60.6225;39.0973;7.71;
60.8954;81.2264;7.71;
60.9963;43.9887;7.71;
61.0744;-19.4692;7.71;
62.5101;10.8462;7.71;
65.6565;51.9416;7.71;
66.0685;7.3201;7.71;
66.7406;-72.6338;7.71;
67.2282;-11.058;7.71;
67.4901;-28.8796;7.71;
67.6984;-21.3743;7.71;
73.1922;-5.2865;7.71;
75.2251;77.7755;7.71;
75.4267;84.8726;7.71;
75.4413;31.7781;7.71;
80.158;20.8299;7.71;
80.4129;15.8471;7.71;
80.4163;18.9068;7.71;
81.594;9;7.71;
86.4791;63.2963;7.71;
88.3754;-63.3166;7.71;
90.1536;59.8853;7.71;
91.3163;-25.0267;7.71;
92.3203;-17.2916;7.71;
92.6577;68.4131;7.71;
94.5324;53.6715;7.71;
95.8728;53.0773;7.71;
97.0744;18.4685;7.71;
97.289;54.6118;7.71;
99.0211;-24.1188;7.71;
99.4274;-44.4957;7.71;
100.4496;32.6369;7.71;
100.9939;-32.4312;7.71;
101.7815;17.12;7.71;
102.3488;9.5818;7.71;
103.3038;-24.1667;7.71;
105.0697;-60.8627;7.71;
106.3404;-52.6095;7.71;
106.628;-57.7785;7.71;
107.4814;18.8443;7.71;
107.716;45.2473;7.71;
108.5365;35.5476;7.71;
110.6844;42.6648;7.71;
110.9856;27.7945;7.71;
116.5788;-37.8977;7.71;
117.0691;49.3703;7.71;
117.3062;19.7695;7.71;
117.9829;-11.033;7.71;
120.0648;-40.6052;7.71;
120.3856;-70.0239;7.71;
121.1273;-62.8408;7.71;
121.1992;55.485;7.71;
123.5319;-61.4421;7.71;
125.4232;-42.8359;7.71;
126.0652;44.9497;7.71;
127.8647;72.2912;7.71;
130.0521;-48.4461;7.71;
130.0878;-42.3532;7.71;
131.1315;-47.9859;7.71;
131.5121;9.9516;7.71;
132.1187;-55.4492;7.71;
132.8308;-39.7451;7.71;
134.9426;34.8251;7.71;
135.1722;-54.3624;7.71;
136.4269;-50.1445;7.71;
136.631;-74.754;7.71;
137.7446;67.4648;7.71;
138.4046;-75.5904;7.71;
138.7656;-30.3671;7.71;
140.4972;21.4986;7.71;
141.5339;-47.7633;7.71;
143.8551;3.9052;7.71;
145.937;44.7013;7.71;
146.0388;-6.1807;7.71;
146.1742;70.2831;7.71;
146.872;10.8442;7.71;
148.4517;14.739;7.71;
151.6064;-26.598;7.71;
154.0786;-28.9785;7.71;
155.1102;11.3528;7.71;
157.4551;-3.9153;7.71;
161.1056;32.6198;7.71;
166.1081;-39.8207;7.71;
168.3967;52.8505;7.71;
171.7875;25.0278;7.71;
172.0021;-66.1899;7.71;
172.2909;16.3789;7.71;
176.5922;-34.7535;7.71;
177.5778;-7.3759;7.71;
178.4642;14.0296;7.71;
181.2569;-75.6871;7.71;
185.4232;-22.8886;7.71;
186.9876;-36.7072;7.71;
187.3353;17.3219;7.71;
187.583;21.9482;7.71;
188.9526;56.5784;7.71;
189.6731;-36.7306;7.71;
190.6024;-15.2379;7.71;
196.2934;-28.5175;7.71;
200.125;-33.6577;7.71;
201.0977;32.0846;7.71;
201.2004;-34.29;7.71;
203.1026;-32.0579;7.71;
203.1731;-79.0749;7.71;
206.7832;-77.5258;7.71;
207.0082;-8.025;7.71;
209.1208;2.2444;7.71;
211.487;-37.7292;7.71;
211.5539;10.8261;7.71;
215.1497;-24.5068;7.71;
215.341;75.0609;7.71;
217.564;-33.619;7.71;
218.9961;0.2197;7.71;
221.5606;36.4313;7.71;
222.6423;-66.2594;7.71;
223.1323;-15.3877;7.71;
224.0646;-61.2676;7.71;
227.6181;-57.1328;7.71;
228.1824;19.2924;7.71;
232.831;-12.9853;7.71;
232.9142;14.2596;7.71;
233.3712;-49.0007;7.71;
237.4177;-20.7775;7.71;
239.9782;-46.2991;7.71;
241.4338;-68.4356;7.71;
242.5655;40.5557;7.71;
242.8751;16.9777;7.71;
246.0684;38.4783;7.71;
248.3352;61.2337;7.71;
248.4516;59.6772;7.71;
248.4666;-35.5425;7.71;
248.5065;1.432;7.71;
251.152;48.2644;7.71;
251.7379;-20.1039;7.71;
251.854;2.1609;7.71;
256.9473;-63.8366;7.71;
257.2556;-16.9033;7.71;
260.1753;65.6399;7.71;
263.5897;29.7629;7.71;
263.5956;6.5214;7.71;
264.7411;2.6584;7.71;
265.6086;13.7211;7.71;
265.9004;-34.0814;7.71;
268.0933;-1.4302;7.71;
272.6415;-75.1881;7.71;
273.0587;-38.1849;7.71;
273.0625;52.7191;7.71;
273.5047;9.4418;7.71;
274.1395;8.361;7.71;
275.9566;-1.1464;7.71;
276.1804;-1.871;7.71;
279.0151;70.4671;7.71;
279.048;11.2432;7.71;
279.1484;-66.8886;7.71;
279.2607;-4.6153;7.71;
281.0431;-58.9805;7.71;
281.4935;1.317;7.71;
282.2543;34.5415;7.71;
282.6266;-36.8149;7.71;
282.8;46.7382;7.71;
283.2826;1.7555;7.71;
285.2059;14.5469;7.71;
286.839;46.0853;7.71;
288.7033;8.0965;7.71;
288.709;37.988;7.71;
289.9082;81.7961;7.71;
290.1702;14.4191;7.71;
293.7624;-50.1247;7.71;
295.0413;-20.5478;7.71;
297.1649;-12.1222;7.71;
298.4527;85.7588;7.71;
298.9673;-26.5501;7.71;
299.557;34.4228;7.71;
300.4397;57.6518;7.71;
301.8077;21.1037;7.71;
302.6463;33.634;7.71;
302.914;63.5274;7.71;
303.5407;6.589;7.71;
306.0279;-13.3986;7.71;
306.0816;-23.4758;7.71;
306.1472;48.6928;7.71;
306.6572;51.1058;7.71;
307.8345;-17.1386;7.71;
307.919;62.4623;7.71;
308.4388;27.8725;7.71;
309.5365;-76.8927;7.71;
309.6846;25.5506;7.71;
310.3639;33.7094;7.71;
311.3052;31.774;7.71;
314.2905;-67.6989;7.71;
316.1574;12.0247;7.71;
316.7291;59.8898;7.71;
317.8895;-2.1491;7.71;
318.2892;43.8738;7.71;
318.5443;-39.9626;7.71;
329.6573;-45.7434;7.71;
329.8508;-42.8099;7.71;
332.1687;0.338;7.71;
337.2705;-9.7412;7.71;
337.4044;35.9377;7.71;
337.8197;39.2438;7.71;
343.1425;7.6572;7.71;
343.5474;28.0165;7.71;
344.9561;-2.4398;7.71;
346.4704;-15.4526;7.71;
346.7603;35.0527;7.71;
347.62;10.8163;7.71;
348.1608;2.6862;7.71;
348.2589;67.0761;7.71;
348.4795;40.7988;7.71;
349.4423;16.548;7.71;
349.6473;-59.9998;7.71;
351.1976;-21.4427;7.71;
352.3571;-24.0386;7.71;
354.6735;-20.8674;7.71;
358.5219;4.8711;7.71;
358.6061;2.4639;7.71;
358.8485;-50.1139;7.71;
2.2487;-39.7372;7.72;
3.3307;8.9299;7.72;
3.5932;76.0222;7.72;
7.6894;57.0649;7.72;
8.8768;35.6591;7.72;
9.9663;63.2275;7.72;
11.0899;-49.7065;7.72;
11.57;-62.6758;7.72;
12.9775;32.367;7.72;
14.5687;48.2197;7.72;
16.1673;-39.4882;7.72;Nenque
17.4294;61.5473;7.72;
18.6839;39.4496;7.72;
21.246;37.4549;7.72;
22.1768;45.6337;7.72;
22.4932;-15.7289;7.72;
24.6947;38.652;7.72;
24.916;-37.4728;7.72;
25.5084;-19.1925;7.72;
27.7352;6.0068;7.72;
28.823;57.0921;7.72;
29.1183;45.9696;7.72;
31.7578;-4.2176;7.72;
34.6704;4.1961;7.72;
35.1956;28.5235;7.72;
36.2539;-10.1969;7.72;
38.0284;34.6782;7.72;
38.0368;50.2171;7.72;
38.4977;31.4064;7.72;
38.9285;63.6349;7.72;
39.4617;-13.1292;7.72;
41.4629;40.9111;7.72;
43.6653;42.6976;7.72;
44.5295;69.1933;7.72;
45.466;-69.684;7.72;
46.3537;-72.0041;7.72;
48.4142;42.9078;7.72;
51.9161;-39.8333;7.72;
54.5456;19.3604;7.72;
55.6527;52.2988;7.72;
56.2035;46.0358;7.72;
56.9091;50.3639;7.72;
57.537;6.6207;7.72;
58.9323;-17.699;7.72;
61.8846;-35.3916;7.72;
62.7402;-14.3631;7.72;
65.3126;-45.0438;7.72;
67.3862;13.8947;7.72;
67.6471;65.0511;7.72;
68.3167;55.4621;7.72;
68.6258;10.0164;7.72;
69.8663;63.2208;7.72;
71.5503;26.0355;7.72;
71.7177;-60.6035;7.72;
72.1228;59.4978;7.72;
72.3839;15.8887;7.72;
75.4738;-19.6627;7.72;
76.2208;-39.5608;7.72;
76.547;-62.7896;7.72;
77.4055;-63.7774;7.72;
77.4565;75.4808;7.72;
77.6418;40.8441;7.72;
78.6923;67.3608;7.72;
78.7984;20.0561;7.72;
78.8487;-3.3659;7.72;
79.6013;47.0482;7.72;
80.7242;-56.8163;7.72;
80.8285;-14.8331;7.72;
81.1149;52.2303;7.72;
84.2052;15.6184;7.72;
84.4512;-54.5642;7.72;
85.1088;34.5494;7.72;
86.2111;57.2434;7.72;
87.0039;-34.4702;7.72;
87.6345;18.0264;7.72;
88.2198;34.4452;7.72;
88.8068;-73.1508;7.72;
89.0762;-24.0889;7.72;
90.8845;8.5896;7.72;
92.4429;-20.5051;7.72;
92.7714;53.6197;7.72;
93.3827;14.0165;7.72;
93.7516;70.6677;7.72;
93.8432;-76.2006;7.72;
94.4945;0.2248;7.72;
95.3799;-29.1506;7.72;
96.0085;-70.1868;7.72;
97.1206;34.4926;7.72;
98.1675;-15.8387;7.72;
98.2434;-3.8201;7.72;
98.3254;-14.8142;7.72;
99.2804;-52.3472;7.72;
103.0825;-32.0144;7.72;
103.4871;-36.5567;7.72;
103.5463;78.0078;7.72;
103.6727;36.9394;7.72;
104.6855;-20.6152;7.72;
105.2126;-40.9494;7.72;
105.9416;47.2593;7.72;
106.451;11.2241;7.72;
107.0966;-11.8524;7.72;
108.3044;-30.9664;7.72;
109.0989;47.6354;7.72;
110.5567;50.1477;7.72;
110.6618;-44.6178;7.72;
112.3257;22.7886;7.72;
114.009;76.8334;7.72;
115.6679;28.8339;7.72;
115.7102;-38.9179;7.72;
116.0823;-5.0549;7.72;
117.3741;3.221;7.72;
118.2734;-52.6747;7.72;
119.0867;-49.982;7.72;
119.0911;59.6764;7.72;
119.095;4.2541;7.72;
119.1322;6.4064;7.72;
119.1478;79.519;7.72;
119.9949;-41.7041;7.72;
120.0215;77.6458;7.72;
120.7896;65.1358;7.72;
120.7955;-24.6068;7.72;
122.255;8.0395;7.72;
122.4936;1.0205;7.72;
123.1456;-36.6672;7.72;
123.7529;-30.8571;7.72;
123.8884;11.4309;7.72;
124.6339;-52.7067;7.72;
125.598;10.6618;7.72;
125.9668;32.2935;7.72;
126.5742;-32.9468;7.72;
127.4317;-48.0263;7.72;
128.0132;-31.7114;7.72;
128.3289;-63.8445;7.72;
129.2853;-26.0731;7.72;
130.2647;-64.3348;7.72;
133.1477;-15.7517;7.72;
134.8671;-58.7409;7.72;
135.285;-47.2514;7.72;
136.8501;-59.1498;7.72;
136.9857;-50.4824;7.72;
137.3657;63.2671;7.72;
140.7658;-59.5564;7.72;
140.9462;20.3645;7.72;
141.0879;34.3429;7.72;
141.239;-67.9215;7.72;
141.3724;30.4932;7.72;
142.2187;12.584;7.72;
142.9595;-72.4684;7.72;
143.6244;-40.4658;7.72;
144.5925;-3.8548;7.72;
145.1735;-6.8891;7.72;
146.0109;-51.3675;7.72;
146.8454;2.3152;7.72;
147.2651;-63.0223;7.72;
148.0679;36.3003;7.72;
148.1212;31.5426;7.72;
148.2349;-26.7556;7.72;
148.4799;-33.235;7.72;
148.9489;-20.7474;7.72;
149.2309;28.0963;7.72;
150.6149;57.2837;7.72;
151.4623;64.4132;7.72;
151.8909;-6.4392;7.72;
152.553;-30.8985;7.72;
153.885;-47.9928;7.72;
154.8985;-5.2274;7.72;
155.5969;-4.4254;7.72;
157.7707;-24.1798;7.72;
160.0406;-16.3724;7.72;
160.8678;-29.0643;7.72;
163.3427;13.1187;7.72;
165.9989;-74.248;7.72;
166.2637;-59.7136;7.72;
167.6583;42.4263;7.72;
167.8959;-41.6644;7.72;
168.2065;56.4027;7.72;
168.3265;27.1749;7.72;
169.6737;-74.1906;7.72;
171.3193;29.7586;7.72;
171.8068;55.2197;7.72;
179.9509;79.5953;7.72;
180.7126;-68.5849;7.72;
181.1579;-55.4308;7.72;
183.1032;-11.6592;7.72;
184.9474;6.0412;7.72;
185.292;41.483;7.72;
186.4191;-0.2822;7.72;
186.6911;-0.1833;7.72;
187.2224;-37.9669;7.72;
189.008;25.4236;7.72;
189.1681;-21.3066;7.72;
190.1945;-57.6314;7.72;
190.9525;-9.7686;7.72;
191.3604;14.3636;7.72;
193.7607;-62.5589;7.72;
194.589;-58.4705;7.72;
196.1638;39.3235;7.72;
200.7388;51.6531;7.72;
210.2642;32.4894;7.72;
212.4823;-44.284;7.72;
213.6539;-5.3268;7.72;
214.0845;6.0811;7.72;
214.8602;-75.1793;7.72;
215.2097;-19.3323;7.72;
215.9299;-60.2128;7.72;
216.4784;4.8573;7.72;
216.9015;59.7228;7.72;
217.4581;-25.5429;7.72;
222.728;62.7804;7.72;
222.81;-13.607;7.72;
224.6779;-12.7684;7.72;
225.4529;-31.544;7.72;
226.0289;-6.8874;7.72;
227.063;57.657;7.72;
228.096;38.9876;7.72;
228.642;-63.6302;7.72;
229.426;-4.4945;7.72;
229.4517;-45.9224;7.72;
229.9678;-75.329;7.72;
231.1216;81.895;7.72;
231.9256;6.1013;7.72;
234.0344;-21.7465;7.72;
234.4807;50.0822;7.72;
236.2529;-63.2081;7.72;
236.2765;-35.1019;7.72;
236.4435;-25.4956;7.72;
238.7377;-49.4027;7.72;
239.9839;-58.048;7.72;
243.4493;28.7322;7.72;
244.9983;-40.8182;7.72;
247.0685;-57.2116;7.72;
247.3944;4.576;7.72;
247.5971;-37.9725;7.72;
248.112;27.7095;7.72;
249.4334;19.5569;7.72;
250.593;-54.1734;7.72;
252.8037;29.5711;7.72;
255.1059;-37.9372;7.72;
255.7261;14.663;7.72;
255.7614;29.4794;7.72;
257.7713;-43.4896;7.72;
257.9306;-4.6406;7.72;
262.3053;10.8993;7.72;
263.7215;17.8088;7.72;
263.9491;73.0776;7.72;
264.6068;-68.5229;7.72;
265.5612;-48.6423;7.72;
266.3236;-45.637;7.72;
266.9273;-62.0328;7.72;
267.6454;7.2328;7.72;
268.3992;4.859;7.72;
268.4157;-63.9598;7.72;
269.0838;62.6101;7.72;
269.1992;-40.3855;7.72;
270.0782;52.8544;7.72;
270.347;65.9487;7.72;
270.7681;-8.3402;7.72;
272.3097;-57.7866;7.72;
272.6322;65.3807;7.72;
273.1001;-7.297;7.72;
273.6804;19.049;7.72;
274.4653;-67.3571;7.72;
274.5353;-8.6337;7.72;
278.7623;-71.3241;7.72;
280.2487;41.9172;7.72;
281.2118;-33.3839;7.72;
282.4852;-67.2869;7.72;
284.9227;-40.6227;7.72;
284.9624;11.4449;7.72;
285.1331;41.6842;7.72;
286.051;33.3213;7.72;
286.3011;31.4392;7.72;
287.5303;0.932;7.72;
287.8302;-20.3473;7.72;
290.419;26.6354;7.72;
292.4757;13.1375;7.72;
294.1773;13.3625;7.72;
296.1868;18.7285;7.72;
297.6615;53.9113;7.72;
297.9882;37.3759;7.72;
298.219;41.0805;7.72;
300.0562;7.2879;7.72;
300.251;-12.2557;7.72;
300.3077;-38.6792;7.72;
304.2022;39.6973;7.72;
304.2324;-59.6433;7.72;
304.8882;-19.9128;7.72;
305.0615;-29.131;7.72;
305.1106;-29.191;7.72;
305.2299;-16.8298;7.72;
305.6512;-48.8654;7.72;
306.1843;-71.6592;7.72;
308.0265;22.0141;7.72;
311.8748;9.8644;7.72;
312.2672;-12.6106;7.72;
315.5913;37.6539;7.72;
316.2705;-32.8262;7.72;
316.9929;-15.6237;7.72;
317.4295;-50.9104;7.72;
318.1847;49.3296;7.72;
318.3087;35.4896;7.72;
320.7254;18.0619;7.72;
323.1345;11.8507;7.72;
323.2477;-59.7001;7.72;
323.569;-13.4837;7.72;
324.0585;6.1372;7.72;
327.4281;24.0891;7.72;
327.9521;59.9305;7.72;
327.9857;9.0795;7.72;
328.1682;-19.5223;7.72;
328.8743;44.9485;7.72;
328.8807;10.8801;7.72;
330.1621;-14.1643;7.72;
332.9343;49.9365;7.72;
333.2742;-59.6917;7.72;
334.2283;33.5719;7.72;
334.6878;25.7741;7.72;
335.0037;-22.0189;7.72;
336.1723;63.5704;7.72;
337.1763;-33.7707;7.72;
337.3332;27.428;7.72;
343.3616;-28.4156;7.72;
349.2848;-20.6849;7.72;
350.1048;-43.1494;7.72;
351.6155;-63.2369;7.72;
352.7715;18.7789;7.72;
355.996;17.5116;7.72;
356.2302;50.5874;7.72;
356.5028;62.67;7.72;
357.8672;-32.4303;7.72;
358.8851;3.5014;7.72;
359.3855;61.9913;7.72;
359.7876;41.2017;7.72;
0.3278;70.9289;7.73;
1.261;-36.0151;7.73;
4.6513;35.99;7.73;
5.357;28.3262;7.73;
6.3525;39.8298;7.73;
6.8751;-31.8282;7.73;
7.0831;-64.7297;7.73;
7.7738;-48.641;7.73;
11.2303;3.201;7.73;
11.4048;29.1897;7.73;
11.989;-9.3465;7.73;
12.1034;49.7163;7.73;
13.1209;79.8405;7.73;
15.4431;47.7052;7.73;
16.5132;-41.8363;7.73;
21.0838;58.9464;7.73;
22.0305;-28.0513;7.73;
24.0678;59.4593;7.73;
25.9691;-7.4794;7.73;
28.4121;39.8831;7.73;
29.2556;31.0227;7.73;
32.1137;-0.4193;7.73;
32.444;13.1758;7.73;
34.0925;31.0437;7.73;
34.15;49.8199;7.73;
34.8553;-61.9381;7.73;
34.9831;-6.3218;7.73;
36.0138;-54.3612;7.73;
39.2304;59.8836;7.73;
40.213;31.4191;7.73;
44.4982;-2.3367;7.73;
46.3762;20.9024;7.73;
58.0329;-3.5969;7.73;
59.9362;48.1512;7.73;
60.5716;-1.6327;7.73;
62.2994;36.4275;7.73;
62.4378;-12.5608;7.73;
62.7937;15.6262;7.73;
67.431;-29.0298;7.73;
67.4505;17.6776;7.73;
69.7455;36.5465;7.73;
72.6409;15.0835;7.73;
74.6928;29.8436;7.73;
77.6115;-77.2171;7.73;
77.6806;-48.4554;7.73;
78.2419;70.9702;7.73;
79.2453;54.1738;7.73;
80.5249;7.0896;7.73;
83.6601;6.1269;7.73;
84.5048;78.3586;7.73;
85.4001;-3.7312;7.73;
87.2041;27.3638;7.73;
87.3432;-44.6825;7.73;
88.3106;-32.8066;7.73;
88.6928;-53.5755;7.73;
89.0329;63.2817;7.73;
89.3304;26.8535;7.73;
90.3347;-13.0266;7.73;
91.9121;21.8732;7.73;
94.4404;29.2197;7.73;
94.4408;-51.4413;7.73;
94.6873;-35.9103;7.73;
95.4056;-18.1667;7.73;
97.0118;-21.7981;7.73;
97.0848;-0.7294;7.73;
100.146;17.6407;7.73;
102.0929;5.5417;7.73;
102.5102;-55.9036;7.73;
103.7996;-9.3212;7.73;
104.7162;21.6144;7.73;
104.7826;68.7532;7.73;
105.1638;12.74;7.73;
108.2091;-11.6003;7.73;
108.548;-12.8099;7.73;
108.7128;7.225;7.73;
109.1767;-13.4547;7.73;
110.4865;-38.9368;7.73;
112.2574;31.9938;7.73;
112.3809;-38.1227;7.73;
112.6667;-15.9946;7.73;
113.9995;-9.3125;7.73;
115.3097;-39.2364;7.73;
115.9521;-36.2185;7.73;
116.0656;-17.8639;7.73;
116.1692;-54.6401;7.73;
116.8367;47.3382;7.73;
117.7757;31.616;7.73;
119.2368;11.6883;7.73;
119.4629;-79.6327;7.73;
120.7286;-36.2197;7.73;
121.3132;-39.0535;7.73;
121.9846;-1.3495;7.73;
122.2326;-33.2464;7.73;
122.5277;-84.4449;7.73;
122.6991;-38.2689;7.73;
123.1404;50.0091;7.73;
123.474;7.7327;7.73;
123.7104;-69.6226;7.73;
123.7252;40.5785;7.73;
124.3153;-5.3691;7.73;
125.0943;-25.8203;7.73;
125.2097;-41.071;7.73;
125.8334;-44.9657;7.73;
125.8666;-45.6119;7.73;
127.0772;56.6015;7.73;
130.2172;9.8242;7.73;
130.9148;42.6817;7.73;
131.6534;65.4553;7.73;
134.6959;-31.9661;7.73;
135.3461;-7.9241;7.73;
138.4692;-0.1871;7.73;
139.0419;-21.1973;7.73;
139.7813;-2.458;7.73;
140.0297;-58.9342;7.73;
141.2526;-77.2523;7.73;
142.8472;-8.1445;7.73;
143.4539;52.4439;7.73;
144.5706;1.8351;7.73;
144.9032;-29.8713;7.73;
145.8847;-56.9529;7.73;
146.2206;28.7085;7.73;
146.2845;-41.1615;7.73;
146.9716;-66.8628;7.73;
147.3879;20.7941;7.73;
148.3469;-17.9261;7.73;
149.3545;68.4803;7.73;
153.6416;-55.2934;7.73;
153.9443;-52.6437;7.73;
154.9747;20.4042;7.73;
156.626;59.1533;7.73;
156.8894;39.3323;7.73;
157.0772;-52.5617;7.73;
158.1821;-32.5597;7.73;
160.0651;-6.6905;7.73;
161.8205;22.5756;7.73;
163.4231;-61.6655;7.73;
165.5505;-48.7984;7.73;
166.7145;-23.5558;7.73;
167.5097;-60.0951;7.73;
167.7516;80.9489;7.73;
168.1515;-35.4027;7.73;
168.5977;-34.981;7.73;
170.4648;-33.3012;7.73;
171.1628;-29.1798;7.73;
172.1065;-45.7743;7.73;
172.2572;63.5735;7.73;
172.5075;24.8845;7.73;
174.3198;-0.578;7.73;
178.1758;-37.9868;7.73;
179.759;-74.0085;7.73;
179.7639;-58.4464;7.73;
181.8046;-6.084;7.73;
182.7187;-33.4682;7.73;
185.9617;54.1585;7.73;
187.3877;56.3319;7.73;
190.6494;-5.4682;7.73;
191.9535;19.0243;7.73;
192.428;-6.8802;7.73;
195.4089;56.9495;7.73;
196.9665;-19.0357;7.73;
201.031;-4.5366;7.73;
201.2482;-37.036;7.73;
201.2655;-15.6323;7.73;
203.9041;-48.5176;7.73;
204.7266;-2.5307;7.73;
205.1236;32.8359;7.73;
205.4942;74.6205;7.73;
205.744;50.0267;7.73;
206.3807;84.5133;7.73;
207.3573;-59.9226;7.73;
207.7045;-11.3588;7.73;
209.4393;11.9624;7.73;
213.6744;-27.7618;7.73;
217.6522;-29.3099;7.73;
218.8633;-5.8329;7.73;
219.2341;48.2216;7.73;
220.436;9.5277;7.73;
220.8646;-30.2082;7.73;
221.9192;65.2519;7.73;
222.7619;12.1641;7.73;
223.5032;-5.5715;7.73;
226.0082;-28.0615;7.73;
226.5104;57.7516;7.73;
228.3831;5.0442;7.73;
232.1612;-8.7473;7.73;
233.5755;-68.6139;7.73;
236.024;52.9054;7.73;
239.1894;-13.5757;7.73;
239.7045;16.2111;7.73;
242.9636;-25.8836;7.73;
243.316;82.6319;7.73;
243.8153;-0.6383;7.73;
244.0154;-30.6218;7.73;
244.1772;38.645;7.73;
245.789;80.3514;7.73;
247.8337;57.839;7.73;
247.9763;26.0319;7.73;
248.2228;-50.9977;7.73;
248.4438;7.5702;7.73;
251.9836;-28.9571;7.73;
252.5076;14.0342;7.73;
253.0193;-14.803;7.73;
253.4091;74.2917;7.73;
253.6777;40.7088;7.73;
255.2805;11.3409;7.73;
255.4806;-37.3015;7.73;
255.6289;29.2971;7.73;
255.9962;-28.2563;7.73;
256.5497;-38.6253;7.73;
260.6041;15.1369;7.73;
262.0493;-31.2072;7.73;
262.8913;50.6788;7.73;
263.6842;32.4172;7.73;
265.4463;50.4861;7.73;
267.6387;23.2559;7.73;
271.9968;39.9234;7.73;
273.2011;-16.5757;7.73;
274.0193;-11.1799;7.73;
276.1292;-37.2269;7.73;
277.1786;51.9451;7.73;
277.7236;-27.9518;7.73;
277.7685;4.627;7.73;
277.9767;59.42;7.73;
278.6386;-14.5687;7.73;
278.9046;40.7696;7.73;
279.6529;16.5409;7.73;
280.7947;-71.2884;7.73;
283.6703;19.8426;7.73;
285.7234;5.3427;7.73;
287.1585;38.5089;7.73;
292.1204;-75.1739;7.73;
292.5356;-18.2432;7.73;
292.7498;-2.0347;7.73;
293.4311;-4.7419;7.73;
293.6084;-12.9267;7.73;
293.9882;-36.8051;7.73;
295.7797;26.9319;7.73;
296.509;67.738;7.73;
297.9935;31.6029;7.73;
298.543;-26.6961;7.73;
299.9465;-50.8558;7.73;
300.0683;-52.6868;7.73;
303.2121;16.0955;7.73;
304.1147;25.8737;7.73;
304.6656;40.2269;7.73;
304.7587;44.8773;7.73;
306.6693;1.9161;7.73;
306.6824;40.3472;7.73;
306.9307;14.456;7.73;
307.6427;-5.3896;7.73;
310.1473;-27.5866;7.73;
310.5837;12.6328;7.73;
310.9589;39.4596;7.73;
311.0891;36.7136;7.73;
312.2868;40.9155;7.73;
313.8194;43.7905;7.73;
314.4582;67.7635;7.73;
315.0014;42.9313;7.73;
315.7329;28.9849;7.73;
316.574;7.507;7.73;
317.0055;21.7646;7.73;
317.7574;55.3322;7.73;
318.2494;2.8026;7.73;
319.3387;31.8994;7.73;
320.8305;9.4533;7.73;
321.8551;-23.6158;7.73;
322.5208;-52.1349;7.73;
327.5584;-0.606;7.73;
328.6877;32.3286;7.73;
330.1009;49.0517;7.73;
331.3113;39.6801;7.73;
332.6155;16.7081;7.73;
333.1605;-54.2908;7.73;
334.6567;10.3552;7.73;
334.9359;52.8813;7.73;
337.1064;51.3062;7.73;
337.7741;50.3647;7.73;
338.2812;68.505;7.73;
339.8765;-7.6046;7.73;
340.7415;0.4019;7.73;
343.1668;-2.6259;7.73;
344.1029;13.0545;7.73;
344.358;-3.1574;7.73;
344.4931;-45.1583;7.73;
348.302;41.4828;7.73;
349.7234;-28.7409;7.73;
350.7267;-57.625;7.73;
355.0506;45.0737;7.73;
358.1869;-8.8949;7.73;
359.3318;-46.1103;7.73;
359.8824;54.6885;7.73;
0.6939;80.2823;7.74;
2.6004;58.4895;7.74;
4.1312;-66.6901;7.74;
4.1855;36.4915;7.74;
5.9105;2.743;7.74;
7.6899;47.5299;7.74;
9.5281;-27.6211;7.74;
9.6877;-85.4124;7.74;
11.9596;-10.9042;7.74;
12.653;24.2167;7.74;
14.055;-7.5773;7.74;
14.4579;-63.7741;7.74;
14.6118;63.7136;7.74;
15.2113;4.834;7.74;
15.9195;5.2354;7.74;
16.0259;31.5023;7.74;
18.1252;-9.2237;7.74;
19.3413;-37.27;7.74;
19.5126;-34.1375;7.74;
21.6346;53.13;7.74;
22.2704;21.7232;7.74;
24.8999;28.111;7.74;
26.7898;63.6538;7.74;
30.961;33.6981;7.74;
31.6648;10.4775;7.74;
32.4091;-48.5991;7.74;
32.4175;42.0083;7.74;
32.9515;-54.0487;7.74;
34.5606;-67.7886;7.74;
35.2784;80.7266;7.74;
37.6637;43.679;7.74;
38.3214;-26.291;7.74;
41.5283;36.2669;7.74;
41.7854;42.1754;7.74;
42.2182;-46.3469;7.74;
44.5956;72.6728;7.74;
45.7941;1.3682;7.74;
47.419;17.2609;7.74;
48.2205;-28.7735;7.74;
48.4788;-6.6647;7.74;
51.0624;67.4552;7.74;
53.5186;-41.3386;7.74;
54.7056;-20.2158;7.74;
55.6913;7.903;7.74;
57.6464;-11.9956;7.74;
58.7889;-4.9749;7.74;
60.3951;38.6655;7.74;
61.2436;58.6598;7.74;
66.8361;-5.844;7.74;
66.9781;43.3311;7.74;
67.1757;20.6774;7.74;
67.6427;-2.2296;7.74;
68.852;37.4991;7.74;
70.1768;-28.2012;7.74;
70.828;-82.5198;7.74;
71.0209;-76.3055;7.74;
72.2894;-35.0833;7.74;
72.3078;-41.587;7.74;
72.4276;-6.4168;7.74;
75.6944;46.6602;7.74;
76.6429;38.5222;7.74;
76.6759;14.4462;7.74;
77.8708;44.7335;7.74;
78.3552;-18.5586;7.74;
79.517;13.4177;7.74;
79.6967;52.831;7.74;
82.889;64.3188;7.74;
82.9865;51.2378;7.74;
83.5395;78.3229;7.74;
83.6904;6.5538;7.74;
84.3055;4.7686;7.74;
84.5494;51.4457;7.74;
88.7394;-12.9388;7.74;
89.0852;53.5543;7.74;
90.4633;-3.6814;7.74;
91.7603;65.4018;7.74;
92.5606;30.5497;7.74;
94.0388;19.0552;7.74;
94.4995;28.0068;7.74;
94.6099;49.1859;7.74;
95.0505;19.8741;7.74;
95.3671;62.4012;7.74;
96.8858;76.0204;7.74;
97.012;5.9225;7.74;
97.6646;-17.922;7.74;
97.9627;-68.1197;7.74;
99.1505;1.054;7.74;
99.866;66.1623;7.74;
100.1956;33.0255;7.74;
100.4478;14.4134;7.74;
102.2383;20.5639;7.74;
105.18;-61.1418;7.74;
106.2509;-31.5261;7.74;
106.7536;49.4712;7.74;
107.1925;-25.6177;7.74;
107.2524;-28.1592;7.74;
108.4673;-49.9366;7.74;
108.7112;18.5619;7.74;
108.8397;57.2992;7.74;
108.9616;-13.0495;7.74;
109.2806;-13.9898;7.74;
109.8296;-0.3339;7.74;
110.6584;52.8383;7.74;
110.7653;20.5554;7.74;
111.1204;-12.2015;7.74;
111.7381;59.1518;7.74;
112.0924;-7.1589;7.74;
113.0332;-29.6351;7.74;
113.6063;14.1011;7.74;
113.8857;-26.1538;7.74;
114.1026;18.1818;7.74;
116.4686;65.1578;7.74;
117.8239;-11.1718;7.74;
119.4098;-19.1411;7.74;
119.4935;32.941;7.74;
120.7287;-40.2263;7.74;
120.9251;-29.419;7.74;
121.2155;4.1414;7.74;
121.6634;-17.2972;7.74;
122.5269;-6.7452;7.74;
122.9087;6.1691;7.74;
124.3723;-3.9896;7.74;
124.7251;-45.0362;7.74;
126.4129;-71.0507;7.74;
127.2832;-0.3001;7.74;
127.7696;-66.8651;7.74;
128.5662;45.1967;7.74;
129.7944;-16.0327;7.74;
130.2566;-48.0675;7.74;
132.6968;-26.1183;7.74;
134.3765;-10.0918;7.74;
134.7036;81.2854;7.74;
136.1637;1.9103;7.74;
136.4848;55.3897;7.74;
138.0145;-53.9621;7.74;
138.3526;-60.1835;7.74;
138.9951;-27.1959;7.74;
139.2956;-47.7355;7.74;
140.0593;65.0117;7.74;
140.4299;28.5002;7.74;
140.6188;-50.2354;7.74;
144.1214;10.8463;7.74;
144.482;-36.926;7.74;
145.1587;-21.5816;7.74;
148.0699;49.1908;7.74;
149.5159;62.1296;7.74;
150.1317;15.8642;7.74;
153.8878;47.3694;7.74;
154.3543;23.2333;7.74;
156.2034;75.6759;7.74;
156.8318;-17.4151;7.74;
159.3013;-45.4811;7.74;
160.0519;38.4032;7.74;
160.8346;62.2124;7.74;
161.1362;-57.5654;7.74;
162.6918;-64.4795;7.74;
163.6742;-54.5603;7.74;
166.7157;6.6982;7.74;
167.2718;-20.5136;7.74;
168.0677;-65.2189;7.74;
169.2228;41.7257;7.74;
170.0392;17.1149;7.74;
171.4377;-63.8089;7.74;
172.479;-55.3188;7.74;
173.3045;-67.0546;7.74;
175.2999;-50.1935;7.74;
177.2468;-51.4086;7.74;
178.7797;3.2186;7.74;
180.6755;24.4465;7.74;
180.8857;-32.2578;7.74;
181.9684;-49.9726;7.74;
182.8117;-52.2176;7.74;
183.4195;-27.3211;7.74;
184.07;-56.286;7.74;
185.0791;-66.2836;7.74;
190.5676;4.2926;7.74;
191.7822;32.5677;7.74;
192.2701;-69.3924;7.74;
193.0508;-0.929;7.74;
195.9125;-16.3366;7.74;
195.9633;-25.8019;7.74;
196.9131;-14.1881;7.74;
202.527;-56.6746;7.74;
203.2528;-39.9722;7.74;
204.8243;-12.0921;7.74;
205.2377;-39.7174;7.74;
208.5386;28.3279;7.74;
210.8346;70.2881;7.74;
211.9358;-53.6911;7.74;
212.941;-19.0176;7.74;
213.0609;44.1896;7.74;
213.351;5.4009;7.74;
214.6538;75.6688;7.74;
216.0286;41.0394;7.74;
218.3282;-56.216;7.74;
218.815;-9.0955;7.74;
220.2753;45.4134;7.74;
220.3292;-11.3643;7.74;
225.4331;0.7148;7.74;
225.4719;-47.0075;7.74;
229.4896;83.8595;7.74;
229.9984;60.3397;7.74;
231.0748;9.0875;7.74;
231.4671;-18.5159;7.74;
231.7296;-62.7658;7.74;
234.1496;-17.0152;7.74;
234.2946;-78.8774;7.74;
234.5418;-41.56;7.74;
237.5685;-47.0239;7.74;
238.217;-37.3986;7.74;
239.1994;-23.1841;7.74;
241.8343;-13.1347;7.74;
241.9094;28.9954;7.74;
243.1638;-39.7421;7.74;
243.4681;16.4343;7.74;
243.9453;-25.1215;7.74;
246.3453;-47.5287;7.74;
248.4629;-14.4666;7.74;
249.1892;52.2563;7.74;
254.7433;31.47;7.74;
256.0085;-27.2152;7.74;
256.0643;36.753;7.74;
257.3747;-47.2609;7.74;
259.8319;67.2822;7.74;
260.1037;16.0992;7.74;
260.5391;5.214;7.74;
261.3545;15.5491;7.74;
264.5023;6.4833;7.74;
264.7689;2.0542;7.74;
265.8164;32.9844;7.74;
266.9091;73.1327;7.74;
267.0801;-1.8083;7.74;
270.5952;-5.7353;7.74;
270.7256;-67.8522;7.74;
271.9491;67.4163;7.74;
274.2488;-19.0758;7.74;
274.4285;-1.4644;7.74;
274.7548;-3.1686;7.74;
275.2878;-17.3816;7.74;
276.3947;27.694;7.74;
277.9842;-59.5626;7.74;
279.4151;-42.9555;7.74;
282.4581;40.736;7.74;
284.1573;-48.0757;7.74;
285.4694;-32.5972;7.74;
287.1783;-45.0762;7.74;
289.2035;-28.6671;7.74;
290.7758;-43.2107;7.74;
291.7221;35.9068;7.74;
292.169;21.9813;7.74;
297.0015;-17.48;7.74;
297.9625;41.3488;7.74;
299.3366;-39.3846;7.74;
299.5418;-35.1881;7.74;
299.5975;28.9882;7.74;
300.129;-19.8571;7.74;
300.3824;30.218;7.74;
300.4176;62.1531;7.74;
302.116;45.1966;7.74;
302.6297;14.5611;7.74;
304.2497;-31.208;7.74;
305.4216;-50.7765;7.74;
306.4411;67.1414;7.74;
307.3064;37.5127;7.74;
307.9419;-28.0734;7.74;
308.0553;-22.1548;7.74;
308.2371;2.4275;7.74;
309.5498;-50.6228;7.74;
309.7386;-8.3994;7.74;
310.6692;-10.9697;7.74;
312.3545;-11.4549;7.74;
313.4824;-26.3198;7.74;
314.5125;6.8969;7.74;
314.6068;39.4779;7.74;
315.9468;54.3444;7.74;
316.9171;48.8552;7.74;
317.0267;38.5291;7.74;
317.6223;-28.4911;7.74;
318.0198;1.6336;7.74;
318.0703;53.8315;7.74;
318.1183;44.5317;7.74;
319.5979;-46.2478;7.74;
319.6683;50.1824;7.74;
321.2895;18.4626;7.74;
322.6655;55.8938;7.74;
326.7228;0.8508;7.74;
327.3104;50.5151;7.74;
328.7241;15.2255;7.74;
329.5967;44.1457;7.74;
330.0278;26.7838;7.74;
330.3276;-17.5166;7.74;
333.7819;-25.648;7.74;
333.861;18.6032;7.74;
334.6158;63.2229;7.74;
337.1245;52.8651;7.74;
337.3869;-0.2051;7.74;
337.8126;50.8724;7.74;
338.0392;-13.5978;7.74;
339.8943;-12.6152;7.74;
345.3915;45.5102;7.74;
345.4037;36.9853;7.74;
345.997;-55.6978;7.74;
347.622;41.3219;7.74;
349.8473;-53.4199;7.74;
350.22;-10.5325;7.74;
350.2368;-18.9886;7.74;
351.4708;-20.616;7.74;
351.9312;1.887;7.74;
352.206;72.2302;7.74;
352.4137;49.1071;7.74;
352.8529;16.2187;7.74;
353.423;-2.2445;7.74;
356.5781;-13.3643;7.74;
357.4713;62.2141;7.74;
1.4352;17.8403;7.75;
2.6208;51.9123;7.75;
2.8815;-34.4601;7.75;
3.8178;-6.1382;7.75;
4.2508;53.2433;7.75;
4.8927;-21.8073;7.75;
7.2132;8.3839;7.75;
12.4437;70.4495;7.75;
14.3134;26.9995;7.75;
14.4914;-20.6762;7.75;
14.7391;52.5195;7.75;
15.4151;7.3053;7.75;
16.6404;62.6708;7.75;
20.7609;-16.5603;7.75;
29.2639;-33.9398;7.75;
29.5232;76.37;7.75;
30.8771;69.5823;7.75;
31.5623;25.1088;7.75;
32.0302;11.1905;7.75;
33.0954;29.2029;7.75;
33.1232;32.1497;7.75;
34.3531;28.7418;7.75;
36.0424;40.0946;7.75;
39.8045;58.8432;7.75;
41.1359;5.6578;7.75;
43.6347;48.1451;7.75;
47.9445;-14.9258;7.75;
48.8492;-38.9998;7.75;
50.1595;26.9274;7.75;
50.2142;57.8747;7.75;
50.7337;-41.2559;7.75;
53.1337;31.648;7.75;
56.3833;21.2467;7.75;
57.5843;-5.0761;7.75;
58.3445;-54.8506;7.75;
58.4074;64.7135;7.75;
59.0848;44.9375;7.75;
59.5644;7.6053;7.75;
64.5638;-52.9023;7.75;
64.7877;13.7206;7.75;
64.8283;9.299;7.75;
66.8608;-29.1966;7.75;
67.4938;62.7065;7.75;
68.4761;64.6332;7.75;
70.2032;-56.0308;7.75;
70.6322;-20.9731;7.75;
71.146;44.7666;7.75;
71.2021;-44.5522;7.75;
71.6101;-35.8061;7.75;
71.9723;45.4894;7.75;
74.2208;-52.8499;7.75;
75.2355;-42.003;7.75;
76.2124;-52.1809;7.75;
80.2673;42.5043;7.75;
81.6093;-14.0492;7.75;
82.0548;-32.8229;7.75;
82.53;-43.5795;7.75;
84.3895;74.6888;7.75;
85.4882;24.3185;7.75;
88.0331;-78.5877;7.75;
88.1274;50.7769;7.75;
90.8111;-0.6017;7.75;
91.2951;15.4491;7.75;
92.4449;0.9805;7.75;
92.9238;-27.231;7.75;
96.1525;12.8607;7.75;
96.9981;36.2024;7.75;
98.9069;32.5768;7.75;
100.4744;-39.7877;7.75;
102.1054;-37.5981;7.75;
103.7413;2.0428;7.75;
103.9271;-80.838;7.75;
105.3836;-27.8593;7.75;
105.9424;67.457;7.75;
107.6922;-11.5741;7.75;
108.1444;-36.2341;7.75;
108.9989;73.3224;7.75;
109.328;20.7446;7.75;
110.13;17.8646;7.75;
110.2526;10.1956;7.75;
110.9288;-28.4112;7.75;
111.288;-70.4038;7.75;
112.6638;49.9391;7.75;
112.7393;0.1556;7.75;
113.2589;-23.9343;7.75;
116.0667;-51.7853;7.75;
116.1119;-40.5504;7.75;
116.5129;-67.432;7.75;
117.9498;24.8207;7.75;
118.7448;39.7134;7.75;
121.1251;13.7745;7.75;
122.0156;14.3505;7.75;
122.0334;-36.4184;7.75;
122.9566;4.2745;7.75;
123.5546;-24.9325;7.75;
124.093;63.7301;7.75;
124.2384;-53.7025;7.75;
124.5958;-60.3112;7.75;
125.3563;-44.99;7.75;
128.3824;-2.9773;7.75;
130.1197;-21.0131;7.75;
130.8177;-39.1371;7.75;
132.5534;-36.6751;7.75;
132.8584;-45.6229;7.75;
132.9374;-6.7843;7.75;
133.7342;52.9564;7.75;
133.7942;2.6287;7.75;
136.4127;50.2949;7.75;
138.1671;16.5249;7.75;
139.951;-5.9918;7.75;
140.1448;-47.5668;7.75;
140.6924;15.7766;7.75;
140.8821;-15.8014;7.75;
142.1753;-10.2711;7.75;
142.9449;-3.3843;7.75;
143.0709;-47.1463;7.75;
144.8043;21.1974;7.75;
144.8645;-63.255;7.75;
146.127;-4.6573;7.75;
146.4995;-58.9971;7.75;
146.6279;-31.2745;7.75;
147.4702;16.8384;7.75;
150.0161;-5.0127;7.75;
150.7842;-59.8411;7.75;
151.8679;-42.9599;7.75;
152.3847;86.5764;7.75;
153.5347;3.1513;7.75;
154.8669;9.9203;7.75;
155.1686;69.0208;7.75;
155.6191;17.514;7.75;
156.1043;-38.5805;7.75;
158.8763;-69.8174;7.75;
159.0499;-57.8629;7.75;
162.0318;44.8019;7.75;
162.6096;-59.9824;7.75;
163.2594;4.962;7.75;
163.5261;-62.0424;7.75;
163.5338;54.8009;7.75;
165.0651;-46.6014;7.75;
165.156;3.7394;7.75;
170.3978;-31.5216;7.75;
172.4978;-17.8859;7.75;
174.4819;-28.2564;7.75;
176.1627;-60.8506;7.75;
176.1889;-55.8194;7.75;
177.0389;-16.5485;7.75;
177.8828;-40.6874;7.75;
182.3193;-66.1078;7.75;
183.5605;-58.8766;7.75;
184.7482;-33.2922;7.75;
185.2959;-56.774;7.75;
185.5825;-65.6084;7.75;
186.0425;-57.9183;7.75;
186.3671;48.3712;7.75;
188.3357;-57.7164;7.75;
188.7832;7.4427;7.75;
191.2255;33.0831;7.75;
192.9766;19.1681;7.75;
194.7477;-2.0816;7.75;
197.0464;-28.2047;7.75;
197.3359;6.9964;7.75;
198.0977;77.1945;7.75;
200.3971;-11.7471;7.75;
200.497;-49.9127;7.75;
200.8332;-24.6557;7.75;
201.167;66.1649;7.75;
204.2984;-47.0156;7.75;
204.6711;74.3101;7.75;
206.6312;-64.6755;7.75;
207.078;-64.6912;7.75;
208.8299;-57.1849;7.75;
211.0083;-44.6145;7.75;
212.4438;19.7402;7.75;
218.4032;-58.8208;7.75;
218.8962;-68.7391;7.75;
219.3037;-30.1766;7.75;
224.9313;35.1009;7.75;
224.972;8.4783;7.75;
226.3737;11.8572;7.75;
226.9906;-45.5794;7.75;
227.4238;0.7231;7.75;
230.4321;18.4394;7.75;
232.0574;-11.4489;7.75;
232.096;-6.0029;7.75;
232.1878;-44.8928;7.75;
232.9389;20.3774;7.75;
237.4123;23.6711;7.75;
237.8699;-64.1817;7.75;
237.9584;-8.0434;7.75;
238.8014;-25.7787;7.75;
238.9607;-35.676;7.75;
242.8461;7.4657;7.75;
243.3281;6.0376;7.75;
245.1409;-29.5149;7.75;
246.3299;45.3786;7.75;
248.6178;-6.1362;7.75;
249.3164;15.7109;7.75;
249.8501;-3.1057;7.75;
251.6054;20.0231;7.75;
253.3119;3.0208;7.75;
253.7412;-48.7883;7.75;
253.8846;-29.2769;7.75;
254.0602;-47.7246;7.75;
260.7589;0.8405;7.75;
262.7883;20.1871;7.75;
263.3625;-18.3398;7.75;
263.3941;-22.1717;7.75;
263.8805;-2.8917;7.75;
265.3988;28.2129;7.75;
265.6232;-2.4238;7.75;
265.6956;-50.001;7.75;
268.1423;1.7096;7.75;
268.5666;-4.2119;7.75;
272.3216;-38.6112;7.75;
275.0758;21.0736;7.75;
275.151;10.1039;7.75;
276.9577;0.2;7.75;
278.1994;24.6793;7.75;
278.3891;-50.2116;7.75;
278.4004;5.6067;7.75;
279.6532;-16.3101;7.75;
280.1745;10.9652;7.75;
282.1616;34.4436;7.75;
282.3144;-0.9815;7.75;
284.1845;-8.4289;7.75;
285.107;-17.4844;7.75;
285.8713;-76.1155;7.75;
287.1322;-30.9727;7.75;
287.4067;58.2754;7.75;
288.6957;26.73;7.75;
288.9533;38.3803;7.75;
289.8315;7.1437;7.75;
291.6757;-26.3184;7.75;
294.7084;33.3462;7.75;
294.9855;59.8411;7.75;
295.8437;47.2447;7.75;
297.1171;12.388;7.75;
299.2991;25.4888;7.75;
299.6416;-32.6291;7.75;
300.3142;-10.7811;7.75;
302.0097;-55.8417;7.75;
302.8868;33.9762;7.75;
304.7276;-23.894;7.75;
305.1764;27.7618;7.75;
305.2814;39.0316;7.75;
305.3748;-23.476;7.75;
305.5491;-16.78;7.75;
306.6927;39.4623;7.75;
307.1546;-4.4278;7.75;
307.3417;25.0742;7.75;
307.495;30.5566;7.75;
307.6654;-16.5509;7.75;
308.4927;14.7127;7.75;
309.4943;13.0924;7.75;
310.106;-29.1989;7.75;
310.7584;52.2955;7.75;
312.2204;11.8649;7.75;
312.2689;6.0839;7.75;
313.7256;-1.3758;7.75;
318.7363;-59.3117;7.75;
320.1953;-12.8862;7.75;
320.2324;3.1183;7.75;
325.4411;49.2992;7.75;
327.7352;-20.1888;7.75;
328.0278;-42.9795;7.75;
329.0127;-39.3091;7.75;
329.7896;-60.6079;7.75;
331.1459;-4.8401;7.75;
334.9543;-4.0663;7.75;
337.742;-14.567;7.75;
338.0389;15.8253;7.75;
338.6514;48.7562;7.75;
342.039;5.8791;7.75;
342.521;-66.0505;7.75;
345.6308;-49.6967;7.75;
346.6373;46.9236;7.75;
347.0074;3.573;7.75;
348.3271;-30.0542;7.75;
348.8556;6.1795;7.75;
351.0066;-27.2809;7.75;
356.1218;55.4911;7.75;
356.4426;26.3355;7.75;
357.3858;-5.553;7.75;
357.7618;-41.5999;7.75;
359.2591;79.7569;7.75;
0.7522;-34.7439;7.76;
2.1287;-6.7922;7.76;
2.1475;53.2541;7.76;
8.3748;40.1056;7.76;
8.3854;-61.1472;7.76;
9.8942;49.5733;7.76;
13.2474;39.0434;7.76;
13.7905;46.8829;7.76;
15.3879;-71.5495;7.76;
19.6201;-20.1905;7.76;
19.6778;-13.3968;7.76;
21.1414;-45.7213;7.76;
21.3689;74.1153;7.76;
21.6186;77.6787;7.76;
22.7566;-51.2154;7.76;
24.5189;-10.3401;7.76;
35.7698;70.3432;7.76;
36.3286;27.6838;7.76;
37.3407;-35.9416;7.76;
38.7208;1.245;7.76;
39.0787;-38.7298;7.76;
40.3637;-71.4625;7.76;
40.7104;-71.2045;7.76;
41.6415;-6.7019;7.76;
42.7235;23.7412;7.76;
44.8938;-4.1164;7.76;
45.0296;-3.6729;7.76;
45.7308;-21.8452;7.76;
45.957;-60.8408;7.76;
46.1946;-52.8293;7.76;
46.44;32.0308;7.76;
46.8415;72.9863;7.76;
48.815;-12.9873;7.76;
49.5632;12.8238;7.76;
49.6718;-14.254;7.76;
50.6126;-65.7816;7.76;
52.0134;78.4788;7.76;
53.7762;-35.9376;7.76;
54.784;9.1437;7.76;
56.4355;58.8558;7.76;
58.4829;74.666;7.76;
60.4862;-50.5081;7.76;
61.5484;76.4154;7.76;
61.5544;8.5029;7.76;
62.2983;78.9559;7.76;
62.3474;36.0344;7.76;
62.6044;42.174;7.76;
62.6842;-11.3314;7.76;
64.8074;61.584;7.76;
64.9722;-14.5915;7.76;
65.8945;59.7326;7.76;
66.111;2.4908;7.76;
66.3946;-16.4185;7.76;
67.1754;79.7019;7.76;
67.7017;-23.4078;7.76;
67.7818;70.339;7.76;
69.31;30.3999;7.76;
69.4676;60.6762;7.76;
69.9916;-71.5056;7.76;
73.6697;-28.8811;7.76;
74.2155;33.9771;7.76;
77.5603;30.5747;7.76;
78.9736;34.4271;7.76;
79.0606;-3.4831;7.76;
79.5937;0.5931;7.76;
80.2563;39.6219;7.76;
80.4555;51.4862;7.76;
80.6562;2.6032;7.76;
81.0683;-74.6328;7.76;
83.0213;-23.4297;7.76;
83.5573;-18.3385;7.76;
83.7314;49.0633;7.76;
84.9882;-30.6362;7.76;
86.049;33.1001;7.76;
86.5091;79.6207;7.76;
88.4948;12.4194;7.76;
89.0537;25.3299;7.76;
89.4797;46.7069;7.76;
89.9411;-15.8046;7.76;
91.16;8.2212;7.76;
92.3353;-18.4965;7.76;
93.434;19.3334;7.76;
94.0634;-59.2193;7.76;
94.0745;9.0277;7.76;
94.5588;-72.1322;7.76;
94.6634;38.2356;7.76;
94.7727;-41.0744;7.76;
97.6109;55.6965;7.76;
98.4435;7.24;7.76;
98.4767;4.6624;7.76;
99.6374;12.7383;7.76;
99.6793;75.7068;7.76;
99.7938;0.4031;7.76;
102.4583;39.4791;7.76;
102.7264;11.6638;7.76;
103.4712;39.1697;7.76;
104.4417;20.4664;7.76;
104.5436;60.79;7.76;
104.7384;-4.0185;7.76;
104.7451;71.932;7.76;
106.6484;76.1715;7.76;
107.6007;-30.0555;7.76;
108.0772;36.1271;7.76;
108.1204;-61.3817;7.76;
109.2212;-9.7311;7.76;
109.8495;22.0245;7.76;
110.6855;77.8963;7.76;
111.2694;-43.3872;7.76;
112.6514;4.5543;7.76;
112.679;-9.31;7.76;
114.0108;-22.2936;7.76;
114.3796;31.6137;7.76;
114.5495;-51.6448;7.76;
114.7604;75.7862;7.76;
117.0788;-28.3585;7.76;
117.1273;-12.2186;7.76;
118.5524;-3.5452;7.76;
118.7253;19.2363;7.76;
119.9214;4.887;7.76;
121.8888;-45.1477;7.76;
121.8897;-49.2703;7.76;
122.3845;5.9269;7.76;
122.5261;-32.9184;7.76;
122.6435;-39.6645;7.76;
124.5863;-10.126;7.76;
125.816;54.6;7.76;
126.5354;-40.7863;7.76;
127.7607;1.3373;7.76;
132.833;-9.1229;7.76;
134.134;-11.098;7.76;
137.6751;-53.0458;7.76;
137.925;-50.917;7.76;
139.5698;0.7098;7.76;
139.7996;9.0788;7.76;
141.8108;-48.8462;7.76;
142.1096;-72.4224;7.76;
143.7976;65.4091;7.76;
144.1597;35.6965;7.76;
144.3614;30.9573;7.76;
147.287;-78.2819;7.76;
147.9079;-38.1886;7.76;
150.5239;-54.9816;7.76;
151.11;13.5951;7.76;
151.2319;-35.151;7.76;
151.7455;-3.284;7.76;
152.653;23.8815;7.76;
153.4517;-65.7065;7.76;
153.4676;-23.0804;7.76;
154.3977;30.8872;7.76;
155.1544;-57.1698;7.76;
155.1976;-56.4967;7.76;
157.5266;20.8012;7.76;
159.3153;-47.8882;7.76;
160.7863;77.4118;7.76;
163.1389;-46.2172;7.76;
163.1637;-17.0302;7.76;
163.4813;47.6712;7.76;
164.7767;-34.368;7.76;
165.8034;-50.992;7.76;
166.1071;-59.8684;7.76;
168.2041;-67.0998;7.76;
168.6382;25.7104;7.76;
170.0416;28.3104;7.76;
170.8817;-17.6209;7.76;
171.2038;-67.1299;7.76;
172.1555;-45.141;7.76;
172.1865;-26.3597;7.76;
172.9999;30.2386;7.76;
173.6976;-2.491;7.76;
174.1419;-60.8946;7.76;
174.7356;40.2519;7.76;
175.2204;-55.0985;7.76;
176.2508;66.8637;7.76;
176.2526;69.9313;7.76;
179.3138;-35.1933;7.76;
180.253;-26.4798;7.76;
180.9948;61.4036;7.76;
181.4624;5.3574;7.76;
182.4489;-33.4875;7.76;
183.2164;31.7961;7.76;
187.338;-39.6552;7.76;
187.5145;-32.0596;7.76;
187.8433;5.0529;7.76;
188.1238;-59.8968;7.76;
189.6329;-47.9429;7.76;
189.7084;-62.0316;7.76;
190.764;-61.1489;7.76;
192.3778;-71.7315;7.76;
194.2853;-39.7859;7.76;
194.629;-12.5133;7.76;
194.6496;-6.9483;7.76;
195.0429;34.9984;7.76;
195.2408;-21.4263;7.76;
195.4838;-46.2851;7.76;
197.16;-54.6143;7.76;
198.1329;-34.748;7.76;
198.2456;-29.1;7.76;
199.5286;-63.6871;7.76;
200.4528;-55.417;7.76;
201.816;-13.3105;7.76;
202.0375;8.3581;7.76;
202.3094;-54.9178;7.76;
202.8944;71.7936;7.76;
203.945;-49.194;7.76;
204.4002;-56.4764;7.76;
205.4331;-18.553;7.76;
205.6382;-57.8525;7.76;
206.0648;-11.4368;7.76;
206.383;-39.3559;7.76;
207.0629;-38.2626;7.76;
207.1375;40.2469;7.76;
208.884;-9.5239;7.76;
210.8977;-77.7573;7.76;
211.872;-61.5623;7.76;
212.7616;-55.4477;7.76;
213.5419;-48.5775;7.76;
214.7242;-58.9727;7.76;
215.3307;-5.2156;7.76;
215.5144;-44.6587;7.76;
215.8474;-27.8227;7.76;
217.3019;47.9897;7.76;
220.6938;-55.1818;7.76;
221.3;34.3761;7.76;
221.8171;2.7032;7.76;
222.3483;-57.4381;7.76;
226.8941;52.9936;7.76;
228.0431;-30.8863;7.76;
228.4749;-24.3788;7.76;
229.843;-34.0325;7.76;
230.0356;16.1854;7.76;
230.8259;-32.3134;7.76;
231.2612;55.6109;7.76;
236.7042;70.3742;7.76;
237.9236;71.3491;7.76;
239.647;-6.7036;7.76;
240.361;-25.1985;7.76;
241.9387;15.7103;7.76;
242.2608;-18.9956;7.76;
244.5882;-36.5659;7.76;
245.2135;54.3862;7.76;
245.7596;-71.9185;7.76;
245.9466;11.591;7.76;
246.2781;24.0566;7.76;
247.9173;-43.2178;7.76;
248.083;24.8491;7.76;
248.4518;-34.4407;7.76;
252.3603;-49.9858;7.76;
252.7979;-30.6724;7.76;
253.5135;8.4329;7.76;
253.8024;-11.3057;7.76;
254.4716;47.3667;7.76;
257.905;-37.8533;7.76;
260.8862;-31.7004;7.76;
262.8878;49.7232;7.76;
263.4449;-50.731;7.76;
266.2613;-72.7905;7.76;
266.4614;-10.354;7.76;
266.6518;6.1206;7.76;
267.4192;39.6077;7.76;
268.1823;-38.6426;7.76;
268.669;18.1857;7.76;
269.0268;-67.2508;7.76;
269.2463;-60.3244;7.76;
270.121;-38.7311;7.76;
271.7824;-49.8138;7.76;
272.8005;1.9818;7.76;
276.4877;-51.3887;7.76;
277.6292;-28.7953;7.76;
278.0559;-37.2124;7.76;
278.8358;-16.1408;7.76;
279.8607;-12.2478;7.76;
280.0178;7.7629;7.76;
288.1857;8.6105;7.76;
291.765;34.8608;7.76;
292.0544;47.0264;7.76;
292.6716;43.0377;7.76;
294.4312;24.2611;7.76;
294.7815;40.6268;7.76;
295.0207;-37.4013;7.76;
295.6444;4.9539;7.76;
297.3007;57.4093;7.76;
297.7697;27.7169;7.76;
297.9603;-28.5569;7.76;
299.2557;-0.9871;7.76;
301.5976;-52.5216;7.76;
301.7327;-8.9143;7.76;
301.7545;85.0907;7.76;
301.7652;-8.1816;7.76;
303.3492;43.8112;7.76;
303.9233;65.8536;7.76;
304.5242;-21.9984;7.76;
305.0944;-42.9012;7.76;
305.2472;-15.4286;7.76;
308.183;53.0251;7.76;
308.5304;19.9509;7.76;
310.4417;12.5186;7.76;
311.4181;23.0175;7.76;
312.1286;-57.7058;7.76;
312.5764;-48.5727;7.76;
315.1791;16.0638;7.76;
315.4236;28.1014;7.76;
315.6449;26.1574;7.76;
317.5312;65.6863;7.76;
317.8593;27.5535;7.76;
317.8698;50.4021;7.76;
317.9458;12.9518;7.76;
318.5412;30.9615;7.76;
318.5677;-44.4923;7.76;
318.7196;-31.1837;7.76;
318.8917;37.2524;7.76;
319.1057;-54.8562;7.76;
319.6128;-3.6802;7.76;
319.8511;-49.3985;7.76;
319.8559;-84.7564;7.76;
320.4156;-4.4867;7.76;
321.0997;69.9932;7.76;
321.4574;-35.8366;7.76;
321.6986;37.5176;7.76;
323.6959;-81.9269;7.76;
324.3501;34.603;7.76;
326.1114;30.3133;7.76;
327.5959;49.3084;7.76;
328.0502;1.4092;7.76;
328.8816;52.528;7.76;
329.5086;5.942;7.76;
330.7859;-27.0512;7.76;
331.4769;44.2876;7.76;
332.2323;70.2402;7.76;
332.7138;-63.0994;7.76;
335.5483;-10.8481;7.76;
336.1839;-12.9578;7.76;
336.8788;-77.7179;7.76;
337.3378;77.5824;7.76;
339.7414;17.1003;7.76;
340.8206;-40.0091;7.76;
341.4264;-26.9792;7.76;
342.151;33.4434;7.76;
343.9901;-74.9953;7.76;
344.251;14.4189;7.76;
345.6329;-11.2657;7.76;
345.7931;-62.3829;7.76;
345.8689;-43.0785;7.76;
347.7309;-33.6242;7.76;
349.3731;-13.6434;7.76;
349.3729;-45.2322;7.76;
349.688;-65.3023;7.76;
350.5551;19.4001;7.76;
351.362;-30.0077;7.76;
351.4988;27.7071;7.76;
351.8362;45.3681;7.76;
352.6699;5.2494;7.76;
352.9062;54.141;7.76;
355.512;-69.437;7.76;
357.5249;35.7712;7.76;
358.8566;-17.826;7.76;
1.0955;-29.3816;7.77;
2.4792;4.8325;7.77;
2.5229;25.1979;7.77;
2.6953;37.4739;7.77;
9.0153;7.156;7.77;
9.7211;-25.5958;7.77;
13.9837;45.6829;7.77;
15.1267;-12.1957;7.77;
15.4081;70.5213;7.77;
16.2553;43.2734;7.77;
16.7043;-22.8559;7.77;
18.435;-31.1163;7.77;
21.3259;-14.9941;7.77;
29.6979;17.0258;7.77;
32.0003;29.5704;7.77;
32.3018;-31.8091;7.77;
35.2245;-52.9638;7.77;
37.261;-23.2082;7.77;
38.4739;49.506;7.77;
42.0942;-4.9209;7.77;
42.2614;47.6258;7.77;
43.8467;10.4573;7.77;
44.8809;-10.6816;7.77;
46.5939;3.8101;7.77;
47.4526;-19.4591;7.77;
49.2994;1.5581;7.77;
49.9968;17.501;7.77;
52.1408;-80.709;7.77;
53.5798;59.7349;7.77;
53.6606;63.8889;7.77;
55.7902;-32.5293;7.77;
57.6246;-60.4277;7.77;
58.4884;-13.9947;7.77;
58.956;-65.1867;7.77;
63.7753;-30.072;7.77;
64.944;-69.1205;7.77;
66.4009;-5.0914;7.77;
70.8813;-41.7536;7.77;
72.0804;-19.7298;7.77;
72.3883;2.2018;7.77;
72.447;-48.3113;7.77;
73.4842;36.7574;7.77;
73.8679;67.5476;7.77;
74.2067;1.5209;7.77;
74.6353;-54.1718;7.77;
75.1909;-47.6038;7.77;
75.5156;-45.5994;7.77;
76.1874;-64.5458;7.77;
79.8027;-3.0738;7.77;
80.3744;-44.3735;7.77;
82.5641;22.5403;7.77;
83.5141;46.1869;7.77;
84.8208;-17.8286;7.77;
85.6611;61.603;7.77;
86.3777;-27.4844;7.77;
89.0967;47.7163;7.77;
90.0878;48.2415;7.77;
90.4373;-72.1476;7.77;
91.0239;21.4941;7.77;
95.5599;19.7026;7.77;
96.6652;-1.0735;7.77;
96.7883;0.135;7.77;
98.7409;-31.2915;7.77;
100.0912;-59.1232;7.77;
100.7368;-11.7661;7.77;
101.6387;-20.8118;7.77;
103.4883;31.122;7.77;
103.905;24.008;7.77;
105.0658;2.5122;7.77;
106.2924;-0.8656;7.77;
107.342;16.5495;7.77;
107.4342;25.7349;7.77;
108.1007;-2.5743;7.77;
108.6293;-22.9424;7.77;
109.6681;14.3634;7.77;
112.3665;-21.8586;7.77;
121.7344;22.7754;7.77;
125.6532;-49.0513;7.77;
127.8668;-25.6822;7.77;
130.8991;-53.5246;7.77;
131.9038;0.0179;7.77;
132.31;-57.6748;7.77;
135.9102;-33.6944;7.77;
136.2105;-21.024;7.77;
136.6436;-47.9193;7.77;
137.5138;7.5227;7.77;
137.5551;54.9786;7.77;
138.3497;10.3061;7.77;
139.2999;2.6787;7.77;
139.9145;20.5465;7.77;
140.1591;17.1273;7.77;
140.3585;-30.8062;7.77;
141.2189;-6.0089;7.77;
141.7014;14.494;7.77;
141.766;-12.9094;7.77;
143.1128;-41.18;7.77;
143.305;-45.2086;7.77;
146.4049;-37.8123;7.77;
147.9558;20.1647;7.77;
148.5106;71.6814;7.77;
154.5231;27.5244;7.77;
156.4866;-7.8587;7.77;
157.3714;-33.4089;7.77;
157.7533;5.3413;7.77;
157.9903;24.7231;7.77;
158.1156;-59.8658;7.77;
158.1768;-53.1401;7.77;
158.2196;-81.1629;7.77;
159.0569;13.813;7.77;
159.5544;-41.068;7.77;
161.1364;49.4391;7.77;
161.2672;-58.1488;7.77;
165.2149;-12.5587;7.77;
168.602;-57.8012;7.77;
171.7082;-62.8199;7.77;
173.7987;-20.5578;7.77;
174.7384;41.143;7.77;
175.2603;-44.4052;7.77;
175.6352;-4.6493;7.77;
176.0694;44.4907;7.77;
177.4448;2.2319;7.77;
178.7014;-42.395;7.77;
180.5108;-20.8086;7.77;
182.1087;48.9685;7.77;
183.5609;-53.9201;7.77;
184.5962;60.3561;7.77;
184.8164;25.0602;7.77;
189.6247;6.9886;7.77;
199.3824;57.8217;7.77;
200.3077;-74.4419;7.77;
200.6902;-13.1865;7.77;
204.5081;39.1781;7.77;
205.3058;56.7272;7.77;
208.9036;-16.1446;7.77;
212.305;-22.5376;7.77;
212.354;-34.8829;7.77;
214.4878;-5.9715;7.77;
217.0197;-3.0039;7.77;
217.8045;-34.6811;7.77;
219.4302;-35.5206;7.77;
222.4693;-57.3466;7.77;
223.796;53.6803;7.77;
225.8256;-36.9246;7.77;
227.493;-0.8798;7.77;
228.1878;3.5442;7.77;
229.1875;-69.8778;7.77;
229.615;-0.7862;7.77;
230.2885;-69.9881;7.77;
231.7392;-44.1076;7.77;
232.2913;-24.4515;7.77;
235.8864;-10.1236;7.77;
236.2323;20.8814;7.77;
236.6705;-46.6996;7.77;
239.7496;36.942;7.77;
240.9577;71.9666;7.77;
241.8122;-17.936;7.77;
246.0434;37.0366;7.77;
247.9837;44.2642;7.77;
248.3021;30.9075;7.77;
250.0643;37.3557;7.77;
250.2697;-37.8918;7.77;
250.391;26.0801;7.77;
252.7132;48.3438;7.77;
253.7766;-18.8841;7.77;
255.0706;-56.6068;7.77;
258.7482;-38.9469;7.77;
258.9766;-46.3371;7.77;
259.0849;16.6608;7.77;
260.3373;13.6305;7.77;
269.0626;-4.5764;7.77;
269.3766;48.2956;7.77;
269.7582;-6.6444;7.77;
270.2801;14.12;7.77;
271.5226;-56.8217;7.77;
271.7034;6.4105;7.77;
272.2496;-11.7437;7.77;
272.4366;4.6031;7.77;
272.4429;21.3483;7.77;
276.2408;-38.5751;7.77;
277.0804;55.6741;7.77;
277.3652;7.3597;7.77;
277.8186;-43.8457;7.77;
280.6246;-1.3059;7.77;
280.8513;23.1113;7.77;
281.0533;-1.5543;7.77;
283.3103;-10.2201;7.77;
284.1433;-54.5671;7.77;
285.6688;29.2926;7.77;
285.888;-20.1286;7.77;
288.7436;28.3947;7.77;
288.8043;-53.3684;7.77;
291.0959;5.5644;7.77;
292.9737;31.2149;7.77;
293.2174;75.331;7.77;
294.1774;27.8841;7.77;
295.588;-50.492;7.77;
296.8645;57.1;7.77;
297.8069;65.5469;7.77;
298.0394;15.3233;7.77;
298.7977;11.9595;7.77;
299.2846;-72.1138;7.77;
299.8029;38.8804;7.77;
300.481;-59.4479;7.77;
300.742;57.0846;7.77;
301.5609;20.5191;7.77;
306.2668;7.4732;7.77;
306.4795;41.3366;7.77;
307.449;36.9804;7.77;
307.5291;45.4489;7.77;
307.971;60.0633;7.77;
308.5963;-0.4788;7.77;
308.7617;23.7105;7.77;
310.9294;-2.45;7.77;
312.0633;15.4696;7.77;
312.6463;23.7455;7.77;
313.0612;35.7346;7.77;
315.2896;52.137;7.77;
315.8495;-2.5708;7.77;
317.6865;-39.9751;7.77;
318.3546;38.4022;7.77;
320.6399;7.7947;7.77;
321.5733;35.8392;7.77;
322.7028;37.9665;7.77;
323.3036;53.5905;7.77;
323.443;-5.4186;7.77;
328.9627;31.2647;7.77;
330.176;-23.2972;7.77;
330.2289;31.5343;7.77;
331.264;-6.3025;7.77;
334.95;-27.3888;7.77;
335.3449;-55.7646;7.77;
336.6467;-62.5396;7.77;
337.2769;21.3931;7.77;
339.0807;-0.1864;7.77;
339.4444;45.4081;7.77;
339.6111;49.5405;7.77;
339.8676;-50.6815;7.77;
341.0867;-74.8206;7.77;
342.2719;-39.8733;7.77;
342.5439;-41.4901;7.77;
343.5884;43.5285;7.77;
345.7019;-82.7081;7.77;
346.1039;41.2744;7.77;
346.3508;-62.3909;7.77;
347.5311;-28.9457;7.77;
354.338;-13.3381;7.77;
356.0653;-43.0243;7.77;
356.5061;63.3169;7.77;
356.7181;17.5291;7.77;
356.9077;85.0784;7.77;
359.1347;-29.5102;7.77;
359.7616;-59.5304;7.77;
0.4849;-41.6138;7.78;
0.9044;-31.0941;7.78;
1.3656;-37.3025;7.78;
2.1258;52.3365;7.78;
2.2612;-35.0919;7.78;
2.3156;25.282;7.78;
2.7414;-18.5729;7.78;
4.8438;-53.8441;7.78;
4.9711;55.7142;7.78;
5.5351;66.4608;7.78;
5.9161;-3.0581;7.78;
6.0723;1.5562;7.78;
6.9664;52.955;7.78;
7.3171;-5.9105;7.78;
7.3798;24.881;7.78;
8.5442;31.6455;7.78;
8.831;-18.5643;7.78;
11.111;-26.5157;7.78;Cocibolca
11.4057;30.3363;7.78;
12.3862;44.0592;7.78;
13.3669;60.6656;7.78;
14.8308;-58.4049;7.78;
16.9948;39.2525;7.78;
19.5962;18.5773;7.78;
22.8974;-53.3694;7.78;
22.9718;9.9882;7.78;
23.1372;-49.5281;7.78;
26.7107;38.7488;7.78;
27.7145;58.4676;7.78;
28.5499;9.9506;7.78;
30.6473;-26.7414;7.78;
32.0214;71.8412;7.78;
33.2231;48.5717;7.78;
34.1844;-63.3925;7.78;
35.4267;57.8628;7.78;
36.2579;25.4869;7.78;
36.9624;72.1332;7.78;
37.0863;62.219;7.78;
38.185;39.5499;7.78;
39.6583;36.3388;7.78;
41.2006;21.6141;7.78;
41.4368;-39.7171;7.78;
41.4803;-30.4811;7.78;
42.0127;51.5517;7.78;
44.7393;-53.6895;7.78;
45.2261;-10.0354;7.78;
45.3221;14.9822;7.78;
48.1711;74.197;7.78;
49.3866;7.6902;7.78;
50.586;62.7297;7.78;
51.1928;9.8079;7.78;
52.5451;36.6383;7.78;
53.0077;-52.4739;7.78;
54.4686;5.6413;7.78;
54.8782;-18.9983;7.78;
55.3743;-66.4772;7.78;
55.4306;37.5872;7.78;
57.2392;40.6715;7.78;
57.2939;75.7686;7.78;
58.7338;57.4411;7.78;
61.6526;65.0092;7.78;
62.5579;66.8466;7.78;
63.6543;-2.1398;7.78;
64.505;43.6843;7.78;
67.8723;13.9035;7.78;
69.3047;-73.8433;7.78;
69.3257;-72.4768;7.78;
69.3626;43.0209;7.78;
72.4507;-54.4546;7.78;
72.9518;-33.269;7.78;
74.6351;-59.1318;7.78;
75.2834;23.439;7.78;
75.95;-56.3028;7.78;
78.1573;44.4352;7.78;
79.5878;36.632;7.78;
81.0049;24.9604;7.78;
83.6232;-8.2073;7.78;
84.8509;-25.2431;7.78;
84.8856;12.0039;7.78;
85.2756;40.8826;7.78;
85.4123;-56.4381;7.78;
87.0878;-22.053;7.78;
89.0398;-15.5222;7.78;
89.8747;2.4762;7.78;
90.3709;13.1316;7.78;
94.0317;-2.8822;7.78;
95.4936;-8.2297;7.78;
96.2541;10.5176;7.78;
97.1497;-1.5896;7.78;
97.2348;-11.2628;7.78;
98.6955;-63.2621;7.78;
99.0405;10.2849;7.78;
99.6424;39.1198;7.78;
100.3255;-40.2928;7.78;
101.2732;-46.9358;7.78;
101.7118;23.6804;7.78;
101.7573;-40.7537;7.78;
103.0575;77.2251;7.78;
103.6072;-14.4508;7.78;
103.9911;-33.0718;7.78;
104.5951;37.988;7.78;
104.7723;16.0407;7.78;
104.9308;-29.7078;7.78;
105.7011;-13.0958;7.78;
106.7399;13.4029;7.78;
107.6412;19.803;7.78;
109.3384;0.6486;7.78;
109.6906;-55.2806;7.78;
110.3645;11.0118;7.78;
111.662;-69.5764;7.78;
111.6922;44.4786;7.78;
112.1074;3.3929;7.78;
113.6216;16.9541;7.78;
113.7625;6.1944;7.78;
114.1319;7.3505;7.78;
114.6259;33.7115;7.78;
115.3235;-60.0019;7.78;
116.1798;-17.6932;7.78;
117.098;76.9861;7.78;
117.4433;15.1065;7.78;
117.6538;-5.8029;7.78;
118.7021;34.6198;7.78;
119.0281;68.2552;7.78;
122.5498;-38.1617;7.78;
122.9784;-30.2119;7.78;
123.3413;-41.4142;7.78;
123.473;27.7786;7.78;
125.3857;-8.1918;7.78;
125.5153;-0.1601;7.78;
125.8367;-32.3282;7.78;
126.6694;-11.7747;7.78;
129.4308;52.0308;7.78;
129.5521;-1.8689;7.78;
129.9323;-9.5869;7.78;
130.073;-71.8771;7.78;
130.2586;-14.2932;7.78;
130.4596;-5.6108;7.78;
130.8843;-39.5999;7.78;
131.332;15.0469;7.78;
134.1041;-76.3909;7.78;
136.123;-32.4484;7.78;
136.3658;79.3463;7.78;
137.4106;-22.6027;7.78;
137.4919;22.6775;7.78;
138.198;61.6819;7.78;
138.9847;6.5408;7.78;
139.4808;-3.3873;7.78;
140.8446;-71.8086;7.78;
141.1299;-76.726;7.78;
141.3277;-28.979;7.78;
142.1448;-16.5237;7.78;
146.6353;1.7189;7.78;
147.1776;24.547;7.78;
147.7567;-21.0685;7.78;
147.7889;36.4891;7.78;
148.061;25.1082;7.78;
148.1474;40.3769;7.78;
149.4461;-21.1823;7.78;
149.6065;40.7429;7.78;
149.8161;27.523;7.78;
150.8023;-20.9309;7.78;
151.7666;66.315;7.78;
151.9339;53.196;7.78;
152.876;73.8928;7.78;
152.8973;12.0364;7.78;
155.5395;11.3102;7.78;
155.551;-54.5869;7.78;
156.8203;12.4451;7.78;
157.2462;-48.9887;7.78;
158.1389;-4.1829;7.78;
158.8012;40.8763;7.78;
158.8223;21.3788;7.78;
159.0064;2.7475;7.78;
162.7073;-52.4714;7.78;
166.6494;-58.7442;7.78;
168.1934;-5.1169;7.78;
168.828;31.5983;7.78;
168.9318;45.8551;7.78;
171.1206;20.6213;7.78;
172.4903;-17.7692;7.78;
172.9163;7.8635;7.78;
173.1434;-47.0597;7.78;
173.2657;62.0936;7.78;
174.5937;64.1768;7.78;
174.7734;-16.6123;7.78;
174.8689;25.3015;7.78;
174.9436;-45.9782;7.78;
175.0785;55.3027;7.78;
177.7968;-36.9358;7.78;
179.6079;-50.2534;7.78;
180.2919;3.6323;7.78;
181.3059;-28.7172;7.78;
182.3089;14.8298;7.78;
184.7979;-61.1363;7.78;
186.1673;-52.5707;7.78;
188.0822;-78.1941;7.78;
188.2093;-75.4347;7.78;
188.6542;-16.3544;7.78;
190.2197;34.1046;7.78;
191.2661;23.5937;7.78;
191.8632;-38.822;7.78;
193.54;-78.0371;7.78;
195.2485;52.5368;7.78;
195.7466;71.7206;7.78;
197.211;65.5729;7.78;
197.5886;-23.6246;7.78;
199.2435;-13.1588;7.78;
199.4059;71.2467;7.78;
204.3156;-28.6924;7.78;
204.7379;24.1318;7.78;
207.3933;-47.3693;7.78;
207.4766;-28.1868;7.78;
211.9693;16.8666;7.78;
212.0647;21.193;7.78;
213.1153;28.7161;7.78;
214.0222;50.1692;7.78;
214.6301;21.4732;7.78;
214.8858;-40.9531;7.78;
215.1447;-58.516;7.78;
216.8558;-15.8132;7.78;
216.9278;58.3345;7.78;
218.2378;-42.4055;7.78;
219.2624;-62.5086;7.78;
219.7503;-5.7871;7.78;
221.6254;50.398;7.78;
222.0094;-5.5066;7.78;
222.576;-52.3853;7.78;
222.7021;57.411;7.78;
223.7783;17.7014;7.78;
224.1247;17.1032;7.78;
224.4234;-49.8714;7.78;
226.8585;-15.4168;7.78;
227.8604;65.6391;7.78;
227.9598;-46.7517;7.78;
229.4162;-26.2525;7.78;
230.0558;-34.9254;7.78;
230.5517;76.6405;7.78;
231.7052;-27.9721;7.78;
232.4998;-12.7765;7.78;
234.3702;-0.8848;7.78;
234.6048;-53.3051;7.78;
235.0815;48.0549;7.78;
235.1888;38.7186;7.78;
236.661;56.7701;7.78;
238.3237;-14.7168;7.78;
238.9424;-15.1593;7.78;
239.5223;-57.1476;7.78;
240.7156;-30.9445;7.78;
241.2057;9.645;7.78;
242.6056;-23.1065;7.78;
243.18;40.7817;7.78;
244.2675;-56.6849;7.78;
244.6432;7.2605;7.78;
246.3467;42.52;7.78;
247.675;-29.4831;7.78;
248.1482;-43.7341;7.78;
254.5082;-68.4594;7.78;
254.9169;24.2045;7.78;
255.2523;-66.5112;7.78;
255.509;25.0379;7.78;
255.7715;34.5402;7.78;
255.9799;45.4492;7.78;
258.6022;36.3679;7.78;
260.1909;17.04;7.78;
260.8626;-3.1221;7.78;
261.5283;-28.5436;7.78;
261.5722;-10.993;7.78;
262.2091;41.3994;7.78;
262.373;-50.3984;7.78;
263.9887;-38.4727;7.78;
264.3322;-40.3201;7.78;
264.947;-4.968;7.78;
265.516;73.4617;7.78;
265.6283;-50.6557;7.78;
265.896;34.7748;7.78;
266.0029;-52.6127;7.78;
267.0469;-34.5819;7.78;
267.0545;38.2326;7.78;
267.9674;12.008;7.78;
269.5209;-45.4564;7.78;
270.0161;50.9216;7.78;
270.2971;-40.3355;7.78;
272.6839;-22.2397;7.78;
273.4029;9.7734;7.78;
274.0636;-9.8096;7.78;
274.4668;70.0113;7.78;
274.6396;-52.7523;7.78;
275.205;70.0732;7.78;
277.0066;51.0366;7.78;
278.6669;35.8046;7.78;
279.0853;20.0068;7.78;
279.6092;25.2677;7.78;
280.5421;-32.3671;7.78;
281.1852;-25.7977;7.78;
282.2139;-41.3369;7.78;
282.9726;53.0658;7.78;
283.2736;7.8857;7.78;
283.3073;38.9311;7.78;
283.3687;34.6231;7.78;
283.5453;-13.6263;7.78;
284.0829;-33.2708;7.78;
286.8849;30.2545;7.78;
287.1006;-49.3107;7.78;
287.9071;26.2786;7.78;
288.9267;-14.8377;7.78;
289.7799;-33.1584;7.78;
289.8238;-23.5582;7.78;
292.1063;-47.8822;7.78;
293.3007;7.7728;7.78;
293.538;-48.6774;7.78;
293.5732;70.2597;7.78;
294.5476;8.748;7.78;
295.2166;27.133;7.78;
297.1962;-49.5249;7.78;
297.4337;-32.764;7.78;
298.3467;36.1978;7.78;
298.4388;26.9999;7.78;
300.0802;29.8215;7.78;
300.8047;52.5754;7.78;
301.1438;9.24;7.78;
301.4158;35.6078;7.78;
301.832;-35.5386;7.78;
302.7969;-20.2651;7.78;
304.3358;62.1382;7.78;
304.6862;-17.8552;7.78;
304.701;22.9398;7.78;
307.6152;66.0568;7.78;
307.9788;15.913;7.78;
308.1789;-31.3824;7.78;
308.7952;62.4688;7.78;
309.5879;-4.5119;7.78;
309.6256;-70.0728;7.78;
309.874;28.0885;7.78;
310.1846;-64.1847;7.78;
311.767;34.0285;7.78;
313.4239;36.13;7.78;
316.3301;0.7271;7.78;
316.9809;33.397;7.78;
317.1001;-75.9802;7.78;
317.3403;-32.0235;7.78;
318.5642;9.6238;7.78;
319.3005;3.9121;7.78;
320.7846;48.5189;7.78;
321.2358;-8.1792;7.78;
321.7631;-19.0582;7.78;
322.4903;32.8101;7.78;
323.2868;40.8243;7.78;
327.6117;39.4422;7.78;
328.0773;-70.5494;7.78;
330.3571;61.5561;7.78;
330.9661;44.5903;7.78;
331.4752;27.967;7.78;
333.592;0.0489;7.78;
333.6935;36.1555;7.78;
335.3345;8.6212;7.78;
337.149;56.921;7.78;
337.6082;28.443;7.78;
338.3052;17.7851;7.78;
338.699;-45.7846;7.78;
339.4859;38.9498;7.78;
340.0933;-32.6386;7.78;
340.4757;-30.0286;7.78;
342.6007;-14.0593;7.78;
343.4798;80.24;7.78;
344.8719;-2.8856;7.78;
345.7519;34.621;7.78;
345.7842;-0.4296;7.78;
346.8121;40.5504;7.78;
348.5728;-16.9091;7.78;
348.637;35.0159;7.78;
351.5828;-12.9504;7.78;
352.1897;42.4113;7.78;
352.8371;9.7617;7.78;
353.7735;16.4796;7.78;
354.5113;-41.5645;7.78;
358.7134;22.4722;7.78;
358.9229;77.9196;7.78;
359.9323;-24.6452;7.78;
1.0887;54.2746;7.79;
1.9975;-78.211;7.79;
4.4465;-66.3589;7.79;
7.1715;-54.4311;7.79;
10.5095;1.0236;7.79;
10.7021;62.7659;7.79;
15.565;-45.1721;7.79;
15.5733;-10.6643;7.79;
15.6035;-44.0995;7.79;
18.3357;41.2365;7.79;
18.3426;49.2805;7.79;
19.1779;36.308;7.79;
20.5473;58.2896;7.79;
21.2026;-10.4302;7.79;
22.4747;58.7625;7.79;
23.9207;-5.0774;7.79;
24.3052;-4.1429;7.79;
26.8994;0.1552;7.79;
27.756;37.5542;7.79;
29.5619;68.5383;7.79;
29.6602;15.9301;7.79;
30.6638;33.7631;7.79;
31.2472;-15.6781;7.79;
34.6436;21.8975;7.79;
35.0951;-46.9247;7.79;
35.4427;43.8181;7.79;
36.3582;58.2026;7.79;
37.6541;72.2238;7.79;
38.7985;49.8603;7.79;
40.1326;-36.4939;7.79;
40.827;1.7301;7.79;
41.26;14.2376;7.79;
43.6117;-20.925;7.79;
43.6544;-29.8428;7.79;
45.0255;-0.6824;7.79;
46.8682;-78.9922;7.79;
48.9327;-39.0632;7.79;
54.28;31.1252;7.79;
54.777;52.8192;7.79;
59.302;-76.5108;7.79;
63.2044;19.5388;7.79;
64.1625;40.0264;7.79;
64.7294;-0.9243;7.79;
65.1266;25.8275;7.79;
66.118;16.8862;7.79;
66.349;-35.6756;7.79;
67.9981;-4.3816;7.79;
68.3703;24.2793;7.79;
69.7676;67.2009;7.79;
73.1022;-13.2705;7.79;
73.5026;-12.4627;7.79;
76.6244;35.5625;7.79;
77.1912;57.4017;7.79;
78.0604;41.2152;7.79;
80.6317;2.9833;7.79;
82.9227;-7.0486;7.79;
82.985;26.685;7.79;
83.042;47.1927;7.79;
86.0516;-27.5452;7.79;
87.4735;49.8411;7.79;
88.8939;-28.9537;7.79;
91.2233;57.8444;7.79;
91.8715;-35.2246;7.79;
92.1269;30.5732;7.79;
92.4533;8.7445;7.79;
92.686;34.2604;7.79;
92.8122;28.9076;7.79;
93.1308;-43.0063;7.79;
94.5322;-0.3707;7.79;
97.1489;-8.462;7.79;
98.2073;-50.4733;7.79;
99.1273;72.0092;7.79;
99.7127;7.9715;7.79;
100.5795;-31.666;7.79;
100.8077;-2.7514;7.79;
100.8265;18.1453;7.79;
101.1945;-9.3941;7.79;
102.1125;33.8223;7.79;
102.6325;7.1887;7.79;
104.9886;4.0831;7.79;
105.1985;-27.7739;7.79;
106.3968;13.7098;7.79;
108.125;43.9889;7.79;
112.6565;74.7988;7.79;
113.4399;41.1739;7.79;
113.7042;63.1713;7.79;
114.3838;-51.4214;7.79;
114.9264;-34.3622;7.79;
115.4465;15.5827;7.79;
116.4676;65.1537;7.79;
117.4004;24.2692;7.79;
120.9672;6.3235;7.79;
121.3552;41.1901;7.79;
122.2794;-29.8721;7.79;
123.2188;9.5778;7.79;
125.0444;-23.3593;7.79;
126.5099;36.9827;7.79;
126.659;-43.4086;7.79;
127.6186;-12.6337;7.79;
128.059;32.1702;7.79;
129.304;7.4475;7.79;
130.0923;59.5854;7.79;
132.5309;61.8333;7.79;
132.7962;-41.6613;7.79;
133.143;-63.6058;7.79;
133.9136;14.181;7.79;
135.4107;-0.5814;7.79;
138.4144;-71.6178;7.79;
141.981;13.7489;7.79;
141.9887;-55.3349;7.79;
142.1061;-9.1967;7.79;
142.1772;-35.6128;7.79;
142.7756;25.0472;7.79;
145.9304;12.1598;7.79;
147.186;43.6654;7.79;
147.2728;18.0579;7.79;
148.6433;0.9442;7.79;
148.8016;-28.5367;7.79;
151.2843;-61.6818;7.79;
152.1163;24.3088;7.79;
153.6774;-30.8175;7.79;
153.8934;-49.2241;7.79;
154.9534;-22.5234;7.79;
159.0214;7.0363;7.79;
159.2568;12.8661;7.79;
162.9195;-62.9054;7.79;
164.1289;5.2733;7.79;
165.4221;38.0084;7.79;
166.0061;-0.031;7.79;
167.0123;-42.3911;7.79;
168.3207;-66.8498;7.79;
168.5152;-15.4353;7.79;
169.4032;-61.6354;7.79;
171.9144;46.2926;7.79;
173.5569;-54.5556;7.79;
179.9203;-60.8031;7.79;
180.4873;0.1021;7.79;
180.8496;-62.6961;7.79;
182.0295;55.4641;7.79;
185.8568;-41.8478;7.79;
188.4042;4.2205;7.79;
192.2164;-37.0419;7.79;
192.9809;7.9045;7.79;
195.2682;-53.1357;7.79;
195.6979;-60.7429;7.79;
197.8786;6.7884;7.79;
198.8099;-40.3886;7.79;
198.9564;-40.0548;7.79;
199.6552;26.3658;7.79;
199.7723;-52.6549;7.79;
200.1245;-27.41;7.79;
200.4038;2.854;7.79;
200.5477;-4.6627;7.79;
201.8507;-66.7471;7.79;
202.3022;0.1192;7.79;
207.7372;-20.9849;7.79;
208.4866;10.1389;7.79;
208.8305;-26.4326;7.79;
211.1722;-72.0697;7.79;
213.4479;-13.3411;7.79;
213.5363;7.8811;7.79;
214.5413;-38.8845;7.79;
214.681;17.3536;7.79;
214.8623;-0.0134;7.79;
216.332;-72.6208;7.79;
217.1742;-55.2215;7.79;
217.3662;30.6798;7.79;
217.7529;-25.315;7.79;
218.0765;30.2601;7.79;
219.2237;-4.279;7.79;
220.7166;-24.4919;7.79;
223.3158;40.8167;7.79;
223.9422;-73.1666;7.79;
224.5766;50.1043;7.79;
225.8903;-16.5922;7.79;
226.1937;22.4152;7.79;
226.7762;33.965;7.79;
232.6784;-21.8786;7.79;
233.835;59.679;7.79;
234.3584;-54.3647;7.79;
236.3711;73.8358;7.79;
236.4294;57.263;7.79;
236.8349;-27.0871;7.79;
239.2452;-59.417;7.79;
239.4271;-67.136;7.79;
239.7576;18.3259;7.79;
239.8709;25.4348;7.79;
241.001;-19.7675;7.79;
241.4308;-21.8388;7.79;
245.0384;27.3333;7.79;
246.2493;50.4521;7.79;
247.6457;-27.1765;7.79;
248.9833;79.2047;7.79;
251.9011;-33.6997;7.79;
253.7295;-85.0099;7.79;
254.8471;-16.0644;7.79;
254.9434;36.9214;7.79;
257.1353;-20.2175;7.79;
258.5285;56.1338;7.79;
259.5882;23.4321;7.79;
260.3308;-51.1228;7.79;
261.2111;-41.5005;7.79;
263.2037;19.3772;7.79;
265.8754;-30.177;7.79;
267.1536;-2.1962;7.79;
267.8989;-31.413;7.79;
267.9794;-25.773;7.79;
268.1624;8.6481;7.79;
270.7203;56.428;7.79;
271.0019;55.2732;7.79;
271.731;-29.0747;7.79;
272.5984;34.5584;7.79;
272.727;38.9615;7.79;
273.5813;-43.1543;7.79;
275.3894;52.9022;7.79;
275.9461;14.9077;7.79;
276.4067;-15.1528;7.79;
276.9602;46.0661;7.79;
280.9845;34.5217;7.79;
282.2475;-13.905;7.79;
283.371;44.1291;7.79;
283.8887;-2.3066;7.79;
284.5524;24.7089;7.79;
284.8394;41.6369;7.79;
287.0865;-7.4377;7.79;
287.2052;-59.3323;7.79;
287.3946;-23.191;7.79;
288.1832;-33.8542;7.79;
288.7082;-30.8374;7.79;
290.1897;64.0767;7.79;
290.5077;39.4875;7.79;
291.329;-16.8366;7.79;
293.2531;21.0028;7.79;
294.7173;-30.2811;7.79;
295.7011;17.9683;7.79;
297.4829;-62.5668;7.79;
299.5603;10.7279;7.79;
300.505;-19.0992;7.79;
302.5069;36.9785;7.79;
302.539;45.0167;7.79;
302.7376;35.9532;7.79;
303.3949;-45.5906;7.79;
303.4994;-0.8669;7.79;Phoenicia
303.9875;-39.4905;7.79;
304.8362;41.3914;7.79;
304.8591;-12.8038;7.79;
305.3866;-21.419;7.79;
305.697;76.0434;7.79;
306.665;-30.6758;7.79;
308.2713;31.657;7.79;
308.3098;47.1659;7.79;
309.3554;41.3931;7.79;
309.7364;47.6868;7.79;
310.2508;-14.5114;7.79;
312.13;-48.6698;7.79;
313.5313;3.9545;7.79;
315.4893;47.0194;7.79;
315.6428;-15.474;7.79;
315.9292;71.3143;7.79;
315.9741;46.3305;7.79;
316.6697;51.426;7.79;
320.7467;-6.2327;7.79;
321.4787;-70.7177;7.79;
321.9377;31.7953;7.79;
322.6499;61.8841;7.79;
322.7238;10.1567;7.79;
322.8466;48.3565;7.79;
325.1333;-2.5165;7.79;
329.0317;-14.0355;7.79;
329.2909;83.4925;7.79;
329.5082;43.1497;7.79;
329.6394;15.3072;7.79;
329.7554;-11.2845;7.79;
331.1767;-35.6964;7.79;
331.6746;16.7496;7.79;
332.8182;-60.548;7.79;
335.3893;-14.4569;7.79;
336.1402;-17.5931;7.79;
338.2677;63.8799;7.79;
341.363;-13.0069;7.79;
342.4776;75.1623;7.79;
347.0983;57.1798;7.79;
348.921;24.4223;7.79;
349.8499;-36.1301;7.79;
350.7957;-64.8924;7.79;
353.3761;-57.0537;7.79;
355.0003;-51.6167;7.79;
356.4969;-13.4543;7.79;
359.8626;20.414;7.79;
0.2615;-5.835;7.8;
1.2885;30.329;7.8;
1.5335;9.7149;7.8;
3.0058;-54.7509;7.8;
3.255;62.7281;7.8;
4.2622;84.9551;7.8;
4.7726;-77.9889;7.8;
5.0225;50.1118;7.8;
6.581;51.2804;7.8;
9.1824;27.0525;7.8;
10.0218;51.8791;7.8;
11.0957;33.6181;7.8;
11.47;54.6524;7.8;
11.6597;-54.1015;7.8;
11.8525;51.096;7.8;
14.9918;31.8538;7.8;
15.7225;29.9861;7.8;
15.876;50.3124;7.8;
16.5976;-47.5952;7.8;
17.9755;42.2264;7.8;
18.3908;26.4522;7.8;
18.6627;-9.97;7.8;
21.0018;-72.3244;7.8;
22.7946;-7.0328;7.8;
24.0491;70.2708;7.8;
24.4113;22.5572;7.8;
26.8403;0.8122;7.8;
27.7787;8.5484;7.8;
27.9179;35.6661;7.8;
29.6691;67.5795;7.8;
30.4793;-50.1272;7.8;
30.7905;36.1108;7.8;
30.8556;54.6935;7.8;
32.6472;-35.5102;7.8;
33.7995;-12.052;7.8;
34.4242;42.5894;7.8;
35.647;-39.4137;7.8;
35.8497;-56.8132;7.8;
38.4031;-32.8265;7.8;
40.3774;34.5161;7.8;
40.9212;21.1471;7.8;
41.9161;1.7054;7.8;
42.357;-30.8129;7.8;
43.005;-50.2121;7.8;
44.1292;49.7927;7.8;
45.0727;0.9704;7.8;
45.6158;-13.5316;7.8;
47.2126;25.3684;7.8;
48.2322;-26.259;7.8;
48.2634;11.2686;7.8;
49.4389;3.6814;7.8;
50.8651;-14.2207;7.8;
51.3539;-52.3817;7.8;
51.9161;8.7652;7.8;
54.2342;-68.4381;7.8;
56.3028;-51.2599;7.8;
57.4466;9.8779;7.8;
59.9757;-54.1612;7.8;
63.9294;-8.6371;7.8;
64.1905;-66.68;7.8;
66.6097;-10.5508;7.8;
67.0746;27.7807;7.8;
67.2195;52.3894;7.8;
67.3442;-14.0535;7.8;
68.4792;-18.1796;7.8;
68.838;-8.2917;7.8;
70.941;-10.6822;7.8;
72.3749;37.335;7.8;
73.1728;-25.775;7.8;
73.9674;13.6309;7.8;
76.1408;23.6495;7.8;
76.155;-17.8851;7.8;
77.9049;-10.3872;7.8;
79.1272;-21.1;7.8;
79.1475;-25.332;7.8;
80.1813;17.2429;7.8;
80.8758;50.2206;7.8;
81.976;1.1051;7.8;
82.352;-30.9562;7.8;
82.9397;34.8819;7.8;
83.2846;46.8814;7.8;
85.2477;-21.5438;7.8;
87.0836;-24.4639;7.8;
87.6947;20.6718;7.8;
87.9383;-10.4372;7.8;
88.1352;-14.5571;7.8;
88.4775;-12.3943;7.8;
89.5447;-2.0349;7.8;
90.4364;-1.6783;7.8;
90.9506;18.2648;7.8;
91.0301;-29.339;7.8;
91.2123;16.6598;7.8;
91.8782;-36.3094;7.8;
91.9893;34.1637;7.8;
92.984;-1.3236;7.8;
93.3992;-2.2533;7.8;
94.5908;72.9506;7.8;
97.0234;-27.1436;7.8;
97.2898;17.4966;7.8;
97.3893;-7.3626;7.8;
98.6296;-18.8122;7.8;
98.7557;24.9209;7.8;
99.2538;-16.3567;7.8;
99.3619;-19.795;7.8;
100.156;3.3736;7.8;
100.7379;-15.7342;7.8;
100.813;54.1129;7.8;
101.5202;-20.6069;7.8;
102.0681;-38.6561;7.8;
102.4123;53.0312;7.8;
103.4639;14.7521;7.8;
103.6201;-43.1085;7.8;
103.7804;-8.499;7.8;
104.2303;-21.1014;7.8;
105.2981;-73.5525;7.8;
105.5204;-9.8869;7.8;
105.663;31.34;7.8;
105.7926;-70.5416;7.8;
106.0285;45.0634;7.8;
106.3506;-38.2339;7.8;
106.4214;20.9958;7.8;
107.001;15.5286;7.8;
107.4335;60.7431;7.8;
108.1414;72.6752;7.8;
108.6454;-31.4935;7.8;
109.2977;13.8657;7.8;
111.2027;41.9698;7.8;
115.1209;-30.0495;7.8;
117.0412;-42.5077;7.8;
117.3701;-15.3454;7.8;
117.4025;14.1313;7.8;
118.4509;-62.3801;7.8;
118.6912;30.3419;7.8;
118.8511;-53.6229;7.8;
120.9169;17.7258;7.8;
122.4637;12.6892;7.8;
123.3794;-23.9532;7.8;
123.4877;-50.3123;7.8;
124.1966;-64.4032;7.8;
130.182;38.1591;7.8;
130.396;-22.1943;7.8;
130.6401;-22.3862;7.8;
130.7258;16.4499;7.8;
130.8421;-52.2089;7.8;
131.5727;-20.4278;7.8;
131.8123;-51.9214;7.8;
135.0903;-9.1235;7.8;
135.6439;-31.0176;7.8;
136.0756;-60.566;7.8;
136.2145;24.6051;7.8;
137.3743;-44.5667;7.8;
138.6837;-4.5433;7.8;
138.7826;-53.3196;7.8;
138.9709;15.0086;7.8;
141.1611;-70.4099;7.8;
142.9479;-7.4961;7.8;
143.2578;30.5693;7.8;
143.6563;-16.3758;7.8;
143.954;0.2002;7.8;
145.0409;-1.0358;7.8;
145.181;-37.1595;7.8;
146.2211;-47.4803;7.8;
147.9811;49.622;7.8;
150.483;12.2458;7.8;
151.0789;-22.5591;7.8;
153.0627;-33.9114;7.8;
154.2931;-66.5916;7.8;
155.0558;-86.5568;7.8;
156.3962;-21.9532;7.8;
156.5509;81.5062;7.8;
156.6636;-75.1494;7.8;
157.494;27.8256;7.8;
158.1943;-43.6276;7.8;
158.4834;2.6231;7.8;
159.6062;-79.51;7.8;
160.0001;-23.6247;7.8;
161.4303;5.3834;7.8;
162.1751;-67.3052;7.8;
162.2862;-46.7783;7.8;
162.3577;41.39;7.8;
162.9377;13.566;7.8;
163.381;49.2313;7.8;
165.0485;-43.3895;7.8;
165.3992;66.4497;7.8;
165.7337;-45.445;7.8;
166.3232;-43.5425;7.8;
166.8379;-15.3604;7.8;
167.1803;-55.3544;7.8;
168.3961;-47.8238;7.8;
168.5194;62.2821;7.8;
169.1276;-69.9071;7.8;
169.4407;25.0514;7.8;
172.1472;-42.6777;7.8;
173.1065;29.0454;7.8;
173.2732;-54.3246;7.8;
173.9955;-50.7424;7.8;
178.5194;4.8792;7.8;
179.1763;-32.2682;7.8;
181.5016;-39.2202;7.8;
184.0343;80.1219;7.8;
184.4716;-55.9755;7.8;
187.0242;20.3544;7.8;
188.1928;-38.0768;7.8;
190.0713;-71.6452;7.8;
192.5826;-58.054;7.8;
193.7844;27.7664;7.8;
194.1302;85.8845;7.8;
195.7605;-19.0776;7.8;
197.4316;-36.1604;7.8;
198.8295;-57.2588;7.8;
200.9699;-75.9304;7.8;
205.9096;-72.9897;7.8;
206.0513;59.358;7.8;
209.923;42.0498;7.8;
209.9617;73.3982;7.8;
210.5024;57.2246;7.8;
214.2617;-4.3288;7.8;
215.3173;-11.3985;7.8;
218.3385;-6.9358;7.8;
218.9239;-52.4735;7.8;
220.1038;-30.5366;7.8;
220.1842;31.2899;7.8;
220.6304;2.2952;7.8;
222.2747;19.6982;7.8;
223.0517;-13.5052;7.8;
223.346;18.2354;7.8;Arcalís
224.5586;-36.0643;7.8;
225.5861;65.965;7.8;
226.8143;22.5644;7.8;
228.9098;33.3209;7.8;
230.5837;-59.1472;7.8;
231.8761;-10.9625;7.8;
233.0966;-50.6576;7.8;
233.4713;-62.083;7.8;
234.0241;-71.2167;7.8;
235.6459;-66.0201;7.8;
235.6748;67.0666;7.8;
236.7906;30.5656;7.8;
236.8472;-25.8677;7.8;
236.8575;18.8147;7.8;
238.2987;-65.0029;7.8;
238.4881;-51.8603;7.8;
241.2546;-39.2167;7.8;
242.3395;52.905;7.8;
242.7653;-13.9922;7.8;
243.0631;46.226;7.8;
243.7673;-56.3745;7.8;
244.0608;19.5248;7.8;
245.7868;47.6301;7.8;
246.1907;-72.5858;7.8;
248.5177;25.4767;7.8;
251.5433;33.7937;7.8;
253.0517;-62.7372;7.8;
258.0939;-0.7739;7.8;
258.8109;-57.8187;7.8;
259.9287;39.2901;7.8;
260.7336;9.365;7.8;
262.1898;-30.9316;7.8;
263.1117;35.7731;7.8;
263.6369;28.2086;7.8;
264.2683;20.2589;7.8;
265.3151;-34.9692;7.8;
266.7541;59.2536;7.8;
267.336;-23.3692;7.8;
267.655;9.5421;7.8;
268.6403;16.309;7.8;
270.131;-38.3573;7.8;
270.4177;16.7181;7.8;
272.5839;-31.5325;7.8;
272.9576;-58.9859;7.8;
273.6615;-36.8989;7.8;
275.1993;-56.9331;7.8;
275.8955;-21.664;7.8;
276.1311;13.7066;7.8;
277.0244;-38.3566;7.8;
279.2008;-26.2894;7.8;
279.4859;-0.3859;7.8;
279.7226;-76.4993;7.8;
282.2459;-8.4587;7.8;
282.862;51.0653;7.8;
283.6587;-26.8901;7.8;
284.1967;-14.028;7.8;
285.3498;-23.2282;7.8;
285.4715;19.1699;7.8;
287.9376;26.2493;7.8;
288.1944;-58.2664;7.8;
290.0375;27.9101;7.8;
290.1777;-74.6598;7.8;
291.076;-70.1076;7.8;
291.2927;-47.4567;7.8;
291.7411;-24.0462;7.8;
293.2331;39.6627;7.8;
293.9236;17.1086;7.8;
294.4748;24.7129;7.8;
296.2929;-70.0165;7.8;
297.3164;15.1246;7.8;
297.3789;82.4549;7.8;
298.0875;-11.3669;7.8;
298.2102;-23.1559;7.8;
300.0837;71.9002;7.8;
300.25;42.0086;7.8;
301.7269;-29.4157;7.8;
302.4891;25.5366;7.8;
302.7228;43.0973;7.8;
303.2439;27.2844;7.8;
303.9014;42.362;7.8;
304.0351;-7.7322;7.8;
304.2163;27.0547;7.8;
305.2232;-18.1562;7.8;
309.4232;19.0703;7.8;
309.517;27.0789;7.8;
309.5872;13.3314;7.8;
310.5216;-70.9309;7.8;
312.2775;58.7472;7.8;
312.3309;-8.7941;7.8;
313.76;28.0905;7.8;
318.8494;-6.0083;7.8;
320.1614;-57.8488;7.8;
320.3761;-11.4584;7.8;
321.0677;37.6623;7.8;
321.3464;51.1327;7.8;
321.618;-36.4431;7.8;
322.181;26.5698;7.8;
322.9539;33.8156;7.8;
325.9014;-83.0729;7.8;
326.57;25.9347;7.8;
327.9476;-70.3517;7.8;
329.1715;4.0107;7.8;
330.1076;-63.4313;7.8;
330.638;-0.9183;7.8;
330.9505;55.8492;7.8;
331.6742;53.1306;7.8;
331.7591;36.0937;7.8;
331.9921;13.0693;7.8;
335.5053;-67.0846;7.8;
337.4692;45.7447;7.8;
337.5739;-62.2822;7.8;
338.1359;1.5825;7.8;
338.3779;-35.4445;7.8;
339.9807;-14.5524;7.8;
342.6295;-6.9138;7.8;
345.3461;0.1213;7.8;
345.7985;-47.2553;7.8;
346.456;-61.1927;7.8;
348.2774;-55.1064;7.8;
350.7704;-10.7642;7.8;
350.9162;46.3682;7.8;
351.2043;-71.6274;7.8;
352.6425;-36.9575;7.8;
356.3084;82.8067;7.8;
356.9063;-83.8618;7.8;
357.5597;17.6462;7.8;
358.7502;8.3895;7.8;
359.3469;76.3145;7.8;
2.2021;-47.0608;7.81;
4.1348;-55.4696;7.81;
5.5711;24.6794;7.81;
7.0694;28.0605;7.81;
8.3269;13.8407;7.81;
9.7671;-41.8994;7.81;
11.0909;77.21;7.81;
12.7403;73.5673;7.81;
13.2051;56.6276;7.81;
13.8456;30.6617;7.81;
14.1371;9.2291;7.81;
14.1701;28.7982;7.81;
17.2214;45.2074;7.81;
20.1997;56.2073;7.81;
21.1027;-28.4977;7.81;
24.3204;46.4596;7.81;
25.2474;-76.2429;7.81;
25.3915;62.6768;7.81;
25.5267;-55.8655;7.81;
26.1284;39.9586;7.81;
28.8113;15.3408;7.81;
31.1024;-43.5077;7.81;
31.3724;-48.4906;7.81;
31.4791;6.6775;7.81;
32.4282;20.3481;7.81;
33.2904;30.5588;7.81;
35.9989;-47.9181;7.81;
36.0451;39.3461;7.81;
36.47;-23.8423;7.81;
37.1413;48.2942;7.81;
37.4753;-68.6108;7.81;
37.6973;36.1172;7.81;
38.0958;22.3341;7.81;
39.3637;-46.6462;7.81;
41.1039;62.2568;7.81;
43.558;-11.0894;7.81;
44.8578;1.6512;7.81;
45.0444;-20.8026;7.81;Ayeyarwady
45.4707;-47.559;7.81;
50.21;67.7562;7.81;
50.547;-5.1377;7.81;
50.8775;41.2069;7.81;
51.5924;-42.8363;7.81;
52.6678;-27.922;7.81;
54.3436;40.5381;7.81;
54.5853;-11.2015;7.81;
55.3464;34.9805;7.81;
58.9167;-51.7991;7.81;
59.2283;-49.7585;7.81;
60.0364;29.7108;7.81;
63.2605;-4.312;7.81;
67.8057;-4.86;7.81;
69.5408;-34.1104;7.81;
71.5687;3.2688;7.81;
73.0468;4.6925;7.81;
75.7029;-8.2095;7.81;
77.5406;-3.8525;7.81;
80.1243;-47.5177;7.81;
81.3309;-7.6964;7.81;
84.0047;63.519;7.81;
85.41;-2.259;7.81;
85.5854;-37.4581;7.81;
86.68;2.7074;7.81;
87.2824;4.2125;7.81;
87.4562;51.3736;7.81;
91.1931;-17.9562;7.81;
92.7791;-1.8838;7.81;
93.7557;76.5054;7.81;
94.2671;69.4781;7.81;
94.6197;-57;7.81;
95.5761;44.4121;7.81;
96.3047;11.6837;7.81;
96.3591;46.5337;7.81;
96.84;-15.316;7.81;
101.544;42.0456;7.81;
103.2833;-7.7655;7.81;
103.7374;11.9656;7.81;
104.3408;59.1855;7.81;
106.0065;8.2499;7.81;
106.1879;35.5305;7.81;
106.5136;44.864;7.81;
107.3772;-79.432;7.81;
107.9227;-29.808;7.81;
109.2527;-33.0462;7.81;
109.333;35.9972;7.81;
109.3664;-57.8939;7.81;
109.7772;-35.1842;7.81;
109.9514;20.4651;7.81;
110.1631;-58.6733;7.81;
111.016;-31.8922;7.81;
111.7497;-59.5787;7.81;
112.2434;74.1482;7.81;
113.5101;-37.3193;7.81;
115.6628;48.5229;7.81;
118.5547;-58.5747;7.81;
118.7649;-54.6415;7.81;
118.8488;63.3397;7.81;
119.1387;11.0458;7.81;
120.6539;15.9153;7.81;
121.377;-69.8637;7.81;
124.6854;-75.0147;7.81;
125.6414;-28.9768;7.81;
126.1014;-41.5238;7.81;
126.4563;-29.9306;7.81;
126.7644;-37.9427;7.81;
130.5246;-17.4297;7.81;
134.7574;-53.3434;7.81;
135.9337;20.0631;7.81;
136.8863;-39.8321;7.81;
137.6033;-14.9002;7.81;
138.2469;55.3783;7.81;
139.6043;-20.3712;7.81;
139.8474;61.5884;7.81;
141.8455;-36.8801;7.81;
142.549;31.3271;7.81;
142.7917;-35.9258;7.81;
145.4648;-54.2169;7.81;
145.9465;77.2219;7.81;
146.0648;34.7207;7.81;
146.9221;10.3849;7.81;
148.9673;-52.9791;7.81;
149.4671;76.613;7.81;
149.7136;-14.1431;7.81;
151.2289;55.4879;7.81;
152.1307;-3.4778;7.81;
153.6809;5.7495;7.81;
154.0705;-5.829;7.81;
155.3846;-29.938;7.81;
156.0176;39.0361;7.81;
156.748;29.6753;7.81;
160.7975;29.3847;7.81;
167.0571;3.5334;7.81;
169.9571;-53.4762;7.81;
170.4453;-5.7185;7.81;
170.7165;-57.6371;7.81;
171.1866;59.6638;7.81;
171.9187;-32.1496;7.81;
173.2701;-44.7706;7.81;
173.3059;38.8574;7.81;
174.233;-20.968;7.81;
174.3822;-47.3047;7.81;
174.3897;-4.5053;7.81;
176.3671;-21.474;7.81;
176.4059;-35.6053;7.81;
178.1331;-62.4484;7.81;
182.9185;-47.24;7.81;
184.4725;-6.4311;7.81;
184.9985;-28.5255;7.81;
190.8906;41.2616;7.81;
197.6325;-10.8146;7.81;
197.9872;-45.2788;7.81;
198.446;-64.3133;7.81;
198.6045;-35.4399;7.81;
200.7911;-24.7341;7.81;
201.0565;-67.3153;7.81;
202.4521;-57.5641;7.81;
203.4575;32.337;7.81;
211.1178;52.4157;7.81;
211.5672;55.4307;7.81;
213.1111;28.7173;7.81;
213.2345;50.7129;7.81;
214.7049;-12.0632;7.81;
218.0189;18.8361;7.81;
219.6792;65.8662;7.81;
220.3433;29.0588;7.81;
222.9186;-24.3041;7.81;
223.6071;64.6463;7.81;
224.4027;-12.638;7.81;
224.6295;9.4979;7.81;
225.0953;-18.6273;7.81;
229.6652;45.0173;7.81;
231.7852;-5.8177;7.81;
232.7076;-65.5993;7.81;
233.3914;-67.339;7.81;
234.2205;-53.7186;7.81;
236.5686;45.0218;7.81;
237.2704;-87.2666;7.81;
238.1286;28.9133;7.81;
238.9466;4.3342;7.81;
239.4907;-17.09;7.81;
240.0042;22.9961;7.81;
240.471;-64.4003;7.81;
240.7153;-13.812;7.81;
245.1225;-18.6903;7.81;
250.8873;-8.1184;7.81;
253.3769;-63.2351;7.81;
254.2488;-38.4334;7.81;
256.211;-81.0863;7.81;
257.7557;-72.8531;7.81;
259.6684;-10.2193;7.81;
259.7413;-15.2203;7.81;
259.7427;-32.9655;7.81;
261.2403;16.9349;7.81;
262.3864;-0.1691;7.81;
264.0426;74.0091;7.81;
264.5685;-32.8735;7.81;
264.844;18.007;7.81;
265.406;29.599;7.81;
265.4588;15.4159;7.81;
267.7824;38.4425;7.81;
268.0878;6.7675;7.81;
268.6594;-33.9563;7.81;
270.9819;-45.1786;7.81;
271.6099;-60.5332;7.81;
273.5838;-58.7059;7.81;
276.3229;46.8854;7.81;
277.6265;-59.2921;7.81;
277.7019;40.4883;7.81;
277.756;5.7525;7.81;
277.7903;25.1633;7.81;
278.5996;51.1132;7.81;
282.09;37.8201;7.81;
283.0416;-73.6079;7.81;
285.5559;-13.2538;7.81;
286.8111;-24.5239;7.81;
287.6446;-0.6957;7.81;
289.5231;-15.9537;7.81;
290.3954;-55.3779;7.81;
290.5516;22.5363;7.81;
290.8023;19.3754;7.81;
291.1745;22.2015;7.81;
291.4088;-2.0611;7.81;
292.3295;-1.3816;7.81;
292.4862;44.6897;7.81;
292.6667;35.1026;7.81;
293.2879;59.3961;7.81;
293.3592;23.4975;7.81;
295.1935;44.5285;7.81;
295.7133;35.7502;7.81;
296.2503;55.8476;7.81;
296.915;-25.6264;7.81;
298.7342;50.82;7.81;
302.3692;35.7337;7.81;
302.5055;-63.6587;7.81;
302.6337;30.2737;7.81;
303.0763;34.853;7.81;
303.327;71.1084;7.81;
303.9294;-2.5644;7.81;
306.4915;47.9684;7.81;
306.7683;47.9231;7.81;
307.6872;36.3939;7.81;
308.6149;-19.398;7.81;
308.6879;-27.2315;7.81;
309.825;2.1435;7.81;
309.8473;-11.7642;7.81;
312.9373;74.7803;7.81;
313.764;-7.1787;7.81;
315.3542;-23.0785;7.81;
315.5713;33.7389;7.81;
315.9961;43.5924;7.81;
316.3851;62.1589;7.81;
316.9832;-22.3353;7.81;
318.1223;45.86;7.81;
319.4128;66.6385;7.81;
319.8713;-41.0528;7.81;
320.231;40.0319;7.81;
320.7882;29.6393;7.81;
322.1716;-25.6441;7.81;
323.64;10.9192;7.81;
324.0356;41.9325;7.81;
324.6009;-29.6405;7.81;
327.6546;49.4378;7.81;
328.3537;11.6344;7.81;
331.9062;-24.3936;7.81;
334.0673;30.0479;7.81;
335.0679;-12.2216;7.81;
340.3589;-27.2571;7.81;
344.9447;-16.3985;7.81;
347.4156;-66.472;7.81;
348.3647;-8.9081;7.81;
353.0206;-59.0038;7.81;
353.379;70.3673;7.81;
354.2159;43.3089;7.81;
354.2767;53.4528;7.81;
355.3688;-41.5803;7.81;
355.5078;-29.6242;7.81;
355.886;-22.9023;7.81;
356.1023;57.759;7.81;
0.7533;-60.6919;7.82;
1.2347;23.2696;7.82;
1.967;55.577;7.82;
5.5417;-61.2974;7.82;
5.8312;62.3141;7.82;
6.6287;56.1132;7.82;
6.9138;-16.4126;7.82;
12.5684;-15.8786;7.82;
12.9766;27.7795;7.82;
13.3306;33.9242;7.82;
16.3094;-57.7949;7.82;
19.9362;6.1619;7.82;
20.4831;47.2824;7.82;
22.9786;16.047;7.82;
23.93;-53.1998;7.82;
27.3444;-72.4119;7.82;
29.4028;65.4101;7.82;
29.8924;55.7147;7.82;
31.3207;29.104;7.82;
32.5645;-61.097;7.82;
34.6501;37.0671;7.82;
34.7767;-82.954;7.82;
35.4195;-85.7179;7.82;
40.3594;-53.3201;7.82;
40.4237;-47.1291;7.82;
41.6429;85.7993;7.82;
42.8435;-2.9974;7.82;
43.0486;-0.6504;7.82;
43.5407;-50.8463;7.82;
43.8681;35.8984;7.82;
43.9178;14.7068;7.82;
45.1583;47.8851;7.82;
48.7078;-14.4433;7.82;
49.5175;24.8772;7.82;
50.2844;77.0674;7.82;
50.9461;58.4695;7.82;
52.9462;36.4839;7.82;
53.1614;3.1499;7.82;
57.5415;29.6443;7.82;
58.7735;18.5905;7.82;
59.4358;5.7388;7.82;
60.5637;22.4223;7.82;
60.9633;53.2775;7.82;
61.2926;-21.4529;7.82;
61.7455;-15.9893;7.82;
63.4777;50.4782;7.82;
64.1876;46.7781;7.82;
64.7456;1.7504;7.82;
65.834;-25.395;7.82;
67.6926;40.1466;7.82;
67.8177;7.4526;7.82;
68.6631;51.0032;7.82;
72.7004;56.5303;7.82;
74.9081;-22.3993;7.82;
75.0367;69.9589;7.82;
76.6619;-65.3762;7.82;
78.3543;3.6871;7.82;
80.0887;-46.5637;7.82;
81.9363;-1.8131;7.82;
83.376;52.653;7.82;
84.4594;0.3173;7.82;
85.1287;-10.433;7.82;
88.7481;-30.3058;7.82;
89.2776;-41.7565;7.82;
91.3748;-40.0607;7.82;
91.8473;3.0917;7.82;
93.1135;-3.6367;7.82;
93.3648;10.248;7.82;
93.5434;2.5746;7.82;
95.2535;-3.5032;7.82;
96.9484;-4.8247;7.82;
99.4165;1.8115;7.82;
99.4591;-36.1139;7.82;
101.1295;-19.6588;7.82;
101.3789;-1.43;7.82;
101.8362;5.4738;7.82;
103.5465;-13.6393;7.82;
103.6689;68.2521;7.82;
105.4691;-15.3847;7.82;
106.1488;-32.008;7.82;
107.8212;-34.3894;7.82;
108.7254;62.1367;7.82;
109.3054;31.9616;7.82;
109.8366;51.4935;7.82;
109.863;-37.5066;7.82;
110.0573;39.9179;7.82;
111.6763;73.0836;7.82;
112.3449;-21.8692;7.82;
113.512;57.2583;7.82;
113.7643;-28.4981;7.82;
115.0764;-26.5903;7.82;
116.2909;-24.6527;7.82;
116.9829;21.0349;7.82;
117.2535;28.574;7.82;
117.5285;22.7317;7.82;
117.9885;-31.6364;7.82;
118.8573;-46.6659;7.82;
119.0834;10.8649;7.82;
119.4537;-34.9284;7.82;
119.7695;-54.5469;7.82;
121.021;-21.3764;7.82;
121.0964;12.2896;7.82;
121.2253;12.1787;7.82;
122.8049;-1.5664;7.82;
126.0244;-34.9679;7.82;
127.1542;-58.3698;7.82;
127.7643;-15.1847;7.82;
128.2935;33.4313;7.82;
128.4027;13.5508;7.82;
129.4288;-54.9945;7.82;
130.2273;16.4997;7.82;
130.5275;-52.7564;7.82;
131.8952;0.0777;7.82;
131.9616;66.2106;7.82;
133.5779;22.2113;7.82;
133.9188;41.6779;7.82;
134.7443;73.081;7.82;
135.3461;-3.3681;7.82;
135.9713;-52.8986;7.82;
136.9753;-55.3243;7.82;
137.4843;-44.1757;7.82;
140.2625;51.306;7.82;
140.3525;-24.8124;7.82;
140.7293;-34.874;7.82;
141.8241;-66.5737;7.82;
143.1065;-11.1846;7.82;
145.2557;-46.1661;7.82;
145.5073;-37.0827;7.82;
146.1287;-73.9004;7.82;
146.3712;-37.7335;7.82;
147.5997;-1.4222;7.82;
148.1196;27.7741;7.82;
148.3292;84.4822;7.82;
150.3157;-22.765;7.82;
152.1849;23.4805;7.82;
152.2845;50.8213;7.82;
153.1926;-44.0088;7.82;
153.2996;21.4199;7.82;
153.9521;-52.6532;7.82;
154.6201;-56.5599;7.82;
154.7509;-11.1851;7.82;
155.6604;24.5963;7.82;
156.7917;-37.2131;7.82;
158.0229;17.9897;7.82;
159.4203;-85.1946;7.82;
159.4803;-17.7349;7.82;
161.3062;3.73;7.82;
162.2386;43.9273;7.82;
174.9025;-35.2325;7.82;
175.4559;-63.4146;7.82;
178.6394;14.1513;7.82;
178.8674;-33.4516;7.82;
178.9962;-64.6331;7.82;
183.0879;-59.5157;7.82;
185.8413;-26.4715;7.82;
186.0165;-26.014;7.82;
186.3708;-19.3587;7.82;
187.0343;-52.0753;7.82;
189.2988;-24.8925;7.82;
189.5717;-12.3855;7.82;
190.2309;27.1391;7.82;
190.5735;-15.0837;7.82;
191.3101;-57.358;7.82;
191.462;-45.8455;7.82;
195.6004;59.246;7.82;
199.3493;-21.538;7.82;
200.4528;17.7655;7.82;
203.0098;-51.8383;7.82;
203.7838;20.7819;7.82;
204.242;-76.5084;7.82;
204.4669;-42.5146;7.82;
205.0023;25.9266;7.82;
205.0777;-57.6132;7.82;
205.1121;-53.8602;7.82;
207.2057;-8.1904;7.82;
208.361;-78.6251;7.82;
211.3411;76.9816;7.82;
211.7835;-8.4394;7.82;
212.8355;-3.3385;7.82;
214.0921;-53.3268;7.82;
215.505;51.1114;7.82;
215.9276;-12.9804;7.82;
216.0295;-41.2372;7.82;
216.7585;1.7149;7.82;
217.1242;-22.9748;7.82;
219.7338;-23.3117;7.82;
220.1058;-29.3016;7.82;
220.163;-65.4183;7.82;
223.9061;52.5673;7.82;
224.7425;17.327;7.82;
229.5473;31.6471;7.82;
229.6379;65.4209;7.82;
230.1957;-40.898;7.82;
230.5314;55.6903;7.82;
232.248;-55.6273;7.82;
235.0179;2.5549;7.82;
235.0728;34.2603;7.82;
236.4495;59.3121;7.82;
236.7154;46.2968;7.82;
237.2212;23.2415;7.82;
242.9605;34.3966;7.82;
243.9737;-15.8878;7.82;
244.7753;-7.3194;7.82;
246.0678;-55.2195;7.82;
246.663;5.334;7.82;
247.3471;43.0157;7.82;
247.4775;-24.9795;7.82;
249.1899;10.7204;7.82;
249.9492;34.6254;7.82;
250.9071;-20.6967;7.82;
252.4334;28.3852;7.82;
252.458;21.6779;7.82;
253.5339;-4.3402;7.82;
255.9823;53.2313;7.82;
256.2011;-17.9575;7.82;
256.597;-37.1016;7.82;
257.1288;-29.9855;7.82;
257.5429;38.7363;7.82;
258.8062;30.3013;7.82;
260.7362;-20.2152;7.82;
261.2847;53.1327;7.82;
262.4196;-49.79;7.82;
263.2072;47.8887;7.82;
265.3666;37.8616;7.82;
265.3845;19.1474;7.82;
265.6568;75.5394;7.82;
265.9823;69.074;7.82;
267.0265;-66.2043;7.82;
267.6821;-35.532;7.82;
268.7153;-63.2759;7.82;
268.9341;-44.9301;7.82;
270.0837;1.6102;7.82;
270.7994;-75.6893;7.82;
271.378;-63.1942;7.82;
273.3178;35.197;7.82;
273.8816;56.8869;7.82;
274.0089;-14.9242;7.82;
276.0376;10.9578;7.82;
276.1069;34.2665;7.82;
277.5324;-16.1913;7.82;
277.7062;3.1546;7.82;
279.6493;-49.4508;7.82;
280.2825;12.2103;7.82;
281.1389;-7.1106;7.82;
281.2653;46.1355;7.82;
281.4502;68.7278;7.82;
284.5144;47.1918;7.82;
285.0923;37.9958;7.82;
288.9589;37.299;7.82;
289.9206;7.7956;7.82;
291.052;-68.2589;7.82;
291.6442;-56.922;7.82;
291.9574;72.4777;7.82;
291.9764;-42.5604;7.82;
292.1603;-10.347;7.82;
297.0687;37.1604;7.82;
297.9922;20.9177;7.82;
299.4336;17.1459;7.82;
300.8553;51.7384;7.82;
301.0419;25.7902;7.82;
302.405;33.4109;7.82;
303.0092;23.9191;7.82;
303.0231;-10.7159;7.82;
304.2365;34.1397;7.82;
304.6808;33.2503;7.82;
305.3098;-73.9775;7.82;
306.1885;28.5247;7.82;
306.7831;-38.993;7.82;
307.557;27.8661;7.82;
309.4837;-57.874;7.82;
309.8964;30.5041;7.82;
311.5404;-21.7458;7.82;
312.316;-46.6488;7.82;
314.099;36.3774;7.82;
315.4785;23.6659;7.82;
317.412;42.4332;7.82;
319.0313;10.9299;7.82;
319.3578;-5.3651;7.82;
320.777;-30.8119;7.82;
324.2774;53.3767;7.82;
326.5196;79.0186;7.82;
328.4242;-28.6706;7.82;
332.6862;42.7366;7.82;
333.6949;-5.8866;7.82;
339.5514;-25.6564;7.82;
340.3929;54.3867;7.82;
340.9549;33.9262;7.82;
344.6262;-51.1272;7.82;
345.0115;-46.4922;7.82;
351.4604;61.4348;7.82;
351.6485;64.3047;7.82;
352.8347;-58.2097;7.82;Poerava
353.1294;43.2065;7.82;
356.7757;-73.0993;7.82;
358.0322;36.3559;7.82;
358.4843;12.0009;7.82;
359.8839;-52.8435;7.82;
0.1993;23.5382;7.83;
0.4374;-16.5317;7.83;
1.2246;-31.9967;7.83;
2.5588;60.026;7.83;
4.7441;50.694;7.83;
4.7521;60.3353;7.83;
4.8096;59.7049;7.83;
6.0554;-23.4033;7.83;
7.4623;-0.3208;7.83;
7.8467;-45.9015;7.83;
9.6383;-10.6901;7.83;
11.0331;17.9296;7.83;
11.4182;7.845;7.83;
11.4887;-30.7092;7.83;
12.6044;50.6304;7.83;
15.4287;9.746;7.83;
15.6548;59.2868;7.83;
15.7057;7.5008;7.83;
17.8108;41.2214;7.83;
18.2293;-35.7459;7.83;
18.3882;25.0059;7.83;
18.4243;8.9746;7.83;
20.0588;35.1221;7.83;
20.2666;38.0342;7.83;
21.9807;-3.5734;7.83;
22.1423;-37.9596;7.83;
22.3456;20.4817;7.83;
23.3613;-43.9013;7.83;
23.3767;-70.8678;7.83;
23.9349;-60.9666;7.83;
25.3425;-0.5066;7.83;
27.9537;-49.995;7.83;
28.0904;-39.4164;7.83;
30.2731;-11.0491;7.83;
32.6393;-48.0945;7.83;
33.5568;-63.7957;7.83;
33.5916;-5.2701;7.83;
35.0869;-44.0582;7.83;
38.3142;-14.3627;7.83;
39.9657;0.1463;7.83;
41.0017;-33.1717;7.83;
42.033;-36.9816;7.83;
44.2036;68.836;7.83;
45.3622;-28.4351;7.83;
47.6151;-33.0498;7.83;
48.6968;8.9808;7.83;
48.7377;-44.1205;7.83;
49.3385;36.3545;7.83;
51.0718;-45.0968;7.83;
53.7045;-44.6434;7.83;
56.2106;-56.3345;7.83;
56.8649;-50.0647;7.83;
60.032;-12.4229;7.83;
60.467;-20.4751;7.83;
61.3775;-7.5972;7.83;
61.6731;1.6839;7.83;
61.9919;-50.1756;7.83;
62.0482;-48.3457;7.83;
62.917;5.3231;7.83;
63.9268;20.8198;7.83;
64.1733;26.358;7.83;
64.7687;-31.3271;7.83;
65.944;69.1296;7.83;
67.2012;17.2855;7.83;
67.6222;46.1503;7.83;
68.0665;77.6239;7.83;
68.5624;3.7497;7.83;
69.0544;47.3566;7.83;
69.4995;-13.0323;7.83;
71.8983;45.9997;7.83;
73.6483;-39.0891;7.83;
74.2117;-44.1925;7.83;
75.0492;-6.301;7.83;
76.3221;-21.2585;7.83;
77.6744;-36.2748;7.83;
79.8385;-7.3472;7.83;
81.2529;69.2236;7.83;
83.5163;3.0575;7.83;
85.4421;48.4656;7.83;
86.3359;-23.8358;7.83;
87.3551;18.6181;7.83;
89.7468;45.8639;7.83;
90.4606;31.3268;7.83;
90.5489;-19.6915;7.83;
92.3606;27.1939;7.83;
92.431;29.2384;7.83;
95.2466;0.2396;7.83;
97.132;39.1104;7.83;
98.2101;-12.0566;7.83;
98.4915;27.0448;7.83;
99.0094;55.6927;7.83;
99.7743;-37.5327;7.83;
101.1523;0.5893;7.83;
102.1451;-27.3809;7.83;
103.3273;-9.6903;7.83;
105.1981;-26.0934;7.83;
105.5561;20.8282;7.83;
107.1776;10.024;7.83;
107.6614;63.3175;7.83;
108.484;-9.4556;7.83;
108.7527;-2.8235;7.83;
109.0541;-17.2965;7.83;
109.4458;-25.9857;7.83;
113.8217;0.5458;7.83;
114.9534;-6.2443;7.83;
115.1258;-28.2192;7.83;
116.0357;42.3096;7.83;
117.8881;-32.7161;7.83;
118.6182;26.1672;7.83;
119.1956;9.0482;7.83;
119.2666;2.9508;7.83;
119.4238;27.4882;7.83;
124.0232;-57.2692;7.83;
124.311;-40.2415;7.83;
125.0977;-46.9923;7.83;
126.7357;-36.6808;7.83;
129.2941;-53.2593;7.83;
131.3767;33.2397;7.83;
131.8257;15.3292;7.83;
132.1866;-47.7634;7.83;
132.2737;-39.9544;7.83;
132.9556;11.8942;7.83;
133.2448;16.3569;7.83;
133.8201;-67.2655;7.83;
134.0301;43.6776;7.83;
134.2871;-51.0705;7.83;
135.4308;35.8593;7.83;
135.9637;-41.5554;7.83;
136.5934;-59.2064;7.83;
136.9499;-9.8537;7.83;
141.2346;-50.2862;7.83;
143.5261;33.0163;7.83;
144.2185;22.2441;7.83;
144.6151;28.006;7.83;
147.9435;39.6224;7.83;
149.5634;-67.0132;7.83;
150.3532;30.5873;7.83;
153.6543;-67.1426;7.83;
154.8418;9.2129;7.83;
157.2141;34.8857;7.83;
159.1057;-26.7327;7.83;
159.6338;-2.0506;7.83;
166.2385;38.4106;7.83;
168.7059;-70.3605;7.83;
169.3296;47.9363;7.83;
170.5671;-25.1949;7.83;
172.487;-55.2642;7.83;
175.1608;-49.5092;7.83;
175.8329;0.1852;7.83;
176.1449;82.3214;7.83;
179.1824;-32.2674;7.83;
180.7498;-22.1524;7.83;
181.2082;-32.8024;7.83;
182.9514;-53.0932;7.83;
184.2518;-74.1437;7.83;
188.1835;-56.3084;7.83;
190.7472;-4.0493;7.83;
192.2336;64.7351;7.83;
192.9667;0.085;7.83;
193.3171;-56.1937;7.83;
194.6329;-58.2562;7.83;
195.0742;-42.5009;7.83;
195.2649;24.3163;7.83;
195.3342;38.0482;7.83;
196.3618;-17.0044;7.83;
196.4465;-35.1119;7.83;
197.1103;15.4915;7.83;
197.1247;-2.679;7.83;
197.2743;-49.495;7.83;
198.768;-30.1814;7.83;
204.6805;9.9808;7.83;
205.3727;-27.2322;7.83;
206.007;-59.236;7.83;
208.511;-23.5429;7.83;
211.2031;-6.5524;7.83;
211.8888;-40.6511;7.83;
213.3498;-33.5183;7.83;
213.6265;-76.4577;7.83;
214.6569;53.9407;7.83;
215.1148;-17.5284;7.83;
216.8794;-48.3837;7.83;
217.6863;-26.8359;7.83;
218.0083;75.2767;7.83;
218.4252;-55.9611;7.83;
218.9725;-69.0206;7.83;
220.3759;-2.0411;7.83;
222.2891;20.4013;7.83;
223.2235;-8.6956;7.83;
226.6788;-62.4012;7.83;
227.3932;-83.9095;7.83;
228.4765;-43.3567;7.83;
229.8418;-60.3752;7.83;
230.3779;-0.8724;7.83;
232.3812;-46.907;7.83;
233.0255;-69.1734;7.83;
234.7766;-48.6138;7.83;
237.3339;10.0814;7.83;
237.9843;42.6516;7.83;
240.0886;54.5226;7.83;
241.2114;-40.7377;7.83;
241.2678;33.1524;7.83;
241.4428;-39.8433;7.83;
241.4762;-89.3085;7.83;
242.5228;-57.7598;7.83;
242.6344;53.0426;7.83;
243.4818;-67.0752;7.83;
243.7094;70.9297;7.83;
246.5996;-56.8845;7.83;
249.7747;24.6962;7.83;
250.3442;16.1065;7.83;
250.9387;51.5425;7.83;
253.064;-5.7888;7.83;
254.7932;-53.0237;7.83;
256.6881;33.936;7.83;
256.8101;-2.867;7.83;
257.6104;29.1675;7.83;
259.8987;21.9427;7.83;
262.9156;64.5109;7.83;
264.3497;-8.0368;7.83;
264.8365;-43.1647;7.83;
267.6189;44.4894;7.83;
271.7294;-52.9672;7.83;
273.1305;49.0987;7.83;
276.542;8.7776;7.83;
276.9496;-16.4273;7.83;
278.2208;-65.2616;7.83;
280.535;49.3852;7.83;
284.1129;-40.5822;7.83;
285.8568;5.9944;7.83;
288.0242;-21.9283;7.83;
288.4992;7.5172;7.83;
289.7956;-72.6497;7.83;
292.3995;12.4043;7.83;
292.5059;-53.6186;7.83;
293.1797;-81.5305;7.83;
294.946;-19.2307;7.83;
295.8203;52.5611;7.83;
296.7421;34.4195;7.83;
297.5679;-22.7799;7.83;
298.5034;49.2424;7.83;
298.6221;47.9138;7.83;
298.8944;29.5149;7.83;
299.5881;28.6109;7.83;
299.6525;29.9411;7.83;
301.1241;-44.9469;7.83;
302.7093;-43.603;7.83;
302.8758;1.0688;7.83;
303.2246;19.5443;7.83;
303.867;13.6481;7.83;
304.0488;-23.5102;7.83;
307.1349;-36.1944;7.83;
307.7683;54.5904;7.83;
307.8698;8.9211;7.83;
311.7211;47.1115;7.83;
313.9268;34.0264;7.83;
317.7952;45.4559;7.83;
318.0289;45.7035;7.83;
318.2466;28.1548;7.83;
318.9913;45.7316;7.83;
321.5523;56.509;7.83;
321.8725;-30.8459;7.83;
322.2694;40.3045;7.83;
322.6501;7.1737;7.83;
323.1263;-73.893;7.83;
323.7518;47.0899;7.83;
325.2661;-57.7382;7.83;
326.036;25.1788;7.83;
326.9214;44.011;7.83;
327.5274;-78.2218;7.83;
328.121;-27.3152;7.83;
328.5373;25.4215;7.83;
330.9087;52.7171;7.83;
331.5137;-44.5371;7.83;
332.3942;-41.2249;7.83;
332.7628;-40.2811;7.83;
334.5234;16.389;7.83;
334.8417;-40.284;7.83;
336.7714;39.6719;7.83;
336.888;51.9766;7.83;
336.9466;37.8224;7.83;
340.1808;-29.6745;7.83;
341.6677;4.908;7.83;
342.1692;7.8453;7.83;
343.683;42.5107;7.83;
344.0347;35.6944;7.83;
344.6557;39.7927;7.83;
346.0663;75.5172;7.83;
346.1697;49.3299;7.83;
348.518;84.2424;7.83;
351.3545;-14.0159;7.83;
355.8839;-74.2149;7.83;
356.8745;49.2933;7.83;
358.4881;-30.357;7.83;
358.7822;-4.6681;7.83;
359.0803;74.1378;7.83;
359.7092;33.7424;7.83;
0.5524;49.7711;7.84;
2.1911;14.142;7.84;
3.5551;-35.8084;7.84;
3.58;52.861;7.84;
4.5898;49.5097;7.84;
5.583;-67.6266;7.84;
8.9472;-73.222;7.84;
9.8876;-29.8202;7.84;
10.425;20.1371;7.84;
12.435;-7.8493;7.84;
13.1334;-20.9963;7.84;
14.1903;60.0332;7.84;
14.6322;16.3136;7.84;
19.2712;29.9927;7.84;
19.8275;-34.4905;7.84;
20.6153;-61.0031;7.84;
23.7578;29.1007;7.84;
26.0391;38.522;7.84;
26.1986;25.7966;7.84;
26.8898;-2.9121;7.84;
30.2677;-2.4953;7.84;
31.906;29.7415;7.84;
31.9063;8.8463;7.84;
32.2049;-35.823;7.84;
33.1962;-44.489;7.84;
34.5249;13.4297;7.84;
37.0622;34.1955;7.84;
39.8318;-2.0728;7.84;
41.9786;44.2063;7.84;
44.3049;-24.9751;7.84;
45.0572;-81.0885;7.84;
46.4918;34.0094;7.84;
46.6342;33.6253;7.84;
46.8837;39.0867;7.84;
47.7926;7.174;7.84;
48.1517;-30.1555;7.84;
48.2379;44.2873;7.84;
48.3049;-49.3294;7.84;
52.3538;69.4597;7.84;
54.6787;2.7279;7.84;
54.8007;41.2828;7.84;
55.0058;-55.5478;7.84;
55.0123;-34.5498;7.84;
55.4869;66.1175;7.84;
57.7137;35.0998;7.84;
58.3834;25.7299;7.84;
58.766;61.1668;7.84;
59.1197;22.6744;7.84;
59.6475;-68.3437;7.84;
60.7952;38.0548;7.84;
60.9945;-6.0518;7.84;
63.2037;54.4126;7.84;
64.1393;-6.7276;7.84;
64.2292;4.5427;7.84;
64.9878;-4.4388;7.84;
65.3047;0.8638;7.84;
65.3784;-14.2732;7.84;
66.4711;47.0585;7.84;
69.0966;62.9091;7.84;
71.8998;50.569;7.84;
72.2085;-23.2792;7.84;
72.4248;-41.8541;7.84;
72.4411;21.9497;7.84;
75.1012;24.1627;7.84;
76.0356;54.8644;7.84;
77.6981;20.5692;7.84;
77.7954;35.3577;7.84;
78.0137;-49.0602;7.84;
78.965;-63.3416;7.84;
79.3151;-27.2459;7.84;
79.6932;-17.5728;7.84;
83.4765;27.164;7.84;
84.3725;65.1418;7.84;
85.0439;5.665;7.84;
85.1787;-36.5849;7.84;
85.2165;-31.3511;7.84;
85.5834;-27.7074;7.84;
85.9067;59.9381;7.84;
87.5778;-62.0802;7.84;
88.0993;-26.2912;7.84;
89.3655;5.0013;7.84;
91.4251;-61.7486;7.84;
92.3463;55.9634;7.84;
93.3158;9.598;7.84;
94.6668;21.1806;7.84;
95.1323;-1.3666;7.84;
95.5661;-26.2774;7.84;
96.5426;55.7037;7.84;
96.8771;29.6422;7.84;
99.5266;51.2021;7.84;
99.7327;15.2068;7.84;
99.8207;13.6861;7.84;
99.9875;11.681;7.84;
100.7249;23.2138;7.84;
101.273;-52.3623;7.84;
101.8641;-28.5588;7.84;
102.4378;7.8452;7.84;
102.7757;68.2181;7.84;
102.8167;2.139;7.84;
105.1582;-35.8379;7.84;
105.546;65.7515;7.84;
105.6495;-19.769;7.84;
105.6924;-8.4524;7.84;
106.4097;3.9494;7.84;
107.147;0.4598;7.84;
107.2935;30.387;7.84;
107.4713;-5.7358;7.84;
108.2189;-53.8944;7.84;
109.2727;59.9165;7.84;
109.6129;-23.5574;7.84;
109.745;-52.5398;7.84;
109.9878;-4.5834;7.84;
111.2176;44.8519;7.84;
111.3243;49.6569;7.84;
111.4709;6.7133;7.84;
111.7344;-65.5975;7.84;
112.45;-44.9119;7.84;
114.454;-2.5971;7.84;
116.284;-48.9154;7.84;
116.3802;-58.9549;7.84;
116.7082;-8.82;7.84;
118.3718;-61.0545;7.84;
119.5914;-59.6975;7.84;
121.9087;-37.4356;7.84;
121.9333;27.0133;7.84;
123.0327;-35.7328;7.84;
123.3455;20.2805;7.84;
124.8986;-0.7893;7.84;
125.4298;-20.688;7.84;
126.7448;49.5653;7.84;
127.2177;-48.1904;7.84;
127.3725;-60.1793;7.84;
127.3817;-18.7575;7.84;
127.4281;-34.0649;7.84;
129.6105;-46.7764;7.84;
130.6217;-59.5273;7.84;
133.0998;13.2334;7.84;
133.6143;14.245;7.84;
134.3433;54.8462;7.84;
134.5757;-59.1939;7.84;
134.8433;7.415;7.84;
136.7688;60.5279;7.84;
136.9926;81.0411;7.84;
137.2574;-28.9569;7.84;
137.3091;-8.1819;7.84;
137.5758;52.3849;7.84;
139.3633;31.301;7.84;
141.3795;-75.7731;7.84;
142.1769;-20.7999;7.84;
144.2814;16.2258;7.84;
144.5255;-56.3217;7.84;
144.8629;-54.2651;7.84;
146.3602;-64.4999;7.84;
146.8512;-81.0613;7.84;
147.1476;43.5365;7.84;
148.966;26.8511;7.84;
149.1578;-89.7824;7.84;
149.255;-9.5865;7.84;
150.424;-60.1129;7.84;
151.4466;50.9196;7.84;
152.5999;-5.4703;7.84;
152.7961;-7.0447;7.84;
153.9329;-31.2015;7.84;
153.9692;-57.375;7.84;
154.55;-50.8237;7.84;
155.3428;-0.2203;7.84;
155.4311;-9.7739;7.84;
156.1917;-0.7902;7.84;
156.2929;-57.0638;7.84;
157.0232;3.3157;7.84;
158.6823;26.1589;7.84;
158.9371;-17.3732;7.84;
162.3768;43.0677;7.84;
162.9135;-22.0718;7.84;
165.5725;-42.8042;7.84;
166.0794;5.2249;7.84;
166.4677;-41.907;7.84;
167.1123;-73.9758;7.84;
172.8386;22.8177;7.84;
173.015;18.1551;7.84;
173.07;-60.8534;7.84;
173.6811;51.9682;7.84;
174.1613;-73.3536;7.84;
177.6211;-17.7402;7.84;
179.6883;37.8772;7.84;
180.101;-30.3366;7.84;
180.1584;18.3347;7.84;
180.3047;30.6383;7.84;
184.7477;-60.2027;7.84;
185.0133;83.374;7.84;
187.6606;-9.8245;7.84;
188.8898;-34.8819;7.84;
189.034;-33.7461;7.84;
190.4826;-47.6061;7.84;
191.7654;-43.2645;7.84;
193.4091;59.526;7.84;
195.6827;-61.3321;7.84;
197.6942;-24.1792;7.84;
198.3147;-15.4605;7.84;
199.167;-5.5735;7.84;
201.0016;-41.9032;7.84;
202.608;-56.2096;7.84;
203.3602;39.9337;7.84;
203.5418;75.7976;7.84;
204.5158;50.96;7.84;
208.1199;-36.8356;7.84;
208.5957;7.5429;7.84;
208.6562;-66.9011;7.84;
208.968;-59.3712;7.84;
209.0857;31.8817;7.84;
210.3327;-56.2242;7.84;
212.8714;-49.4352;7.84;
215.7177;-55.9623;7.84;
217.3859;-37.0395;7.84;
217.4307;48.8955;7.84;
218.4215;-6.8705;7.84;
218.6664;-59.7846;7.84;
218.7723;-43.5545;7.84;
221.9194;-34.7335;7.84;
222.9092;39.1032;7.84;
224.237;-65.098;7.84;
226.0952;-53.6226;7.84;
227.1265;72.3693;7.84;
229.3651;22.2999;7.84;
229.714;29.9175;7.84;
230.5909;-25.4595;7.84;
232.9333;-28.4071;7.84;
233.2496;-17.247;7.84;
235.5628;-7.9141;7.84;
236.3681;8.6532;7.84;
236.3906;40.1775;7.84;
236.8583;59.4857;7.84;
238.2684;41.2952;7.84;
239.7813;50.6393;7.84;
240.0649;73.9356;7.84;
240.844;-63.3669;7.84;
241.4132;-32.8624;7.84;
241.7143;-21.8638;7.84;
242.9612;-27.5527;7.84;
243.0401;-0.1108;7.84;
246.0024;19.6346;7.84;
248.5504;-52.6215;7.84;
250.5305;-29.125;7.84;
253.3713;-1.1305;7.84;
254.2558;12.9636;7.84;
254.8954;29.5495;7.84;
256.0221;46.0899;7.84;
257.2479;3.7595;7.84;
259.8506;-38.0037;7.84;
259.9729;51.8812;7.84;
260.644;-19.6162;7.84;
260.9911;-9.3583;7.84;
261.0819;72.9358;7.84;
262.3086;27.8819;7.84;
263.4488;34.5417;7.84;
263.6299;-55.18;7.84;
267.0665;-67.6961;7.84;
268.4202;-53.425;7.84;
269.1048;-47.4519;7.84;
269.3827;33.8472;7.84;
271.0704;42.0959;7.84;
272.0727;-10.5507;7.84;
272.1732;-20.0872;7.84;
272.9256;-40.2109;7.84;
273.9131;22.0506;7.84;
275.0852;-36.4294;7.84;
275.7702;29.3651;7.84;
275.9628;-42.4224;7.84;
277.0444;43.9261;7.84;
277.5594;-49.489;7.84;
278.0115;25.0672;7.84;
279.1235;5.2887;7.84;
279.1721;6.0424;7.84;
279.1744;-17.2068;7.84;
280.0356;-51.6523;7.84;
280.5207;11.761;7.84;
281.1281;33.9961;7.84;
283.6178;-60.6217;7.84;
283.6667;-40.5801;7.84;
284.1719;21.3793;7.84;
285.2183;-39.0732;7.84;
285.8564;26.0529;7.84;
287.6953;31.3216;7.84;
288.288;-20.4219;7.84;
288.5878;30.3509;7.84;
288.9547;49.1809;7.84;
289.9364;12.9211;7.84;
290.1969;21.8116;7.84;
290.7208;-32.9191;7.84;Sika
292.0137;-19.3428;7.84;
293.7926;62.6593;7.84;
294.8701;-41.1858;7.84;
297.8872;50.6543;7.84;
298.0009;31.7073;7.84;
298.2623;37.3855;7.84;
299.0471;55.0235;7.84;
299.2986;-7.4047;7.84;
300.7605;5.738;7.84;
300.9845;31.1238;7.84;
302.362;-43.9172;7.84;
302.5963;49.8211;7.84;
303.187;-10.8397;7.84;
303.835;30.0204;7.84;
304.0576;40.9633;7.84;
304.6679;49.4978;7.84;
306.3134;42.1795;7.84;
307.3988;60.9925;7.84;
307.4198;-4.1826;7.84;
307.7026;-52.8081;7.84;
308.4069;25.8774;7.84;
309.3109;-13.1842;7.84;
312.0549;-16.7389;7.84;
313.0898;-3.2206;7.84;
313.6073;12.0743;7.84;
313.9088;-30.8958;7.84;
314.3716;-3.2367;7.84;
317.2211;-73.3963;7.84;
317.2797;-27.1076;7.84;
318.5567;54.4818;7.84;
318.9793;-9.3911;7.84;
320.1941;-38.7814;7.84;
321.317;24.4915;7.84;
321.8716;-20.2128;7.84;
323.6585;49.5265;7.84;
323.9188;-59.6932;7.84;
324.1484;32.4286;7.84;
329.4935;76.09;7.84;
330.6977;-39.6562;7.84;
332.0616;-23.7322;7.84;
332.0639;-17.836;7.84;
332.1838;-59.2852;7.84;
332.9625;6.2909;7.84;
334.9952;47.4727;7.84;
335.0236;-38.7651;7.84;
336.2164;-41.3875;7.84;
337.1222;48.5429;7.84;
338.7409;22.3013;7.84;
340.1682;26.7379;7.84;
340.2198;-45.5061;7.84;
340.6507;74.3312;7.84;
341.8337;31.0374;7.84;
342.3237;47.9301;7.84;
343.3802;38.4447;7.84;
346.3631;-58.8993;7.84;
346.5978;38.5698;7.84;
348.383;-40.9358;7.84;
348.4993;24.2331;7.84;
351.629;31.7471;7.84;
353.2231;47.0123;7.84;
353.8174;-9.6899;7.84;
354.4583;-45.5688;7.84;
354.7932;6.2012;7.84;
357.3339;27.0339;7.84;
359.3333;72.8592;7.84;
359.3341;22.368;7.84;
2.001;-7.5447;7.85;
2.6881;58.0183;7.85;
2.9017;-23.6324;7.85;
9.1013;8.8741;7.85;
9.4634;47.5057;7.85;
11.0565;-7.8879;7.85;
11.8781;-36.9402;7.85;
12.0024;36.487;7.85;
18.8435;-62.1089;7.85;
20.761;-12.9661;7.85;
21.1286;39.025;7.85;
22.6043;66.2404;7.85;
22.8578;-55.9681;7.85;
23.4263;-50.4018;7.85;
23.9249;-55.238;7.85;
24.0415;37.6075;7.85;
24.0706;4.3143;7.85;
24.9775;-9.9722;7.85;
25.3869;18.6521;7.85;
29.1969;23.0511;7.85;
31.7488;-34.7538;7.85;
32.1289;58.8653;7.85;
33.7213;54.5317;7.85;
33.8624;55.5951;7.85;
36.4463;20.2801;7.85;
37.1863;3.5728;7.85;
40.0069;-57.6681;7.85;
42.5501;72.9143;7.85;
46.033;87.0261;7.85;
46.2091;-65.1847;7.85;
47.1846;15.3348;7.85;
48.8663;-34.8436;7.85;
48.9725;-14.7991;7.85;
49.8804;-42.5704;7.85;
51.0161;-26.0367;7.85;
51.3029;-21.0726;7.85;
51.3955;-38.3126;7.85;
51.9566;24.1828;7.85;
51.9634;20.9252;7.85;
53.5664;-6.5207;7.85;
53.8145;-49.4174;7.85;
55.2091;39.1171;7.85;
57.0047;-64.8366;7.85;
58.8925;-33.2149;7.85;
59.1504;6.7106;7.85;
61.5672;15.6981;7.85;
61.6823;27.5222;7.85;
62.0448;-65.5769;7.85;
63.9003;41.8694;7.85;
64.6344;4.9519;7.85;
64.8937;-25.9566;7.85;
65.6663;47.66;7.85;
65.7613;-36.4916;7.85;
67.8181;-81.2658;7.85;
67.878;-32.5187;7.85;
69.7905;74.4688;7.85;
70.5471;67.2933;7.85;
70.739;2.4184;7.85;
70.7931;-15.6209;7.85;
71.3013;35.1582;7.85;
71.6119;-17.8226;7.85;
71.7064;-26.3025;7.85;
71.8944;-79.8072;7.85;
73.2524;55.0449;7.85;
73.4018;-57.3321;7.85;
78.0096;-75.3603;7.85;
78.5205;66.0567;7.85;
80.8615;-49.3749;7.85;
81.4273;-53.4807;7.85;
83.5167;69.6608;7.85;
84.1274;-1.9838;7.85;
84.1589;-10.4989;7.85;
84.9681;52.8975;7.85;
85.2734;39.6354;7.85;
86.7641;7.5846;7.85;
87.1426;-53.6764;7.85;
87.267;-31.6924;7.85;
87.3221;29.7268;7.85;
87.6577;-1.4295;7.85;
87.9849;39.563;7.85;
88.3333;61.6761;7.85;
89.2151;-1.1647;7.85;
90.0814;-31.0287;7.85;
94.7835;33.7954;7.85;
95.0727;-36.3532;7.85;
96.0305;-50.5298;7.85;
96.9392;-2.6598;7.85;
97.7889;9.9398;7.85;
100.9054;16.7829;7.85;
102.9621;41.5763;7.85;
103.1983;-23.047;7.85;
105.6684;-13.1898;7.85;
106.128;8.2485;7.85;
108.1895;-15.5018;7.85;
108.6707;-32.5629;7.85;
108.7087;-1.3757;7.85;
109.2928;-24.3521;7.85;
109.4057;0.1812;7.85;
110.8719;41.3641;7.85;
111.0058;1.987;7.85;
111.9285;-3.0715;7.85;
113.2375;62.6085;7.85;
113.557;10.8243;7.85;
113.9051;-36.163;7.85;
114.1916;12.8655;7.85;
114.5649;-34.9804;7.85;
115.8331;-70.0641;7.85;
116.0215;-31.3325;7.85;
116.4292;64.7166;7.85;
116.5811;-28.9105;7.85;
121.088;10.2496;7.85;
121.1602;-24.3638;7.85;
121.1994;6.1861;7.85;
121.6028;-22.2269;7.85;
121.8798;-51.111;7.85;
122.3246;-0.1169;7.85;
122.9363;11.1834;7.85;
123.021;46.9416;7.85;
123.6247;-38.5087;7.85;
125.7111;-54.4817;7.85;
126.6027;-41.1872;7.85;
127.5949;2.8436;7.85;
127.6541;-27.8343;7.85;
132.013;-71.316;7.85;
132.2633;-5.2398;7.85;
132.9662;66.4487;7.85;
136.9354;-10.4906;7.85;
137.88;-28.4278;7.85;
138.7144;4.2106;7.85;
139.2566;-41.3196;7.85;
141.1691;-79.0746;7.85;
142.0873;-10.3188;7.85;
145.4363;-12.6141;7.85;
145.9395;55.9525;7.85;
146.2033;-19.4524;7.85;
148.5348;-18.2653;7.85;
149.7729;-72.789;7.85;
151.3697;-9.548;7.85;
151.7736;-17.4844;7.85;
152.2882;53.0457;7.85;
152.3306;38.4307;7.85;
154.0052;-5.096;7.85;
154.033;-1.5978;7.85;
155.512;-58.7807;7.85;
160.273;-73.2834;7.85;
162.8076;9.2245;7.85;
163.8335;-75.1919;7.85;
164.7247;33.317;7.85;
165.1836;-25.7173;7.85;
167.2469;-57.4198;7.85;
173.4866;13.552;7.85;
176.4707;58.0275;7.85;
176.8302;24.4243;7.85;
177.6099;-2.4185;7.85;
178.2319;-65.2416;7.85;
178.5322;18.1696;7.85;
179.454;60.4615;7.85;
180.0377;-44.8605;7.85;
180.6106;-11.9342;7.85;
184.4621;25.5713;7.85;
184.9178;62.3591;7.85;
189.3125;-35.1016;7.85;
190.3519;19.0748;7.85;
191.6562;47.3723;7.85;
192.2792;-42.6343;7.85;
193.3211;-30.0155;7.85;
194.7808;-45.9622;7.85;
195.4934;-51.0699;7.85;
198.9055;-41.1413;7.85;
199.2981;-46.4767;7.85;
200.8147;-14.927;7.85;
202.6252;34.4928;7.85;
202.6596;-38.8822;7.85;
205.7262;-2.4684;7.85;
205.8033;-35.2902;7.85;
208.3846;-41.6344;7.85;
208.6699;78.975;7.85;
208.7357;-5.8761;7.85;
208.817;3.2754;7.85;
209.2727;-24.4139;7.85;
209.8878;48.5495;7.85;
209.9092;-61.7233;7.85;
212.7279;-25.321;7.85;
213.3418;62.7046;7.85;
213.6143;-4.7856;7.85;
213.6216;-75.7621;7.85;
214.1866;53.2636;7.85;
216.8874;-51.9331;7.85;
217.1342;10.326;7.85;
217.3804;-10.5666;7.85;
218.35;71.5812;7.85;
220.0255;5.0669;7.85;
220.6454;4.4867;7.85;
222.5231;-37.3989;7.85;
222.8854;13.4776;7.85;
224.2329;4.1506;7.85;
225.1472;50.578;7.85;
225.6253;-22.0141;7.85;
226.0669;29.0785;7.85;
226.2322;-49.1784;7.85;
226.8532;0.0293;7.85;
228.1436;35.9716;7.85;
229.2209;-8.2856;7.85;
233.0745;-9.5864;7.85;
236.8345;-20.4694;7.85;
237.0844;-49.7633;7.85;
238.1406;-1.9063;7.85;
239.0295;39.4294;7.85;
240.4655;59.6307;7.85;
241.7102;16.3524;7.85;
242.3092;-56.9021;7.85;
243.6307;66.3768;7.85;
247.9568;-0.0425;7.85;
249.0326;17.4718;7.85;
249.2023;-6.2943;7.85;
252.1337;26.5995;7.85;
254.5098;-12.0843;7.85;
254.6471;-30.8441;7.85;
255.0975;17.9165;7.85;
255.5344;51.9423;7.85;
256.7503;-56.0383;7.85;
256.8604;-53.7557;7.85;
258.9159;-34.3522;7.85;
258.99;51.8053;7.85;
258.9962;-53.9424;7.85;
259.3152;13.8688;7.85;
259.3504;13.3102;7.85;
260.0004;7.9697;7.85;
262.8653;71.2479;7.85;
263.4701;8.1038;7.85;
265.57;-32.5232;7.85;
269.0308;-1.41;7.85;
269.5052;42.002;7.85;
273.3439;-25.1514;7.85;
274.1186;-46.5547;7.85;
274.5504;45.1567;7.85;
274.6344;18.3808;7.85;
275.4599;15.626;7.85;
276.6146;-69.5093;7.85;
278.1575;-15.7016;7.85;
279.0514;-13.8338;7.85;
279.3551;2.6294;7.85;
280.6738;-69.387;7.85;
280.6892;70.5687;7.85;
280.8503;23.4614;7.85;
281.1671;-38.1285;7.85;
282.557;-54.3597;7.85;
283.4758;40.3238;7.85;
284.0214;56.6616;7.85;
285.2765;15.6837;7.85;
287.6759;23.8516;7.85;
288.8903;61.5652;7.85;
289.3422;80.4764;7.85;
290.6333;27.1596;7.85;
290.8801;-69.4074;7.85;
294.2942;-54.1536;7.85;
294.7752;-13.6697;7.85;
295.0691;-21.3022;7.85;
295.1697;-51.5501;7.85;
296.5812;22.4694;7.85;
297.8637;-42.0934;7.85;
299.4474;26.3731;7.85;
299.8542;-55.0455;7.85;
302.1663;24.7583;7.85;
302.347;-1.274;7.85;
303.0776;32.081;7.85;
306.0117;39.5415;7.85;
306.5719;-13.8631;7.85;
306.7961;-48.5931;7.85;
309.3277;-62.168;7.85;
309.4285;35.1999;7.85;
310.177;14.5269;7.85;
310.9118;19.728;7.85;
310.9742;-5.9541;7.85;
311.6322;-24.9144;7.85;
311.9501;31.6718;7.85;
311.9557;-23.4753;7.85;
312.1993;48.2332;7.85;
312.5785;-67.1843;7.85;
313.0214;-33.8819;7.85;
313.7591;17.2596;7.85;
314.0355;21.4404;7.85;
315.5086;3.7661;7.85;
315.5918;-17.3105;7.85;
315.7116;28.3234;7.85;
319.1923;5.2522;7.85;
319.2427;1.0259;7.85;
319.486;17.6282;7.85;
320.1747;-22.3868;7.85;
324.0709;9.7846;7.85;
324.9603;-50.4917;7.85;
325.8267;12.5184;7.85;
326.5543;-24.8172;7.85;
327.8291;22.8599;7.85;
327.9705;42.3439;7.85;
329.0205;24.3399;7.85;
329.4664;61.0189;7.85;
330.8807;-5.8902;7.85;
331.0414;-21.78;7.85;
331.4602;4.865;7.85;
336.3006;42.0318;7.85;
336.6937;21.8697;7.85;
337.4425;68.2212;7.85;
338.8568;-61.6419;7.85;
341.0374;27.5974;7.85;
341.4067;-83.7419;7.85;
343.0448;-34.6342;7.85;
345.4762;-5.9663;7.85;
345.6109;-0.598;7.85;
345.7177;7.6298;7.85;
346.4472;43.8847;7.85;
352.8273;-64.3715;7.85;
353.6366;-60.8684;7.85;
354.0729;-7.1172;7.85;
357.0491;27.7155;7.85;
357.8367;-36.0343;7.85;
1.371;34.1057;7.86;
8.402;-38.6858;7.86;
8.4147;20.4338;7.86;
9.0245;54.8485;7.86;
9.7443;44.6631;7.86;
10.8603;56.534;7.86;
12.0937;61.5845;7.86;
12.9844;4.0603;7.86;
13.3676;19.0947;7.86;
13.877;-12.5524;7.86;
14.4938;7.6116;7.86;
14.8122;83.1027;7.86;
16.2856;-37.5636;7.86;
16.7434;50.5861;7.86;
17.2601;-42.4018;7.86;
17.5547;40.9353;7.86;
17.7772;32.5178;7.86;
18.2871;11.6827;7.86;
19.1853;5.0556;7.86;
20.2653;25.1584;7.86;
21.1789;36.0639;7.86;
21.4838;-47.8989;7.86;
22.7709;43.6207;7.86;
22.8732;-44.6561;7.86;
23.5551;68.6825;7.86;
24.3214;46.9487;7.86;
24.5098;21.8862;7.86;
25.6873;63.8909;7.86;
28.1861;-54.0114;7.86;
28.4486;88.5516;7.86;
29.0925;-33.7312;7.86;
30.0348;-4.2836;7.86;
30.0811;-32.0873;7.86;
30.2547;73.4264;7.86;
30.6265;-40.5203;7.86;
31.0005;-32.5186;7.86;
31.6273;-23.5666;7.86;
33.9389;42.4683;7.86;
33.9764;36.7706;7.86;
36.3607;60.5169;7.86;
36.3735;-67.7687;7.86;
36.4854;-9.2398;7.86;
39.6291;-44.7077;7.86;
41.1783;-0.8461;7.86;
42.6657;48.2908;7.86;
42.7229;62.3677;7.86;
43.1868;-21.2314;7.86;
44.9716;-0.6797;7.86;
45.8888;14.4707;7.86;
46.6119;34.114;7.86;
46.9358;-65.9198;7.86;
49.0808;19.3378;7.86;
49.5824;-9.7316;7.86;
50.3512;-61.4881;7.86;
50.8289;16.5657;7.86;
51.2489;-5.3638;7.86;
51.2526;-14.1161;7.86;
52.903;-12.7348;7.86;
54.054;-18.5503;7.86;
56.6738;48.802;7.86;
57.9633;-46.1625;7.86;
60.2082;-64.4221;7.86;
60.7775;41.9321;7.86;
61.2182;-30.222;7.86;
62.6722;-25.4259;7.86;
62.7707;-5.2705;7.86;
63.3464;65.9355;7.86;
64.6985;-34.1212;7.86;
64.7674;24.0279;7.86;
65.3396;53.7008;7.86;
65.6866;16.791;7.86;
66.2951;25.7492;7.86;
66.441;-69.9937;7.86;
67.3592;-2.4141;7.86;
67.7835;7.3322;7.86;
67.9518;-24.1102;7.86;
68.1364;44.9025;7.86;
69.3062;-22.6149;7.86;
70.9194;68.1496;7.86;
72.3635;65.6364;7.86;
72.4205;49.5883;7.86;
73.8272;2.9632;7.86;
74.0204;-5.3228;7.86;
74.8722;71.6079;7.86;
75.3434;42.0061;7.86;
75.4235;-78.1831;7.86;
76.2778;-68.0864;7.86;
76.4558;13.2861;7.86;
76.6808;-4.4952;7.86;
77.4371;-33.5209;7.86;
77.7975;23.0641;7.86;
78.705;41.3349;7.86;
80.2453;-64.075;7.86;
80.298;-2.8599;7.86;
80.8673;-1.0024;7.86;
82.3927;-72.8115;7.86;
82.5788;66.2349;7.86;
85.295;-54.4644;7.86;
85.5663;-75.8311;7.86;
86.5067;-12.4235;7.86;
86.7517;-44.8002;7.86;
86.916;4.8526;7.86;
89.184;-13.1585;7.86;
89.2844;19.2167;7.86;
89.3726;35.777;7.86;
89.4528;2.0656;7.86;
91.2277;66.9429;7.86;
91.4691;5.7379;7.86;
92.7329;47.5048;7.86;
93.7014;-1.7184;7.86;
94.0541;-34.0545;7.86;
94.8265;-12.5333;7.86;
95.7745;74.8461;7.86;
95.9911;-45.9474;7.86;
96.7857;-21.5525;7.86;
96.9939;18.8136;7.86;
97.1647;-3.7845;7.86;
98.6657;1.7277;7.86;
98.8047;-25.8402;7.86;
100.6685;-36.6304;7.86;
101.7902;-30.9577;7.86;
101.991;-13.703;7.86;
102.1608;-54.0142;7.86;
103.2998;34.9604;7.86;
103.5464;-30.6131;7.86;
104.4142;-12.3352;7.86;
104.6121;75.1982;7.86;
104.9004;-13.0022;7.86;
106.4534;-13.8232;7.86;
106.7353;-7.5574;7.86;
108.4978;13.9744;7.86;
108.5871;-18.4353;7.86;
109.8633;10.4437;7.86;
110.3361;-41.9903;7.86;
110.797;-39.0908;7.86;
113.2868;-13.4201;7.86;
114.1185;2.8677;7.86;
115.8462;-47.0467;7.86;
117.6969;-70.7781;7.86;
118.0928;-59.4931;7.86;
119.0027;6.5122;7.86;
120.4013;-35.7889;7.86;
120.8455;-38.6387;7.86;
120.9811;3.3988;7.86;
124.8058;14.2007;7.86;
126.1158;7.6379;7.86;
126.3238;-34.367;7.86;
127.35;13.1376;7.86;
128.3503;-34.6487;7.86;
128.5629;-12.3464;7.86;
129.0776;-64.6586;7.86;
129.1681;-60.3276;7.86;
129.3837;-30.4988;7.86;
129.4442;26.2376;7.86;
129.8589;-4.029;7.86;
130.594;-46.5794;7.86;
130.8868;-52.0038;7.86;
132.3633;-30.9339;7.86;
132.771;-34.4202;7.86;
135.3983;-0.0011;7.86;
135.875;76.3977;7.86;
136.6392;38.0886;7.86;
136.7456;8.329;7.86;
137.7018;-79.3586;7.86;
138.6435;-84.6232;7.86;
140.1917;61.3496;7.86;
140.5342;5.5788;7.86;
141.3154;44.6255;7.86;
141.4955;-31.369;7.86;
143.3154;83.7416;7.86;
143.4439;62.8278;7.86;
144.7905;-67.5725;7.86;
145.6407;-13.9789;7.86;
145.9396;-76.7672;7.86;
146.5171;-2.5919;7.86;
146.7079;-16.5466;7.86;
146.9213;29.5917;7.86;
147.4503;66.563;7.86;
148.4928;-62.1196;7.86;
148.7717;-45.7408;7.86;
149.163;-0.4615;7.86;
150.0071;24.5527;7.86;
150.0569;-35.3134;7.86;
150.1103;-58.7784;7.86;
151.2487;-46.937;7.86;
151.2964;-16.954;7.86;
151.4857;-54.5927;7.86;
152.7165;-25.4378;7.86;
153.1193;-76.0775;7.86;
154.4324;-12.0788;7.86;
156.9711;-56.2067;7.86;
157.9077;-40.811;7.86;
158.0059;29.7326;7.86;
159.8316;-37.4405;7.86;
161.2113;-35.344;7.86;
162.3975;-29.9944;7.86;
164.5459;-35.6653;7.86;
164.6714;21.5089;7.86;
164.7677;-34.8761;7.86;
165.9707;38.9609;7.86;
166.0879;14.7248;7.86;
166.1372;-30.8425;7.86;
166.4681;-72.6724;7.86;
166.7914;-10.0583;7.86;
169.4922;-64.0426;7.86;
170.379;-12.6986;7.86;
171.3824;42.6329;7.86;
171.4482;40.9374;7.86;
174.506;-54.7031;7.86;
176.0843;38.5276;7.86;
176.7112;15.0019;7.86;
176.8739;-33.8994;7.86;
176.9786;32.491;7.86;
177.5149;-57.047;7.86;
177.8438;57.6407;7.86;Aniara
178.8703;-62.1964;7.86;
180.2008;-49.5685;7.86;
180.3653;6.5061;7.86;
180.8824;-2.4469;7.86;
181.0713;-21.0392;7.86;
182.0107;6.0364;7.86;
183.0593;-4.402;7.86;
183.47;-0.6391;7.86;
183.5289;-36.5565;7.86;
184.8192;-47.83;7.86;
184.881;40.9394;7.86;
185.6433;26.6215;7.86;
185.7912;-52.4205;7.86;
186.3769;-69.4767;7.86;
187.4814;24.3385;7.86;
190.3714;-56.3046;7.86;
193.0949;-49.5988;7.86;
193.128;-52.6673;7.86;
193.1419;1.9436;7.86;
195.3889;-32.5592;7.86;
196.1957;-8.5711;7.86;
197.5017;16.1479;7.86;
199.5931;3.7524;7.86;
200.9365;19.0912;7.86;
201.3286;64.8456;7.86;
202.562;-1.8951;7.86;
202.9675;-6.0148;7.86;
205.6832;33.8448;7.86;
208.5054;13.8347;7.86;
212.1037;-12.5654;7.86;
213.3428;-39.9786;7.86;
213.6994;-68.7318;7.86;
214.1014;37.13;7.86;
214.1014;-41.2332;7.86;
215.6726;-26.7867;7.86;
216.2589;-30.7996;7.86;
216.4416;-21.4312;7.86;
216.7512;-57.2885;7.86;
217.9223;-43.0882;7.86;
220.0698;48.709;7.86;
220.7716;-65.229;7.86;
221.9372;71.6012;7.86;
222.0371;-58.5717;7.86;
222.7156;-4.1335;7.86;
226.7842;-27.4773;7.86;
227.7191;30.6722;7.86;
228.7339;-66.1573;7.86;
231.8122;50.6196;7.86;
234.226;-15.514;7.86;
237.7693;22.3176;7.86;
238.8576;-43.9738;7.86;
239.905;53.1529;7.86;
240.9604;8.2298;7.86;
241.0397;-37.3074;7.86;
241.3632;-6.2905;7.86;
243.7996;47.0401;7.86;
246.004;29.616;7.86;
248.318;-51.337;7.86;
251.0583;65.2374;7.86;
252.1058;55.3899;7.86;
252.5266;16.4956;7.86;
257.0036;44.1694;7.86;
258.0977;-22.9252;7.86;
258.6048;77.3509;7.86;
258.6756;-63.8653;7.86;
262.6315;68.7482;7.86;
263.0806;-42.1817;7.86;
263.8196;-12.3478;7.86;
264.5437;34.9753;7.86;
266.0525;-41.6613;7.86;
266.7915;4.4293;7.86;
270.3723;40.3237;7.86;
270.4215;40.1783;7.86;
272.0339;25.1751;7.86;
273.3932;13.6428;7.86;
273.4805;16.4163;7.86;
273.7591;-20.8712;7.86;
274.0638;28.1753;7.86;
274.6106;2.9612;7.86;
274.7464;39.2671;7.86;
275.1433;31.0668;7.86;
275.4981;42.2893;7.86;
275.8477;38.3023;7.86;
279.2207;54.8137;7.86;
279.8073;-28.1806;7.86;
279.8763;-32.9948;7.86;
280.0214;24.7034;7.86;
280.2755;-82.8979;7.86;
280.5863;34.5573;7.86;
284.0736;23.0704;7.86;
284.4497;-56.1267;7.86;
285.1426;39.8449;7.86;
285.8727;73.3791;7.86;
287.5411;2.3574;7.86;
289.9592;43.5563;7.86;
290.8242;9.5116;7.86;
291.1276;37.1878;7.86;
292.1024;8.3581;7.86;
293.4;36.046;7.86;
293.43;39.728;7.86;
293.9075;22.5019;7.86;
294.4892;26.0167;7.86;
294.7415;32.5621;7.86;
295.1067;26.3159;7.86;
296.9434;63.8604;7.86;
297.5549;48.3916;7.86;
298.4252;14.3271;7.86;
299.8522;-8.0894;7.86;
301.0386;11.7945;7.86;
301.4792;18.2444;7.86;
301.7654;-17.1951;7.86;
303.8413;18.4658;7.86;
304.2873;21.5669;7.86;
304.3154;-19.9609;7.86;
304.7281;55.5456;7.86;
305.3084;43.5892;7.86;
305.7445;20.329;7.86;
306.0941;19.575;7.86;
307.4422;-58.772;7.86;
308.3053;-58.1123;7.86;
308.6958;-33.922;7.86;
309.1004;62.0145;7.86;
309.1541;62.432;7.86;
310.3867;15.3859;7.86;
310.4266;43.4433;7.86;
310.7971;51.1443;7.86;
311.2864;6.0244;7.86;
311.3011;-1.043;7.86;
312.1387;21.6267;7.86;
312.264;22.3913;7.86;
313.5934;69.9475;7.86;
313.6444;11.4424;7.86;
313.8442;62.4212;7.86;
316.0147;14.3734;7.86;
316.6538;-41.3846;7.86;
318.9046;33.8853;7.86;
320.9171;55.2941;7.86;
321.5593;-21.8301;7.86;
321.9467;-59.3635;7.86;
322.5616;2.4554;7.86;
322.9294;6.7504;7.86;
323.3988;27.6027;7.86;
324.7538;9.8882;7.86;
326.9249;-66.8055;7.86;
326.9912;51.6269;7.86;
327.0669;54.3874;7.86;
330.0194;55.0198;7.86;
331.1448;-56.2997;7.86;
331.7227;-29.614;7.86;
333.46;0.8764;7.86;
333.7476;-52.1965;7.86;
334.1402;34.5215;7.86;
335.4999;-19.4354;7.86;
336.7903;8.9241;7.86;
337.243;50.9631;7.86;
337.9358;10.7632;7.86;
338.448;1.8599;7.86;
338.7757;-1.5247;7.86;
339.4681;14.9865;7.86;
339.6907;-53.7314;7.86;
339.9278;31.1457;7.86;
340.1828;43.4933;7.86;
340.5287;-68.399;7.86;
341.4088;41.8829;7.86;
341.8431;-6.7303;7.86;
342.7771;-56.479;7.86;
344.8557;72.7121;7.86;
345.2827;-9.5539;7.86;
348.9018;79.2329;7.86;
348.9652;56.6762;7.86;
351.9922;23.5867;7.86;
352.0185;8.6315;7.86;
353.5283;-14.2294;7.86;
356.6435;55.1522;7.86;
357.7911;-2.5205;7.86;
357.8893;47.4878;7.86;
357.9528;-33.4525;7.86;
358.26;59.4216;7.86;
358.7701;-37.3649;7.86;
0.2772;53.1669;7.87;
3.8854;13.4194;7.87;
5.0704;-77.2226;7.87;
6.1864;20.0708;7.87;
6.5763;6.0944;7.87;
9.3888;-53.721;7.87;
12.1831;-17.5471;7.87;
13.3787;18.3938;7.87;
15.3407;11.9127;7.87;
15.3575;18.5372;7.87;
19.2534;-42.5327;7.87;
19.7571;-77.0308;7.87;
20.0878;18.1224;7.87;
23.6456;0.2326;7.87;
25.2026;-14.8921;7.87;
26.2604;43.7063;7.87;
26.5817;40.9833;7.87;
26.8631;43.0804;7.87;
28.3108;26.0449;7.87;
29.2094;-43.1782;7.87;
29.7134;55.5817;7.87;
30.4591;84.7408;7.87;
30.5471;-24.0399;7.87;
33.8988;-23.3689;7.87;
33.9414;55.9963;7.87;
34.7033;-26.4402;7.87;
35.5294;-36.1068;7.87;
35.9751;-65.3359;7.87;
37.6343;-1.6715;7.87;
38.2757;-72.4439;7.87;
38.7955;-28.6976;7.87;
39.7152;39.1502;7.87;
40.1817;-58.1372;7.87;
40.6962;32.8695;7.87;
41.8026;26.7384;7.87;
44.023;-79.592;7.87;
44.6116;81.06;7.87;
46.8335;-51.4596;7.87;
48.4591;51.7848;7.87;
50.9039;32.9946;7.87;
51.1871;40.7609;7.87;
52.7533;27.7243;7.87;
57.0086;7.1296;7.87;
58.7133;52.4199;7.87;
58.8615;-37.9789;7.87;
61.5441;-59.876;7.87;
61.8282;13.5383;7.87;
64.0273;0.5978;7.87;
64.7288;1.7735;7.87;
64.8757;19.9478;7.87;
65.0607;-3.7514;7.87;
66.1685;12.904;7.87;
67.791;-78.6329;7.87;
71.8139;-62.8291;7.87;
72.8683;-0.5466;7.87;
73.1453;-10.4887;7.87;
73.1945;51.5427;7.87;
74.3047;10.8099;7.87;
76.2408;60.1794;7.87;
76.4801;-13.9137;7.87;
77.2991;18.9586;7.87;
77.5377;-31.3491;7.87;
77.7388;-1.7639;7.87;
77.9256;46.9423;7.87;
77.9965;-47.274;7.87;
79.5432;-61.9507;7.87;
81.7556;27.6102;7.87;
83.8218;25.829;7.87;
89.3999;-41.1048;7.87;
90.0326;-0.5018;7.87;
91.4514;-16.9594;7.87;
92.9667;-50.7928;7.87;
94.007;33.199;7.87;
94.7436;4.1913;7.87;
96.0488;15.8508;7.87;
96.1765;35.1451;7.87;
98.8083;47.9488;7.87;
98.8889;-16.0078;7.87;
100.682;11.7715;7.87;
100.8136;6.117;7.87;
102.7989;44.0596;7.87;
102.9406;17.6737;7.87;
103.8069;5.434;7.87;
106.9457;-3.371;7.87;
107.6582;-45.5812;7.87;
107.8746;58.015;7.87;
108.6412;5.2707;7.87;
108.9817;-27.4484;7.87;
109.3873;-18.7946;7.87;
109.8744;-70.2084;7.87;
113.6275;44.9255;7.87;
113.9908;-3.3683;7.87;
115.3029;21.4469;7.87;
115.7104;61.1574;7.87;
115.7259;45.8179;7.87;
115.9296;-22.168;7.87;
116.2525;15.895;7.87;
116.471;26.7256;7.87;
116.7202;81.6824;7.87;
116.8975;-30.5486;7.87;
117.0105;83.069;7.87;
118.0041;-41.7868;7.87;
118.8779;8.7216;7.87;
119.0376;-9.8632;7.87;
119.8559;9.9358;7.87;
120.5103;-42.7702;7.87;
124.0535;40.3333;7.87;
124.4809;38.8008;7.87;
124.6739;33.3358;7.87;
125.4516;14.3193;7.87;
126.5662;-42.1375;7.87;
126.8153;-3.5255;7.87;
128.2267;-38.1751;7.87;
128.8123;-31.2856;7.87;
129.0425;-36.2636;7.87;
130.3718;2.6087;7.87;
131.5211;-37.0149;7.87;
131.6229;17.4959;7.87;
132.1871;12.596;7.87;
135.4732;59.4162;7.87;
135.8463;-57.7664;7.87;
136.6908;15.2163;7.87;
140.1759;-29.2198;7.87;
144.4772;-0.3197;7.87;
144.5556;23.5469;7.87;
145.2321;43.9925;7.87;
145.6217;-35.5779;7.87;
145.8767;-13.6957;7.87;
148.6372;-2.6176;7.87;
149.4527;-1.9472;7.87;
151.3987;51.3911;7.87;
152.1555;-31.1027;7.87;
152.8491;-50.4903;7.87;
154.6613;-49.9126;7.87;
155.5488;-65.6902;7.87;
155.931;2.6193;7.87;
158.5303;12.3744;7.87;
159.6415;-17.8873;7.87;
159.9949;18.0626;7.87;
162.1216;-44.3786;7.87;
162.5015;-64.5414;7.87;
163.4494;-32.3268;7.87;
165.524;-15.6925;7.87;
167.5326;-27.5319;7.87;
169.2071;-50.9262;7.87;
169.8172;-37.7246;7.87;
172.1961;1.2038;7.87;
172.3329;-0.3428;7.87;
172.7347;-20.2;7.87;
172.9529;-60.6934;7.87;
173.4141;-57.6451;7.87;
174.0612;66.3452;7.87;
174.4497;-52.8912;7.87;
174.8427;-39.3854;7.87;
177.109;-3.2389;7.87;
177.4113;18.9353;7.87;
181.1545;3.1617;7.87;
183.5074;-59.3969;7.87;
185.0262;-56.7176;7.87;
185.9152;-20.0881;7.87;
186.9444;-18.2353;7.87;
188.6241;-58.3313;7.87;
190.9185;-35.414;7.87;
192.2003;13.3238;7.87;
194.5263;17.7683;7.87;
194.7883;7.9008;7.87;
196.9786;19.9328;7.87;
197.7826;-71.8142;7.87;
197.8167;-41.4197;7.87;
202.5168;-44.7126;7.87;
202.7091;-27.6113;7.87;
202.9252;18.9662;7.87;
204.5064;-14.5923;7.87;
204.5233;66.6064;7.87;
205.2573;-29.7308;7.87;
206.5241;34.06;7.87;
206.83;-2.4435;7.87;
208.5893;73.3133;7.87;
208.6394;-68.2375;7.87;
208.9457;-18.249;7.87;
209.5147;-33.9774;7.87;
212.514;-36.9939;7.87;
214.1508;-7.4668;7.87;
214.4134;-40.8617;7.87;
214.7739;-22.9535;7.87;
218.0074;-48.849;7.87;
218.5406;-19.5192;7.87;
220.2467;-2.8447;7.87;
221.3508;13.8463;7.87;
226.2202;70.7658;7.87;
226.6354;-42.8857;7.87;
226.9381;32.2592;7.87;
227.4478;3.7085;7.87;
229.8435;-36.6977;7.87;
231.5372;18.1712;7.87;
232.7962;-78.753;7.87;
233.8292;-12.5074;7.87;
234.4945;-5.4219;7.87;
235.816;-51.1137;7.87;
239.3688;-50.2697;7.87;
239.9658;-7.0268;7.87;
240.9696;-50.84;7.87;
242.2282;45.3533;7.87;
244.2679;-67.6353;7.87;
247.6037;-44.1156;7.87;
252.6235;-51.5472;7.87;
252.7731;-27.9799;7.87;
255.8199;41.8974;7.87;
255.9769;16.0227;7.87;
256.4515;-18.1161;7.87;
256.5467;16.2705;7.87;
256.8921;63.4394;7.87;
258.3774;-70.5883;7.87;
259.959;-4.0491;7.87;
261.1115;-60.4136;7.87;
261.6491;-49.8925;7.87;
261.8723;35.7205;7.87;
262.8503;-54.694;7.87;
263.3208;0.1033;7.87;
264.4208;42.8337;7.87;
267.7056;-46.3636;7.87;
269.0633;-25.6728;7.87;
272.3793;0.3914;7.87;
274.5054;-2.0333;7.87;
275.5964;40.3754;7.87;
275.7172;43.9323;7.87;
275.9834;31.3567;7.87;
276.6474;-61.6605;7.87;
279.114;-4.5752;7.87;
279.3008;2.9762;7.87;
280.3958;43.5497;7.87;
281.9434;-47.7866;7.87;
282.198;43.1953;7.87;
282.5506;78.9661;7.87;
283.8911;-71.0675;7.87;
285.0577;2.9503;7.87;
285.6642;43.1175;7.87;
289.6129;29.9568;7.87;
291.0183;18.0184;7.87;
291.4853;-9.0126;7.87;
291.6925;-16.7835;7.87;
291.7384;35.179;7.87;
291.9651;-29.4985;7.87;
292.597;70.9515;7.87;
295.8475;-48.2043;7.87;
296.4756;24.0964;7.87;
296.8439;31.4311;7.87;
298.7338;26.0552;7.87;
300.3679;40.2989;7.87;
300.4394;38.7353;7.87;
300.774;26.892;7.87;
302.0803;27.2053;7.87;
302.288;31.3895;7.87;
303.7838;41.2987;7.87;
304.9236;47.9055;7.87;
304.9695;-2.2475;7.87;
305.2545;21.5175;7.87;
305.4157;-4.8056;7.87;
306.0139;-40.8337;7.87;
313.1426;41.9796;7.87;
313.7334;-15.2831;7.87;
315.9102;45.3679;7.87;
317.0715;43.7477;7.87;
318.5426;12.988;7.87;
319.7377;13.566;7.87;
320.091;-40.4656;7.87;
320.1555;8.2117;7.87;
320.6186;3.7533;7.87;
321.505;44.3945;7.87;
321.6493;-44.8466;7.87;
322.0806;-26.5377;7.87;
323.3971;-9.6606;7.87;
326.4338;-69.3637;7.87;
327.5208;10.8071;7.87;
327.7644;-7.9075;7.87;
330.0788;-17.3863;7.87;
330.9268;-60.4375;7.87;
332.0717;69.9823;7.87;
332.3256;-11.3662;7.87;
334.0029;-14.436;7.87;
335.8103;-25.8423;7.87;
341.5849;50.21;7.87;
341.8172;-39.4563;7.87;
342.0101;30.6258;7.87;
342.3439;32.5296;7.87;
342.3683;-34.9843;7.87;
343.1084;-39.3005;7.87;
343.7305;-65.3312;7.87;
343.7666;49.4733;7.87;
344.3942;37.3718;7.87;
344.5841;11.2874;7.87;
344.6945;-23.4493;7.87;
345.39;49.0421;7.87;
346.1671;-32.8196;7.87;
346.9595;-56.1433;7.87;
349.3521;50.827;7.87;
350.311;-7.0231;7.87;
351.3096;-36.1855;7.87;
352.1924;-0.8356;7.87;
355.6919;81.3006;7.87;
356.8587;64.1448;7.87;
357.7473;51.3982;7.87;
359.7946;74.8072;7.87;
1.8074;73.2103;7.88;
2.1924;-34.7944;7.88;
2.5186;-79.0018;7.88;
4.1001;-43.7801;7.88;
4.239;63.553;7.88;
4.4368;53.7112;7.88;
5.7697;-65.1211;7.88;
7.4617;9.6978;7.88;
7.8986;-53.1179;7.88;
7.9701;48.6579;7.88;
8.3655;-36.7888;7.88;
9.0317;-20.7585;7.88;
9.2366;-3.4007;7.88;
9.9096;-3.0832;7.88;
10.528;1.0634;7.88;
10.8025;-37.9826;7.88;
11.4244;-48.3013;7.88;
11.9212;25.5345;7.88;
12.9631;16.7167;7.88;
13.1687;-51.55;7.88;
13.2529;-61.077;7.88;
15.1599;-18.1191;7.88;
17.1117;-6.1751;7.88;
18.1802;36.2687;7.88;
19.1668;-38.1197;7.88;
19.345;-5.6326;7.88;
22.6869;-8.0693;7.88;
27.5264;-54.465;7.88;
27.6867;36.0513;7.88;
29.3721;-52.2004;7.88;
30.8684;51.6517;7.88;
31.4463;13.3428;7.88;
31.9327;-57.1947;7.88;
34.265;35.9409;7.88;
34.8903;-50.7779;7.88;
35.8033;-48.2724;7.88;
36.3668;-34.052;7.88;
36.932;-45.0477;7.88;
38.3608;70.9565;7.88;
38.8083;40.5967;7.88;
41.5609;5.5926;7.88;
42.4919;-13.8462;7.88;
44.0697;75.652;7.88;
44.8233;10.2103;7.88;
45.8154;33.1481;7.88;
48.3502;-28.9747;7.88;
48.6401;61.7156;7.88;
51.1252;49.1399;7.88;
51.5463;-30.6178;7.88;
52.5905;-54.8082;7.88;
53.0233;-49.1589;7.88;
53.0405;30.0061;7.88;
55.5574;-15.9633;7.88;
55.6497;77.1704;7.88;
56.5258;53.9053;7.88;
57.9285;-60.36;7.88;
59.0272;20.7717;7.88;
59.7851;-48.9148;7.88;
62.2381;-28.9095;7.88;
64.809;41.0051;7.88;
67.1521;-32.4657;7.88;
68.4436;10.5177;7.88;
68.8398;-4.7361;7.88;
71.2845;80.8527;7.88;
72.3056;-31.4266;7.88;
72.9281;-38.6105;7.88;
73.8549;-39.7545;7.88;
75.7988;-50.322;7.88;
77.0263;14.5329;7.88;
77.8792;5.7032;7.88;
79.0033;-14.5056;7.88;
79.1029;-1.642;7.88;
79.6103;-41.0444;7.88;
80.0355;-61.168;7.88;
85.185;-12.2293;7.88;
86.0274;-14.5119;7.88;
88.2371;29.1119;7.88;
88.4669;50.7352;7.88;
88.7381;-33.6658;7.88;
90.159;49.9787;7.88;
91.6691;6.7305;7.88;
92.034;-10.5705;7.88;
95.2282;-37.4935;7.88;
95.4924;-26.3697;7.88;
96.4269;-35.6974;7.88;
96.8127;6.5107;7.88;
97.3004;-40.3803;7.88;
97.406;16.9771;7.88;
98.0132;19.7193;7.88;
99.995;-32.8917;7.88;
100.6689;1.7162;7.88;
100.7235;-55.1152;7.88;
101.7609;11.0487;7.88;
103.4086;61.0156;7.88;
103.817;-17.2153;7.88;
103.9048;-38.6669;7.88;
104.2873;-17.56;7.88;
105.7824;-11.1992;7.88;
105.8849;25.0937;7.88;
107.1924;16.495;7.88;
107.5003;-19.5855;7.88;
110.1264;-6.6035;7.88;
110.2084;-29.8633;7.88;
110.9837;33.6677;7.88;
111.5247;-48.1679;7.88;
111.5485;-20.4027;7.88;
113.69;-22.7816;7.88;
113.8519;17.3832;7.88;
114.2616;-52.3658;7.88;
114.6026;-54.1169;7.88;
114.9198;-35.6919;7.88;
115.5802;-27.1838;7.88;
115.9581;9.6036;7.88;
117.4726;86.3653;7.88;
120.0576;-31.1965;7.88;
120.2883;-41.7585;7.88;
120.5667;44.0221;7.88;
122.336;45.7675;7.88;
124.2642;-33.0075;7.88;
125.2806;-34.8941;7.88;
125.6412;-0.5366;7.88;
126.9451;-13.5934;7.88;
127.4846;37.071;7.88;
128.4275;-44.9461;7.88;
129.6805;-47.7879;7.88;
130.7342;48.1926;7.88;
133.0102;-46.2888;7.88;
134.4723;-42.525;7.88;
134.9059;-17.1858;7.88;
136.0885;-33.1018;7.88;
136.5962;-36.8031;7.88;
136.8003;-34.5197;7.88;
137.5228;-48.2064;7.88;
137.5744;62.4467;7.88;
137.7812;-43.2698;7.88;
137.9893;28.8716;7.88;
138.1679;-65.7278;7.88;
138.6708;11.4968;7.88;
139.782;-46.6395;7.88;
139.9913;28.2925;7.88;
140.8893;-21.8216;7.88;
141.9244;-81.8403;7.88;
143.6155;-24.5366;7.88;
144.485;74.343;7.88;
144.5555;-52.6931;7.88;
145.3052;-46.3819;7.88;
145.3608;52.1133;7.88;
146.3113;8.7241;7.88;
146.3739;-29.5398;7.88;
146.4229;-11.3563;7.88;
146.7704;-0.6189;7.88;
149.8094;-12.7538;7.88;
150.7351;68.7859;7.88;
152.2934;21.7903;7.88;
152.763;-44.0847;7.88;
153.0795;17.2992;7.88;
153.8144;-69.6365;7.88;
154.47;-54.6232;7.88;
154.8175;54.7255;7.88;
155.3328;-51.7413;7.88;
156.32;-52.5653;7.88;
156.531;-62.8594;7.88;
157.058;-16.2892;7.88;
158.2378;-39.9307;7.88;
158.5553;-24.3021;7.88;
158.8699;31.7785;7.88;
159.9556;39.4047;7.88;
162.0232;-26.3984;7.88;
163.2035;-41.7021;7.88;
165.7595;-81.6217;7.88;
165.9894;-71.0007;7.88;
166.0542;-71.892;7.88;
167.5536;35.3351;7.88;
168.4782;39.9778;7.88;
168.5783;5.9644;7.88;
170.4379;-48.4956;7.88;
172.4668;24.9474;7.88;
173.2096;38.8645;7.88;
173.398;55.5821;7.88;
175.4172;44.195;7.88;
176.6944;3.4743;7.88;
178.1911;-14.842;7.88;
179.6463;-43.4376;7.88;
184.2432;0.3521;7.88;
186.1021;43.0875;7.88;
187.0619;11.8266;7.88;
187.7844;-31.6357;7.88;
190.0144;68.8024;7.88;
190.9049;58.8697;7.88;
191.1058;0.5368;7.88;
195.9028;-38.9684;7.88;
195.9042;-11.5826;7.88;
196.0799;-17.2373;7.88;
200.1648;24.6487;7.88;
200.7503;-81.3101;7.88;
204.7519;-64.6948;7.88;
205.953;17.4075;7.88;
205.9888;-41.3491;7.88;
208.8405;19.3873;7.88;
212.5001;52.253;7.88;
212.8218;54.4091;7.88;
219.5109;-79.996;7.88;
220.044;57.7132;7.88;
221.848;47.9093;7.88;
221.9906;-63.9284;7.88;
223.086;17.7814;7.88;
224.2269;-35.6955;7.88;
225.0953;7.7355;7.88;
225.5268;42.0523;7.88;
226.016;10.7351;7.88;
226.7809;-52.912;7.88;
228.9391;-60.2317;7.88;
229.4035;7.8446;7.88;
229.501;-68.5815;7.88;
229.7758;41.7332;7.88;Nikawiy
230.0115;-32.865;7.88;
231.2204;-66.9967;7.88;
231.6892;5.2369;7.88;
234.1125;-57.0143;7.88;
235.2513;-8.7419;7.88;
237.0243;50.0046;7.88;
237.6748;13.1268;7.88;
240.3032;-56.6949;7.88;
240.7394;-56.4254;7.88;
241.0424;6.0531;7.88;
241.7695;-16.9433;7.88;
243.3431;-32.1303;7.88;
243.948;-15.5939;7.88;
245.7127;61.4355;7.88;
245.9898;38.6417;7.88;
246.3513;-24.4657;7.88;
246.5746;23.0647;7.88;
247.594;40.7367;7.88;
247.7729;-7.5409;7.88;
248.7582;33.2133;7.88;
250.533;2.2724;7.88;
251.0732;60.9707;7.88;
251.2155;9.9517;7.88;
251.7076;66.0416;7.88;
252.2057;-46.4011;7.88;
253.7405;30.706;7.88;
254.8981;-41.2857;7.88;
255.981;-44.1494;7.88;
261.1055;6.5198;7.88;
261.4142;7.5015;7.88;
261.4671;-49.2532;7.88;
261.633;-44.6294;7.88;
261.8415;-38.0615;7.88;
262.259;51.4976;7.88;
263.3309;-46.7644;7.88;
263.6954;19.1373;7.88;
266.6192;6.2356;7.88;
266.9841;14.7536;7.88;
267.3308;24.1764;7.88;
268.4021;61.0439;7.88;
269.6605;-60.6796;7.88;
272.511;30.8403;7.88;
275.2607;13.8168;7.88;
276.1675;33.1834;7.88;
276.3058;-62.5017;7.88;
276.6017;46.8089;7.88;
277.1002;3.7798;7.88;
277.4698;9.1989;7.88;
278.7354;-48.1512;7.88;
280.8072;49.7164;7.88;
281.5087;-6.252;7.88;
283.0749;-35.624;7.88;
285.3527;26.3955;7.88;
285.5682;42.9958;7.88;
286.0264;-59.7429;7.88;
289.6704;52.2474;7.88;
290.1536;49.4599;7.88;
291.4745;41.198;7.88;
291.9885;42.7766;7.88;
292.2246;-28.97;7.88;
293.1084;-15.7515;7.88;
294.1421;-4.7717;7.88;
294.7734;54.1814;7.88;
295.213;1.673;7.88;
295.8182;9.4972;7.88;
296.3604;-0.1454;7.88;
298.8334;29.9891;7.88;
299.2487;27.8164;7.88;
299.6354;-63.128;7.88;
300.5119;35.6411;7.88;
300.8041;-18.2422;7.88;
301.6475;35.132;7.88;
301.7077;16.8708;7.88;
301.7889;15.2671;7.88;
302.2991;33.9199;7.88;
302.6075;5.5842;7.88;
302.8572;38.8176;7.88;
302.8619;46.9185;7.88;
304.1254;-79.0066;7.88;
305.2229;-59.0357;7.88;
305.7832;48.8126;7.88;
306.5051;20.5822;7.88;
306.6667;-42.0555;7.88;
307.1087;-55.1775;7.88;
308.9161;-4.7213;7.88;
309.3561;-43.0432;7.88;
309.677;-17.0653;7.88;
309.8152;-19.2785;7.88;
309.9071;4.972;7.88;
311.6877;-27.1831;7.88;
313.1565;-38.9065;7.88;
315.4795;40.3111;7.88;
315.7777;-52.7682;7.88;
315.9511;-24.3224;7.88;
318.9522;32.045;7.88;
319.1353;9.3938;7.88;
320.3648;21.3167;7.88;
320.6793;54.2307;7.88;
320.8631;-75.4938;7.88;
321.6731;-30.489;7.88;
322.9162;-25.3011;7.88;
323.4238;58.1959;7.88;
325.3396;69.6928;7.88;
327.6725;77.7685;7.88;
327.781;10.3678;7.88;
327.9937;-30.3166;7.88;
328.2006;-57.3347;7.88;
328.4971;-63.1039;7.88;
328.6903;32.6733;7.88;
331.1254;15.8578;7.88;
333.3422;31.3823;7.88;
333.4934;69.8975;7.88;
334.691;42.1426;7.88;
335.2527;6.5909;7.88;
336.1617;-33.2697;7.88;
336.9655;-5.9059;7.88;
337.2639;29.7955;7.88;
337.919;-39.9788;7.88;
338.4405;-33.8763;7.88;
339.6007;-22.7387;7.88;
340.663;14.0334;7.88;
340.7358;-85.51;7.88;
341.3161;47.2038;7.88;
342.2244;-16.9953;7.88;
342.2623;49.5664;7.88;
343.0849;40.2655;7.88;
343.1747;58.8065;7.88;
345.0672;-22.5243;7.88;
345.2802;76.8695;7.88;
346.835;80.6376;7.88;
348.1521;10.9525;7.88;
349.0423;-59.7807;7.88;
349.4067;-1.5217;7.88;
350.823;-9.385;7.88;
352.459;-45.894;7.88;
355.4733;68.6719;7.88;
356.2212;-23.5041;7.88;
357.5621;-29.4017;7.88;
358.8957;-20.9532;7.88;
359.1782;-42.1953;7.88;
359.4024;20.3304;7.88;
359.9147;37.7996;7.88;
0.9171;3.907;7.89;
1.5044;16.4521;7.89;
3.8428;-32.0453;7.89;
4.4112;44.7449;7.89;
5.9876;3.761;7.89;
6.2959;16.9919;7.89;
6.8359;-8.6585;7.89;
8.394;60.5487;7.89;
10.3558;28.0426;7.89;
11.4512;-41.9092;7.89;
13.8883;0.0196;7.89;
14.4963;2.4863;7.89;
14.5519;-25.8766;7.89;
16.3585;-28.3202;7.89;
19.6344;-28.733;7.89;
21.8597;60.2845;7.89;
23.5765;-27.3631;7.89;
23.8609;26.6843;7.89;
24.0217;60.2128;7.89;
24.736;21.9186;7.89;
26.0233;43.2402;7.89;
26.2777;28.7346;7.89;
30.1028;25.0521;7.89;
32.187;-17.3913;7.89;
33.0449;-27.5124;7.89;
33.0862;-46.8164;7.89;
34.821;34.0328;7.89;
35.1823;-11.6067;7.89;
35.9787;33.5078;7.89;
36.1134;15.5249;7.89;
36.9601;62.8906;7.89;
36.9992;52.5493;7.89;
37.5202;-75.7846;7.89;
37.7347;-62.5963;7.89;
38.233;54.5445;7.89;
38.4805;-70.768;7.89;
38.5094;-16.1308;7.89;
39.8217;-11.7481;7.89;
41.5634;25.6499;7.89;
41.5686;15.0078;7.89;
41.6891;-40.959;7.89;
43.1877;-36.8466;7.89;
43.3634;-8.848;7.89;
43.8687;51.0788;7.89;
46.2288;-57.1663;7.89;
48.5039;-59.1116;7.89;
48.7967;29.0503;7.89;
49.8974;-11.4092;7.89;
50.0158;-60.4949;7.89;
50.9298;51.7704;7.89;
51.8198;-61.2591;7.89;
51.9945;-45.5612;7.89;
54.8682;75.2949;7.89;
57.5451;-33.1139;7.89;
57.7488;-48.527;7.89;
58.3605;-8.0152;7.89;
58.4073;28.1481;7.89;
58.9495;-52.2479;7.89;
61.112;76.1457;7.89;
61.6421;21.9565;7.89;
61.6851;-80.7361;7.89;
62.0801;41.4905;7.89;
65.6558;43.4493;7.89;
65.952;65.2383;7.89;
65.9991;35.2158;7.89;
66.2896;44.3648;7.89;
66.2881;-64.0801;7.89;
69.6637;17.4081;7.89;
70.4443;-45.3075;7.89;
70.6567;36.3116;7.89;
71.0272;-3.1666;7.89;
71.2451;-56.2947;7.89;
71.3758;59.8719;7.89;
71.7096;-18.3993;7.89;
72.0852;26.9664;7.89;
72.6685;-45.6684;7.89;
73.9778;45.0348;7.89;
74.1356;-53.0274;7.89;
74.2692;47.8788;7.89;
77.2154;-12.9163;7.89;
78.2642;24.3969;7.89;
78.9292;-49.4449;7.89;
80.534;8.0052;7.89;
83.3073;7.1535;7.89;
84.1019;-44.038;7.89;
84.3105;-1.6677;7.89;
84.7022;55.748;7.89;
85.1061;-22.6483;7.89;
85.926;4.0043;7.89;
86.7913;29.4307;7.89;
87.8793;-63.5312;7.89;
87.9884;-7.3101;7.89;
87.9987;37.8325;7.89;
88.2092;-32.3392;7.89;
88.2551;-30.5715;7.89;
88.364;-43.5587;7.89;
88.7655;27.3422;7.89;
89.5012;24.6171;7.89;
89.5468;81.3639;7.89;
89.5786;40.7868;7.89;
90.0407;19.9909;7.89;
90.7192;25.8843;7.89;
91.163;-28.6178;7.89;
94.2091;-15.1257;7.89;
94.2746;-35.9675;7.89;
94.7488;23.0011;7.89;
95.5537;-39.2194;7.89;
96.4925;4.4215;7.89;
96.5239;13.6228;7.89;
97.1905;38.963;7.89;Lucilinburhuc
97.2999;-26.1188;7.89;
97.3217;39.6479;7.89;
98.863;-31.5914;7.89;
100.3751;-65.4687;7.89;
101.1512;31.97;7.89;
101.4739;-6.8963;7.89;
102.9082;-38.215;7.89;
103.093;1.0104;7.89;
103.2262;25.7644;7.89;
103.5472;40.8901;7.89;
103.5805;-22.4364;7.89;
104.1922;-3.6537;7.89;
104.7884;5.2852;7.89;
106.1888;36.6002;7.89;
106.7734;9.8793;7.89;
107.8131;-10.5416;7.89;
108.124;10.1979;7.89;
108.8735;23.8566;7.89;
110.5856;-17.8123;7.89;
112.1305;42.7525;7.89;
113.2773;15.9825;7.89;
114.0959;-47.2421;7.89;
118.6197;62.1363;7.89;
119.9199;46.6201;7.89;
120.0691;40.7931;7.89;
120.8524;13.6692;7.89;
121.3411;17.6218;7.89;
121.7161;-1.6481;7.89;
121.8213;-41.7354;7.89;
122.7481;-49.2844;7.89;
122.8902;-6.0158;7.89;
123.0669;-71.2661;7.89;
124.3955;-18.9562;7.89;
125.0161;44.6639;7.89;
125.4108;-45.0029;7.89;
125.6916;-57.8886;7.89;
128.8867;49.258;7.89;
130.98;27.2241;7.89;
131.5;-6.5395;7.89;
131.6538;-33.2453;7.89;
132.1678;0.9419;7.89;
133.9549;44.6621;7.89;
133.9707;49.0871;7.89;
135.8127;27.2113;7.89;
137.9887;-1.2056;7.89;
138.3256;85.5577;7.89;
139.5705;18.781;7.89;
139.9687;77.9679;7.89;
142.5412;-6.0022;7.89;
143.5614;34.8112;7.89;
143.7896;14.0756;7.89;
146.8619;-63.6009;7.89;
147.2339;83.3296;7.89;
150.0275;-42.4706;7.89;
150.8593;57.5358;7.89;
151.7878;-52.5342;7.89;
153.1832;-64.3945;7.89;
153.2182;-54.5737;7.89;
153.5524;45.0872;7.89;
155.8959;-30.9259;7.89;
156.856;7.2164;7.89;
157.0506;-6.6006;7.89;
157.9354;-8.9518;7.89;
162.5337;36.0981;7.89;
164.191;-17.4522;7.89;
164.3993;30.6527;7.89;
164.4076;15.7612;7.89;
166.2236;-11.7594;7.89;
166.6333;12.7034;7.89;
166.9395;-84.4369;7.89;
167.6042;11.1669;7.89;
168.9703;-56.0123;7.89;
169.7693;-31.0062;7.89;
169.8381;-45.0933;7.89;
171.6764;-38.1581;7.89;
172.6675;-62.7865;7.89;
173.0996;-5.6248;7.89;
174.354;-53.7386;7.89;
174.7255;-21.1738;7.89;
175.2112;60.1065;7.89;
175.4786;-44.1035;7.89;
176.3643;-37.6225;7.89;
176.4359;-76.8602;7.89;
176.9715;-15.4618;7.89;
177.1467;55.54;7.89;
177.651;43.6589;7.89;
177.7524;-14.7419;7.89;
178.7308;-70.8776;7.89;
179.6184;31.9205;7.89;
180.2081;-58.0708;7.89;
181.3789;-67.8516;7.89;
182.0887;-18.5816;7.89;
182.6499;-36.8349;7.89;
184.4786;-16.9527;7.89;
185.7068;43.8083;7.89;
186.5533;75.7191;7.89;
186.7605;-22.3896;7.89;
189.0274;-42.8523;7.89;
190.1216;16.2793;7.89;
191.2142;-52.7558;7.89;
191.4689;-58.499;7.89;
192.7482;31.4761;7.89;
195.0922;13.8442;7.89;
197.6128;-32.5566;7.89;
201.2902;-78.9523;7.89;
201.723;-5.9307;7.89;
202.6229;-23.6495;7.89;
202.9146;-47.841;7.89;
203.2643;-70.4337;7.89;
205.2113;-17.7927;7.89;
207.1879;62.848;7.89;
208.3597;-61.6293;7.89;
208.6175;20.6418;7.89;
208.8178;18.6902;7.89;
209.3701;24.9984;7.89;
211.1151;29.1425;7.89;
211.1733;6.9984;7.89;
212.3618;-38.4328;7.89;
212.6198;-6.5596;7.89;
213.2528;-31.2392;7.89;
213.2944;-63.986;7.89;
216.4637;-56.9228;7.89;
218.7302;9.8865;7.89;
220.034;28.4266;7.89;
222.0864;21.3186;7.89;
222.9939;-60.3347;7.89;
223.1545;-25.4548;7.89;
224.0616;-44.0921;7.89;
224.6697;-22.4015;7.89;
226.5336;34.7535;7.89;
227.1785;-29.3653;7.89;
228.018;-45.0126;7.89;
228.2277;-44.9588;7.89;
231.3066;24.8169;7.89;
232.0838;23.6841;7.89;
232.265;41.5601;7.89;
232.5848;27.6583;7.89;
234.4738;30.103;7.89;
234.6763;57.5207;7.89;
235.2384;-61.1411;7.89;
235.6121;18.2161;7.89;
236.1515;-44.0493;7.89;
239.064;31.2221;7.89;
241.0652;75.7864;7.89;
241.505;-8.7706;7.89;
242.3754;-17.188;7.89;
242.4007;26.9729;7.89;
242.5239;-73.0256;7.89;
242.7897;-40.1281;7.89;
243.1048;26.4314;7.89;
243.1146;-75.2928;7.89;
243.5086;-23.7741;7.89;
245.3478;41.4351;7.89;
246.2589;-50.7485;7.89;
247.1926;-35.69;7.89;
248.2127;2.0848;7.89;Rosalíadecastro
249.5921;14.7938;7.89;
249.8342;13.038;7.89;
250.1511;-54.1367;7.89;
250.2041;-65.4448;7.89;
252.1798;-38.0741;7.89;
253.5138;63.8706;7.89;
253.7521;46.2763;7.89;
254.7734;11.513;7.89;
255.4585;-69.41;7.89;
255.5284;-54.1517;7.89;
256.5899;60.6361;7.89;
256.9221;15.2104;7.89;
256.9629;56.171;7.89;
257.4073;23.5779;7.89;
258.6826;58.3841;7.89;
259.365;-27.7669;7.89;
259.4396;-35.2242;7.89;
259.7591;-48.6966;7.89;
260.6801;34.1756;7.89;
262.3034;-60.64;7.89;
264.4286;61.9538;7.89;
266.017;-48.3121;7.89;
266.2163;38.3236;7.89;
267.0939;-23.2326;7.89;
267.9209;-67.6073;7.89;
269.8821;-21.0457;7.89;
270.1031;-19.231;7.89;
271.9695;6.8087;7.89;
272.6432;29.0795;7.89;
272.6578;-16.8245;7.89;
273.0255;74.334;7.89;
273.5872;-41.9092;7.89;
274.5647;-38.2297;7.89;
274.6524;17.0029;7.89;
275.0375;-34.7747;7.89;
275.2946;-62.193;7.89;
275.6037;36.9008;7.89;
276.7028;-61.2834;7.89;
277.3085;10.8921;7.89;
277.8604;6.4603;7.89;
279.3137;7.5285;7.89;
281.157;2.1209;7.89;
281.282;6.6563;7.89;
281.423;41.4056;7.89;
282.9858;-57.9348;7.89;
284.0783;-55.8576;7.89;
284.8697;70.6973;7.89;
287.0347;44.0364;7.89;
287.2104;-42.4281;7.89;
287.807;52.0245;7.89;
288.6504;36.1656;7.89;
290.6963;12.9149;7.89;
291.1231;-18.928;7.89;
292.6314;-48.436;7.89;
293.5564;-50.565;7.89;
293.7905;-69.9756;7.89;
295.1891;48.5125;7.89;
295.3391;27.7053;7.89;
295.7982;-10.6798;7.89;
295.9302;79.5399;7.89;
296.606;-24.8784;7.89;
296.8325;40.9943;7.89;
296.8682;34.3046;7.89;
299.9561;63.7724;7.89;
301.546;-44.3415;7.89;
301.6675;22.712;7.89;
302.1061;58.7873;7.89;
302.1477;-71.5525;7.89;
303.0147;60.1488;7.89;
305.1695;-26.1489;7.89;
305.7825;-18.3425;7.89;
306.0874;16.8781;7.89;
306.7687;-14.7857;7.89;
306.8344;42.9161;7.89;
307.0319;19.7628;7.89;
308.6096;11.311;7.89;
309.3681;32.0551;7.89;
309.3798;31.0025;7.89;
311.3974;11.6411;7.89;
311.8193;-27.6984;7.89;
312.1135;0.196;7.89;
313.5764;28.9814;7.89;
314.3436;62.8489;7.89;
317.1539;-21.683;7.89;
317.3381;5.0283;7.89;
317.9095;-0.8711;7.89;
318.1636;44.0688;7.89;
319.8616;58.8911;7.89;
319.9916;48.6347;7.89;
320.9167;-85.2883;7.89;
322.7916;-59.4067;7.89;
322.9282;72.0379;7.89;
323.5484;64.0046;7.89;
323.9536;17.4983;7.89;
325.5161;36.8811;7.89;
325.7216;53.7676;7.89;
326.0905;17.0453;7.89;
327.4536;34.9168;7.89;
327.5991;-58.3051;7.89;
327.8623;-2.243;7.89;
328.719;48.5547;7.89;
328.9285;-23.053;7.89;
329.0799;58.4123;7.89;
329.4083;59.114;7.89;
329.4122;43.2178;7.89;
329.8438;34.1807;7.89;
329.8527;29.8846;7.89;
330.416;-54.1572;7.89;
331.9541;42.9533;7.89;
332.073;-50.1054;7.89;
333.3591;24.0266;7.89;
333.7634;-2.059;7.89;
334.9183;16.1629;7.89;
335.2325;-60.4305;7.89;
335.7565;55.2329;7.89;
336.4341;-15.3572;7.89;
336.7246;73.5748;7.89;
337.7056;-24.1683;7.89;
338.3441;38.1267;7.89;
338.815;-78.6141;7.89;
339.1534;-18.2714;7.89;
339.5459;-27.4434;7.89;
339.5898;7.4474;7.89;
340.4372;12.5743;7.89;
340.7754;23.0326;7.89;
341.1655;-57.4578;7.89;
341.257;-57.0916;7.89;
341.4083;3.6312;7.89;
343.8651;52.622;7.89;
344.1105;-68.7838;7.89;
347.2978;-7.314;7.89;
347.6908;-76.4632;7.89;
350.0161;19.3118;7.89;
351.4404;45.3474;7.89;
351.7129;-59.6445;7.89;
355.5384;74.1295;7.89;
355.9261;21.9401;7.89;
357.3405;-60.0728;7.89;
359.3819;18.25;7.89;
359.3897;-9.6475;7.89;
359.5961;38.9633;7.89;
359.8236;27.27;7.89;
0.7589;39.9951;7.9;
0.8891;42.3521;7.9;
1.1561;2.9372;7.9;
1.5378;-29.1514;7.9;
3.9526;59.4403;7.9;
4.0977;-22.588;7.9;
4.3019;23.5976;7.9;
7.4252;30.1644;7.9;
7.9507;17.2793;7.9;
8.5521;14.5158;7.9;
8.9486;55.7072;7.9;
9.4073;45.6042;7.9;
9.9496;-80.6561;7.9;
10.3917;1.748;7.9;
12.2015;20.2147;7.9;
13.1818;52.2783;7.9;
19.868;8.3964;7.9;
20.1434;-49.5639;7.9;
21.8097;39.6544;7.9;
23.0229;54.019;7.9;
23.482;62.1498;7.9;
25.0705;-34.4765;7.9;
25.4444;49.3032;7.9;
27.1793;-23.8698;7.9;
31.6027;38.8997;7.9;
33.8543;-50.8872;7.9;
35.4464;15.5192;7.9;
35.4966;-29.3521;7.9;
38.2889;41.8177;7.9;
38.9314;43.5987;7.9;
40.7211;37.1739;7.9;
42.2325;-5.1693;7.9;
44.1198;-15.0197;7.9;
44.2526;10.162;7.9;
47.6156;15.9905;7.9;
48.7305;48.6958;7.9;
49.4068;69.4602;7.9;
50.2078;-3.1083;7.9;
51.8601;59.1956;7.9;
53.3743;58.7628;7.9;
53.9676;42.8868;7.9;
56.5396;28.8593;7.9;
56.9842;-30.0972;7.9;
58.0291;50.7841;7.9;
58.5036;45.5118;7.9;
60.8803;42.1821;7.9;
63.1622;-45.3677;7.9;
63.8505;24.0785;7.9;
68.6471;15.5046;7.9;
68.7378;-33.3455;7.9;
68.8677;-54.8913;7.9;
69.5429;-44.6263;7.9;
69.9878;52.8196;7.9;
72.323;80.6505;7.9;
72.8467;15.4335;7.9;
73.6866;4.7735;7.9;
74.2451;-41.9836;7.9;
74.9641;-36.6245;7.9;
75.0052;-34.1669;7.9;
77.6664;17.4402;7.9;
78.1351;64.2871;7.9;
78.2228;37.7437;7.9;
78.3824;35.653;7.9;
80.3047;-75.9174;7.9;
81.4652;43.2323;7.9;
82.6191;31.2822;7.9;
84.6692;-12.9426;7.9;
84.7193;2.8618;7.9;
85.2839;-3.6326;7.9;
88.6864;13.8547;7.9;
90.6284;13.2896;7.9;
90.7236;-11.3486;7.9;
92.4068;4.7176;7.9;
92.5909;-2.0073;7.9;
94.8427;-75.7001;7.9;
95.4079;-19.8404;7.9;
95.9751;14.1135;7.9;
96.6531;58.4183;7.9;
98.734;-32.3066;7.9;
99.4167;-38.6283;7.9;
100.015;12.3751;7.9;
100.292;-7.9933;7.9;
100.2927;-7.9906;7.9;
101.6808;4.3597;7.9;
102.1686;64.7544;7.9;
104.7706;50.8109;7.9;
108.57;-28.1695;7.9;
109.5127;-3.1147;7.9;
109.613;-57.3519;7.9;
110.0113;-24.416;7.9;
112.311;-30.6438;7.9;
113.4875;60.0165;7.9;
113.7066;40.8767;7.9;
114.0755;-24.6098;7.9;
115.5645;20.9765;7.9;
116.1994;-15.085;7.9;
116.5921;-33.4254;7.9;
117.1986;-61.1626;7.9;
117.3327;-11.4292;7.9;
117.4406;-19.0069;7.9;
118.3334;14.9174;7.9;
119.1156;11.749;7.9;
120.0897;12.2137;7.9;
121.4436;-33.3331;7.9;
124.1392;44.9356;7.9;
126.7478;53.6291;7.9;
127.2181;-29.9512;7.9;
129.751;6.9555;7.9;
130.4403;44.8632;7.9;
130.5259;59.0294;7.9;
130.545;18.9344;7.9;
131.8199;-41.1977;7.9;
132.4478;-41.7432;7.9;
132.8118;-59.4837;7.9;
134.1218;44.2512;7.9;
134.586;-32.1422;7.9;
134.6895;8.2237;7.9;
139.9564;24.4165;7.9;
139.993;82.6127;7.9;
141.1645;-58.689;7.9;
141.6753;-55.9594;7.9;
141.9307;7.3678;7.9;
142.1043;61.7312;7.9;
142.8424;-53.7966;7.9;
143.7355;-75.6697;7.9;
144.2283;-66.41;7.9;
144.5503;-5.1665;7.9;
145.6214;40.9735;7.9;
148.4928;10.2588;7.9;
148.7022;-43.5467;7.9;
149.182;-55.0832;7.9;
149.7706;80.3799;7.9;
150.4838;-55.0033;7.9;
153.321;-50.6108;7.9;
153.5151;-14.7258;7.9;
153.8929;-35.4795;7.9;
154.7015;-66.9538;7.9;
155.5237;-49.5312;7.9;
156.257;30.3713;7.9;
160.2802;53.6274;7.9;
161.8598;-37.5237;7.9;
165.0421;77.6921;7.9;
165.3466;-12.0595;7.9;
166.1509;29.1721;7.9;
169.0152;52.7765;7.9;
169.8872;-0.1883;7.9;
171.984;-35.5492;7.9;
172.218;48.2309;7.9;
172.8824;-46.0942;7.9;
173.6887;-4.9544;7.9;
176.0545;29.8954;7.9;
177.4357;6.5232;7.9;
178.4198;8.5722;7.9;
178.5331;9.893;7.9;
179.1893;-70.1562;7.9;
183.4887;-57.9443;7.9;
185.6522;-49.3261;7.9;
186.6303;-19.3162;7.9;
186.7453;-8.8296;7.9;
187.8903;25.8704;7.9;
188.7165;10.8363;7.9;
196.698;-59.444;7.9;
197.1536;-38.0938;7.9;
197.7093;-10.103;7.9;
199.4027;-66.9544;7.9;
200.763;18.2784;7.9;
200.9059;17.3212;7.9;
201.3009;-51.8418;7.9;
203.073;6.3536;7.9;
203.4324;-66.733;7.9;
203.8686;34.9775;7.9;
205.8651;-42.682;7.9;
207.4372;-12.5515;7.9;
209.2196;-27.6618;7.9;
214.7324;-71.3965;7.9;
215.7563;4.286;7.9;
216.1971;-45.204;7.9;
222.0531;-56.0087;7.9;
223.4242;55.01;7.9;
226.5875;26.4371;7.9;
227.058;26.7113;7.9;
236.3262;52.6771;7.9;
236.4027;-53.4378;7.9;
237.8871;39.7359;7.9;
239.3525;-54.3323;7.9;
239.5823;-41.6596;7.9;
240.2663;26.1724;7.9;
241.0818;32.4972;7.9;
242.4195;-27.8946;7.9;
242.7988;47.56;7.9;
243.3514;-56.4145;7.9;
243.8957;-56.6878;7.9;
244.8332;54.7909;7.9;
245.334;-67.3889;7.9;
245.6174;-54.6346;7.9;
248.2715;-60.9036;7.9;
250.5088;33.1021;7.9;
250.7771;26.0569;7.9;
251.6579;2.3234;7.9;
252.3627;67.5966;7.9;
252.6373;33.7976;7.9;
253.37;84.7644;7.9;
255.9104;69.7982;7.9;
256.2659;56.5373;7.9;
258.4217;-47.9489;7.9;
262.7016;-33.6099;7.9;
263.8761;-37.8479;7.9;
264.2435;24.5328;7.9;
264.693;-44.1003;7.9;
265.2081;31.2789;7.9;
265.2079;-23.8361;7.9;
265.4803;41.025;7.9;
266.3624;-43.6078;7.9;
266.674;-23.6847;7.9;
267.0606;-65.5707;7.9;
270.2076;53.6288;7.9;
271.2394;-15.2887;7.9;
272.5607;-42.4032;7.9;
273.8544;19.7704;7.9;
274.5105;12.1986;7.9;
275.1356;-20.2163;7.9;
277.0;57.3984;7.9;
277.4016;18.0132;7.9;
277.5885;-63.1518;7.9;
279.3107;29.057;7.9;
279.876;-21.9656;7.9;
279.9678;-25.5046;7.9;
280.9388;5.7374;7.9;
281.543;46.6308;7.9;
281.7084;12.5545;7.9;
282.0545;23.7092;7.9;
282.2287;16.2568;7.9;
282.4087;38.4277;7.9;
282.9271;-55.1473;7.9;
283.4088;37.9852;7.9;
284.2706;51.721;7.9;
285.001;-28.0508;7.9;
286.0614;65.2053;7.9;
288.4942;0.1255;7.9;
290.8118;47.1958;7.9;
291.29;-56.1811;7.9;
291.8238;-48.5113;7.9;
295.9296;51.0668;7.9;
297.8835;22.2806;7.9;
299.1312;53.7846;7.9;
299.1474;36.32;7.9;
299.4559;34.2467;7.9;
301.358;27.4244;7.9;
302.1123;15.675;7.9;
302.6321;-33.5457;7.9;
303.1802;-50.3114;7.9;
303.6726;80.5758;7.9;
306.9582;14.9445;7.9;
308.4918;25.6166;7.9;
309.1161;41.0443;7.9;
309.5875;52.3785;7.9;
309.8862;38.3756;7.9;
310.9647;-25.8251;7.9;
312.4151;-75.8335;7.9;
313.5909;53.7669;7.9;
314.4195;58.8221;7.9;
314.8733;-58.8588;7.9;
315.286;-3.4413;7.9;
315.9538;-40.6908;7.9;
315.9839;18.735;7.9;
317.3886;-79.2738;7.9;
317.8507;57.6204;7.9;
318.5741;-70.858;7.9;
318.6442;-42.6834;7.9;
322.9505;41.7439;7.9;
322.9562;-31.5477;7.9;
324.0385;63.7009;7.9;
324.0926;-18.3921;7.9;
327.9932;38.4299;7.9;
328.056;43.7837;7.9;
328.1233;-49.5872;7.9;
329.9463;67.9741;7.9;
331.5589;82.6608;7.9;
332.6355;47.1406;7.9;
332.9202;-44.7487;7.9;
333.5593;-5.7463;7.9;
333.8252;-52.7012;7.9;
334.4486;-50.325;7.9;
336.1876;18.8631;7.9;
338.3496;-59.9919;7.9;
339.5095;33.2262;7.9;
343.2548;-44.8588;7.9;
344.5145;-66.3358;7.9;
345.1723;49.9561;7.9;
347.1155;13.7294;7.9;
347.8578;38.2198;7.9;
349.9567;59.6334;7.9;
350.162;-8.9196;7.9;
351.3359;-70.9098;7.9;
352.7263;-15.9823;7.9;
353.0948;-74.2017;7.9;
353.8567;31.1613;7.9;
354.0243;3.1511;7.9;
355.1297;24.6949;7.9;
358.591;33.5933;7.9;
0.1327;-3.3063;7.91;
1.0033;-80.3951;7.91;
2.702;30.6856;7.91;
2.9087;-49.656;7.91;
2.9783;-22.8177;7.91;
5.238;67.6675;7.91;
9.5487;-16.2452;7.91;
10.7407;79.1964;7.91;
15.0916;-56.9301;7.91;
15.6155;-21.6106;7.91;
16.6955;35.5722;7.91;
17.9245;-7.9293;7.91;
18.8829;60.519;7.91;
19.1784;-81.5409;7.91;
19.307;10.5967;7.91;
20.8226;-31.2586;7.91;
22.6924;-59.6594;7.91;
25.4962;32.0565;7.91;
27.8241;38.8356;7.91;
28.1439;-34.1942;7.91;
28.2522;-52.6917;7.91;
29.1122;30.4397;7.91;
29.3173;-37.4964;7.91;
29.7615;-52.247;7.91;
31.061;-5.7109;7.91;
33.5214;-16.8902;7.91;
33.9078;-26.5237;7.91;
35.1283;-6.379;7.91;
35.4596;16.1626;7.91;
36.1901;-28.6515;7.91;
37.1744;-19.7988;7.91;
38.0005;-23.0845;7.91;
38.1772;61.456;7.91;
39.2949;81.6433;7.91;
39.7259;43.2358;7.91;
39.7871;46.2035;7.91;
42.9614;27.2739;7.91;
47.046;41.5853;7.91;
47.1981;37.0457;7.91;
47.2015;72.5487;7.91;
48.1135;-46.4904;7.91;
48.9419;21.1651;7.91;
49.1858;-41.2708;7.91;
49.9066;27.5426;7.91;
50.2976;-62.0742;7.91;
50.7196;-51.3123;7.91;
50.9014;-58.9941;7.91;
51.3474;15.8264;7.91;
51.4701;38.2428;7.91;
53.3777;55.5593;7.91;
53.6873;38.8056;7.91;
55.6715;21.2817;7.91;
56.1677;1.9383;7.91;
57.2542;46.8027;7.91;
58.0323;-39.2615;7.91;
58.2433;51.0508;7.91;
58.3945;-56.4129;7.91;
60.5844;47.5066;7.91;
60.6278;-19.4983;7.91;
61.4937;61.6328;7.91;
62.6246;-40.5358;7.91;
63.3467;35.4767;7.91;
63.9079;0.004;7.91;
65.0501;37.2007;7.91;
65.0792;-63.1738;7.91;
66.2163;-28.2085;7.91;
67.7025;-45.5965;7.91;
67.8943;-35.9057;7.91;
68.6759;17.7482;7.91;
69.4248;71.8944;7.91;
69.9674;17.4893;7.91;
70.3342;34.6656;7.91;
70.7447;57.2021;7.91;
71.0428;-46.2679;7.91;
72.3096;-15.7181;7.91;
72.5744;-24.3688;7.91;Mouhoun
72.7249;-26.1296;7.91;
72.8631;55.8367;7.91;
73.116;39.2841;7.91;
74.8234;52.4928;7.91;
75.6245;65.5685;7.91;
77.7858;-6.0236;7.91;
79.0479;-41.0729;7.91;
79.6391;39.3512;7.91;
80.9598;2.0822;7.91;
81.0527;-35.1519;7.91;
83.2723;23.1423;7.91;
85.9233;-22.7805;7.91;
85.9542;27.2961;7.91;
86.1635;-12.7767;7.91;
87.4935;0.1533;7.91;
88.9024;-29.9168;7.91;
89.0728;-17.2399;7.91;
89.2831;20.9775;7.91;
89.5532;55.907;7.91;
90.7377;17.6656;7.91;
91.0254;-15.6814;7.91;
92.0774;-49.7466;7.91;
93.1754;-27.7461;7.91;
93.5736;-17.48;7.91;
94.9486;-42.7526;7.91;
95.2952;-4.35;7.91;
95.4316;79.7817;7.91;
96.1941;-36.5975;7.91;
97.2857;-42.6744;7.91;
97.8141;-67.5809;7.91;
98.3026;5.4629;7.91;
102.5588;36.4019;7.91;
102.7738;-34.2766;7.91;
104.8633;37.0982;7.91;
104.8919;33.0579;7.91;
105.0976;-15.2589;7.91;
105.7137;61.3077;7.91;
107.6261;-29.347;7.91;
107.6823;-31.3985;7.91;
108.9496;70.5059;7.91;
109.811;-67.1876;7.91;
110.8265;33.6973;7.91;
112.0337;22.6519;7.91;
112.3628;34.8033;7.91;
113.1124;18.3663;7.91;
113.4474;13.408;7.91;
116.9495;-3.5296;7.91;
117.1143;36.6434;7.91;
117.6694;-48.543;7.91;
117.7632;0.6747;7.91;
118.6913;49.7849;7.91;
118.9758;-6.5268;7.91;
119.0225;-26.7245;7.91;
119.8027;33.8734;7.91;
122.9305;60.3303;7.91;
125.6698;-48.21;7.91;
126.984;4.8214;7.91;
129.3799;-28.1787;7.91;
130.119;-67.8204;7.91;
130.4556;-8.5598;7.91;
130.7664;-29.5244;7.91;
131.004;-74.3024;7.91;
131.5172;-43.7512;7.91;
136.051;-24.2402;7.91;
136.3728;19.4358;7.91;
136.9612;-32.038;7.91;
138.5439;-63.693;7.91;
138.7236;4.4429;7.91;
138.7881;37.0602;7.91;
139.0574;48.9531;7.91;
141.6785;-14.4907;7.91;
141.8854;-3.7977;7.91;
142.5081;42.2637;7.91;
142.5373;-67.2015;7.91;
142.5718;-40.3459;7.91;
143.9186;2.6374;7.91;
144.4941;16.834;7.91;
145.4114;12.8987;7.91;
146.1636;-23.5727;7.91;
147.1948;-52.6157;7.91;
147.5025;33.6016;7.91;
149.1619;-51.8316;7.91;
152.4559;-56.6706;7.91;
152.8432;32.1917;7.91;
154.0815;46.9541;7.91;
154.8085;-37.6324;7.91;
155.5771;-55.0521;7.91;
155.8518;-50.3485;7.91;
156.1038;-7.5881;7.91;
156.8456;-7.8023;7.91;
156.9358;66.6797;7.91;
157.6697;82.6685;7.91;
160.2879;16.874;7.91;
160.9501;42.3743;7.91;
161.625;44.1033;7.91;
163.7102;-30.3348;7.91;
164.4064;-41.1322;7.91;
165.2737;12.0463;7.91;
166.1802;-46.0992;7.91;
166.6161;-0.111;7.91;
166.8998;49.177;7.91;
167.4378;63.3352;7.91;
168.452;-51.8016;7.91;
169.933;-6.8986;7.91;
169.9605;19.0823;7.91;
170.5077;41.0275;7.91;
173.7198;-2.2302;7.91;
174.4665;49.8092;7.91;
176.331;-65.9925;7.91;
176.6401;-30.9286;7.91;
177.682;28.0968;7.91;
179.051;36.2486;7.91;
180.6418;-55.5342;7.91;
180.9689;-34.8085;7.91;
181.3641;10.9607;7.91;
181.6643;33.5671;7.91;
183.1135;-43.9994;7.91;
183.9361;-80.7847;7.91;
184.0902;-7.5319;7.91;
185.4353;-61.5387;7.91;
187.1402;-56.4577;7.91;
187.2822;31.3904;7.91;
187.6745;50.9745;7.91;
187.8262;20.2178;7.91;
190.1828;12.7154;7.91;
190.277;15.3767;7.91;
190.378;-20.6168;7.91;
190.5664;8.0422;7.91;
191.7019;43.1519;7.91;
192.862;57.3734;7.91;
195.0082;32.0841;7.91;
198.3666;-68.499;7.91;
198.5387;-14.2821;7.91;
202.2591;-80.2574;7.91;
203.9477;-13.4785;7.91;
204.2763;-27.6519;7.91;
205.5723;-58.6196;7.91;
208.4591;-30.2835;7.91;
208.5166;-68.5055;7.91;
208.6848;15.2776;7.91;
208.7941;-23.6676;7.91;
208.8023;76.5009;7.91;
209.9364;0.0491;7.91;
211.0063;-38.4596;7.91;
212.8376;-26.3442;7.91;
215.0377;-61.0818;7.91;
216.2664;50.9425;7.91;
217.0972;-23.0126;7.91;
218.6837;28.3941;7.91;
223.6022;45.2988;7.91;
223.8527;-55.4315;7.91;
224.0334;43.3178;7.91;
226.1851;-14.9973;7.91;
226.7129;53.3159;7.91;
227.7517;7.3245;7.91;
227.9711;63.6533;7.91;
228.749;-66.8937;7.91;
228.9697;-36.9989;7.91;
230.7169;13.3664;7.91;
232.7098;72.9364;7.91;
232.9174;69.1592;7.91;
233.7967;-43.8389;7.91;
234.0534;-6.3884;7.91;
234.3206;-32.0573;7.91;
234.5236;-7.6761;7.91;
234.5922;-24.655;7.91;
237.072;-49.2388;7.91;
237.1994;-54.3957;7.91;
238.1602;-53.4375;7.91;
239.9891;-74.605;7.91;
241.5556;-55.7773;7.91;
242.2745;17.3665;7.91;
242.5082;81.144;7.91;
246.0669;45.9445;7.91;
246.7364;-43.7992;7.91;
248.1262;-83.5923;7.91;
248.5378;50.9689;7.91;
250.0553;-26.3222;7.91;
250.6957;-27.1877;7.91;
251.0671;-58.5688;7.91;
251.5742;3.8493;7.91;
251.7907;13.0314;7.91;
252.6658;-31.6364;7.91;
253.3556;-54.2765;7.91;
254.6673;69.6349;7.91;
256.0396;61.1841;7.91;
258.5421;19.1796;7.91;
259.1205;5.1283;7.91;
259.5618;-0.7647;7.91;
259.9301;33.9221;7.91;
260.337;25.9716;7.91;
262.2805;-14.0806;7.91;
263.4956;-17.8363;7.91;
265.4081;-32.1122;7.91;
266.7751;-40.8594;7.91;
268.4634;-41.1757;7.91;
268.8145;15.2804;7.91;
269.8216;20.4571;7.91;
269.862;-47.774;7.91;
271.6518;-43.6275;7.91;
272.3237;-22.9084;7.91;
273.51;-34.2892;7.91;
273.9531;-55.3558;7.91;
274.7294;-13.5413;7.91;
275.9711;-63.3856;7.91;
276.1885;7.2313;7.91;
276.3119;-61.0189;7.91;
277.4928;25.7664;7.91;
278.0491;-9.3704;7.91;
280.1017;-43.3396;7.91;
280.3209;-36.3085;7.91;
280.7563;31.1356;7.91;
285.1063;39.3377;7.91;
285.9106;-34.9008;7.91;
286.2278;79.6466;7.91;
287.4127;-20.0411;7.91;
287.7407;41.776;7.91;
288.9086;29.122;7.91;
289.1742;-19.3077;7.91;
289.2966;22.4261;7.91;
289.5843;-58.8743;7.91;
289.9478;-62.8972;7.91;
290.2055;-72.6288;7.91;
290.8529;20.5688;7.91;
291.0529;18.7412;7.91;
291.5964;-63.23;7.91;
293.0802;35.2017;7.91;
293.5072;65.531;7.91;
293.7317;11.4241;7.91;
293.7727;-53.5209;7.91;
293.9018;40.0274;7.91;
295.7521;34.422;7.91;
296.1284;-17.4005;7.91;
296.5591;58.3667;7.91;
297.2985;19.7948;7.91;
297.6413;32.9141;7.91;
298.0968;-63.9709;7.91;
298.2846;-25.4615;7.91;
299.209;44.2711;7.91;
299.3059;29.824;7.91;
299.6095;-42.683;7.91;
300.288;15.4799;7.91;
300.6383;-15.8743;7.91;
300.9978;40.6565;7.91;
301.5339;28.1259;7.91;
302.2381;28.6843;7.91;
302.4491;27.3315;7.91;
303.016;15.3578;7.91;
304.2394;41.8215;7.91;
305.8488;64.1912;7.91;
306.1737;-1.5412;7.91;
306.3528;7.875;7.91;
307.1549;10.987;7.91;
307.4799;53.7044;7.91;
308.0235;25.3521;7.91;
310.0471;23.9285;7.91;
312.4053;-80.1336;7.91;
312.4533;-6.6969;7.91;
312.6728;20.4756;7.91;
312.9943;43.758;7.91;
315.4572;7.5298;7.91;
317.1235;47.257;7.91;
317.5403;12.5559;7.91;
317.546;-31.4918;7.91;
318.153;-21.0119;7.91;
318.6895;-25.9113;7.91;
319.3118;55.0588;7.91;
319.3907;82.5175;7.91;
319.725;-63.0494;7.91;
320.706;-3.5466;7.91;
321.0624;-25.5612;7.91;
322.8887;-63.0487;7.91;
323.3383;1.0841;7.91;
323.6239;9.4997;7.91;
323.9406;31.0097;7.91;
324.3669;20.3679;7.91;
325.2319;-34.5202;7.91;
325.3871;-21.6632;7.91;
326.5954;-4.1277;7.91;
328.0295;30.1911;7.91;
328.4437;-20.0071;7.91;
328.9142;40.8234;7.91;
329.1975;-28.8176;7.91;
329.8404;17.1264;7.91;
329.9397;-10.3132;7.91;
330.7823;3.1824;7.91;
330.8459;-14.9518;7.91;
332.7777;70.9756;7.91;
333.7952;-25.967;7.91;
334.1395;-43.7377;7.91;
335.4961;48.8495;7.91;
335.7882;9.4611;7.91;
337.5875;2.0418;7.91;
338.4934;65.2231;7.91;
340.3453;50.0926;7.91;
340.7687;-37.6705;7.91;
341.7692;14.8818;7.91;
342.9361;30.0448;7.91;
344.4406;-33.1965;7.91;
344.5523;14.7212;7.91;
344.7969;6.1505;7.91;
347.4538;37.6872;7.91;
347.489;47.9584;7.91;
347.5356;68.8255;7.91;
349.0176;-35.6832;7.91;
355.0092;14.8105;7.91;
356.683;37.5077;7.91;
357.8704;-3.4038;7.91;
358.6076;48.6307;7.91;
359.1845;-82.9841;7.91;
0.8764;19.3815;7.92;
1.5702;-64.2405;7.92;
1.7959;46.757;7.92;
3.6707;-12.7482;7.92;
4.4551;-79.2324;7.92;
5.4642;57.9683;7.92;
6.1081;-27.0268;7.92;
8.0293;53.0028;7.92;
9.1595;53.4721;7.92;
10.8485;2.5841;7.92;
13.5989;-48.9484;7.92;
13.7991;-16.9716;7.92;
15.6328;39.4755;7.92;
16.0012;36.8333;7.92;
16.2054;55.7783;7.92;
16.3505;8.332;7.92;
17.5027;52.0333;7.92;
19.2379;38.4607;7.92;
19.3349;4.6648;7.92;
20.7536;-16.4875;7.92;
21.3291;20.3496;7.92;
22.9944;52.4698;7.92;
23.2454;0.1269;7.92;
24.2811;-48.2911;7.92;
25.1517;-36.4836;7.92;
25.6547;70.1738;7.92;
25.9455;0.9025;7.92;
27.3208;-44.2413;7.92;
27.9189;54.9439;7.92;
29.5831;57.8675;7.92;
29.9211;-48.6138;7.92;
30.1984;39.6254;7.92;
30.8932;82.5518;7.92;
30.9774;-2.7125;7.92;
31.265;-2.0384;7.92;
32.3269;28.3942;7.92;
32.8195;-46.585;7.92;
33.1436;-26.3225;7.92;
33.2231;19.8212;7.92;
33.4003;-24.7902;7.92;
33.7381;22.6288;7.92;
34.7441;-53.9375;7.92;
34.9175;-33.6196;7.92;
35.6376;-0.5052;7.92;
36.5521;-62.9182;7.92;
40.1322;21.1878;7.92;
41.8884;18.5104;7.92;
42.9301;45.0598;7.92;
43.9808;41.8068;7.92;
44.0633;75.2024;7.92;
44.6655;-4.2087;7.92;
45.2314;40.4179;7.92;
45.6142;22.3735;7.92;
46.7056;67.4105;7.92;
48.0663;-16.0584;7.92;
48.8066;37.2688;7.92;
48.8941;26.9034;7.92;
51.5176;45.2995;7.92;
53.0635;-65.4143;7.92;
53.5838;-14.7105;7.92;
54.479;9.9328;7.92;
55.1678;-53.7382;7.92;
56.49;-9.0085;7.92;
58.2313;14.3826;7.92;
58.45;-43.1623;7.92;
59.1699;47.4833;7.92;
59.6427;-23.7953;7.92;
59.8526;44.4817;7.92;
60.8104;72.829;7.92;
63.3519;29.1229;7.92;
65.0802;-70.4505;7.92;
65.2259;-34.7325;7.92;
65.9184;-27.8304;7.92;
65.9359;-43.4566;7.92;
68.3958;-3.9794;7.92;
68.46;5.385;7.92;
69.2501;-35.6194;7.92;
69.8102;31.7415;7.92;
72.2927;-21.8911;7.92;
73.0139;-72.9954;7.92;
73.0625;1.8496;7.92;
74.0393;-38.9405;7.92;
74.0704;52.0977;7.92;
74.1453;-43.4325;7.92;
74.7512;-43.3925;7.92;
75.1368;-39.6863;7.92;
77.8974;-80.1925;7.92;
79.1967;-49.5996;7.92;
79.5424;37.6501;7.92;
80.647;-19.8784;7.92;
80.6593;-62.896;7.92;
82.7406;4.6687;7.92;
84.8647;11.5029;7.92;
85.0488;10.2527;7.92;
85.4448;22.8704;7.92;
86.555;39.0752;7.92;
86.624;49.1261;7.92;
87.0779;-66.6318;7.92;
87.4231;38.6973;7.92;
88.0951;19.1497;7.92;
88.7374;-65.8835;7.92;
88.8178;-4.0539;7.92;
89.1041;36.8868;7.92;
89.6181;-20.1648;7.92;
89.8494;41.9174;7.92;
89.8521;17.8148;7.92;
91.7824;-31.8975;7.92;
94.392;79.3299;7.92;
94.8884;34.6401;7.92;
95.0227;-23.1053;7.92;
95.1705;-46.678;7.92;
96.279;-15.1398;7.92;
96.707;-31.872;7.92;
98.0807;-65.371;7.92;
98.143;-55.6486;7.92;
98.8379;-67.2263;7.92;
98.9072;-26.0415;7.92;
100.3089;4.1448;7.92;
102.1641;7.6223;7.92;
102.2044;43.8348;7.92;
102.7851;54.4191;7.92;
103.3757;4.174;7.92;
104.2921;-15.7433;7.92;
106.0854;-30.7749;7.92;
106.637;-59.9968;7.92;
107.0688;-33.3736;7.92;
107.8126;-39.2698;7.92;
109.0026;-45.8958;7.92;
109.0565;-7.8806;7.92;
111.7657;-12.2239;7.92;
113.4286;7.4234;7.92;
114.2291;-45.0281;7.92;
117.6206;9.7655;7.92;
118.795;37.1945;7.92;
120.7792;45.619;7.92;
120.8731;52.7572;7.92;
121.0469;67.6722;7.92;
121.9995;-34.0192;7.92;
122.9574;-48.4081;7.92;
122.9593;-27.5235;7.92;
125.2237;-62.3935;7.92;
126.2326;12.2361;7.92;
126.7032;-34.5973;7.92;
128.9438;53.7259;7.92;
133.1362;-62.8608;7.92;
134.3955;16.2336;7.92;
135.0837;-12.2408;7.92;
138.0776;-11.0789;7.92;
138.5339;-28.1173;7.92;
145.4445;37.2652;7.92;
145.7117;-22.9655;7.92;
146.2653;-49.4854;7.92;
147.0103;49.0488;7.92;
148.0647;40.9704;7.92;
148.3218;69.8588;7.92;
149.5654;51.5689;7.92;
150.2497;-46.9237;7.92;
150.9707;18.9511;7.92;
153.0429;-59.6031;7.92;
153.3902;-69.0995;7.92;
153.824;-55.6895;7.92;
155.0373;-56.6154;7.92;
155.6717;-51.6138;7.92;
158.0052;77.498;7.92;
158.4728;-50.2465;7.92;
159.6818;-52.7643;7.92;
160.7265;-22.5088;7.92;
161.8692;-13.9791;7.92;
163.6183;-20.234;7.92;
164.1686;-1.1689;7.92;
164.2053;-14.8992;7.92;
164.6989;1.7292;7.92;
168.2768;27.0516;7.92;
175.0038;-30.48;7.92;
175.2144;-5.1987;7.92;
175.7951;-65.3789;7.92;
179.1238;46.6973;7.92;
179.7917;-20.3538;7.92;
181.1405;66.3366;7.92;
181.9034;-29.0628;7.92;
183.2397;10.0377;7.92;
183.694;-56.7791;7.92;
184.3625;6.6011;7.92;
184.5932;-39.2713;7.92;
185.6755;20.1489;7.92;
186.7025;48.6615;7.92;
187.8905;21.5768;7.92;
188.5012;-56.128;7.92;
193.2087;71.5715;7.92;
193.2423;15.0315;7.92;
196.0646;-80.219;7.92;
196.1883;-40.6825;7.92;
200.7318;-62.0122;7.92;
204.8917;-15.6161;7.92;
206.3135;-79.7681;7.92;
207.3633;-26.3497;7.92;
208.9203;-60.0529;7.92;
209.5844;-65.6415;7.92;
209.8131;-40.1243;7.92;
210.3566;4.1148;7.92;
211.099;-29.8996;7.92;
211.9147;-56.8911;7.92;
211.9451;-79.2515;7.92;
215.2701;38.9876;7.92;
215.4776;-64.2849;7.92;
216.1576;-14.7135;7.92;
217.0669;24.5175;7.92;
217.217;9.1692;7.92;
221.2316;3.4842;7.92;
221.5152;-62.5357;7.92;
222.3392;-5.7913;7.92;
226.1509;-43.8975;7.92;
227.2206;-23.0661;7.92;
227.958;11.4752;7.92;
230.6069;-66.5995;7.92;
232.1929;22.4455;7.92;
232.9375;14.0835;7.92;
232.9416;59.7204;7.92;
233.4177;9.3535;7.92;
235.1135;-74.4432;7.92;
235.4716;-23.2721;7.92;
237.3149;60.5274;7.92;
238.0274;-51.1396;7.92;
239.0094;-60.0614;7.92;
240.0982;15.6674;7.92;
244.1049;-24.9887;7.92;
244.7349;32.627;7.92;
245.3114;22.9885;7.92;
247.0011;-60.7392;7.92;
249.204;26.5322;7.92;
250.1769;-41.127;7.92;
251.2603;-55.719;7.92;
251.9439;-23.9743;7.92;
253.4903;-46.917;7.92;
254.533;-45.9824;7.92;
254.7518;-49.7438;7.92;
255.161;61.0239;7.92;
258.5712;-35.1297;7.92;
259.5077;52.3372;7.92;
260.0524;4.9234;7.92;
260.1803;-69.0946;7.92;
260.7759;-76.3515;7.92;
260.9358;47.2707;7.92;
262.9589;-65.917;7.92;
263.4793;21.565;7.92;
264.2395;-39.6685;7.92;
264.5467;4.4913;7.92;
264.8672;-11.267;7.92;
265.328;-40.9728;7.92;
265.7943;24.7863;7.92;
266.0919;40.4474;7.92;
268.2982;-10.3718;7.92;
268.8528;36.1889;7.92;
268.9547;-39.3469;7.92;
271.4952;-14.1981;7.92;
272.742;31.2515;7.92;
273.6419;-65.1991;7.92;
273.7933;-81.8422;7.92;
276.6738;-23.4357;7.92;
276.9098;-54.0339;7.92;
277.0838;3.9658;7.92;
278.3823;1.9036;7.92;
278.4617;-14.4258;7.92;
279.1208;-69.0819;7.92;
279.4673;-19.6017;7.92;
281.2087;26.1988;7.92;
282.3794;-58.9478;7.92;
283.9222;25.695;7.92;
285.0056;-43.3472;7.92;
286.0948;12.997;7.92;
286.0991;38.1076;7.92;
286.194;52.7609;7.92;
287.8251;63.2101;7.92;
287.9574;5.3773;7.92;
288.3776;6.6515;7.92;
288.9916;13.1082;7.92;
289.4764;70.907;7.92;
289.7426;39.2672;7.92;
291.3663;42.7844;7.92;
291.574;-0.0994;7.92;
293.637;-62.3824;7.92;
295.1977;24.5743;7.92;
295.7205;37.6782;7.92;
298.1979;34.1868;7.92;
299.4609;-59.5258;7.92;
299.6291;-32.4269;7.92;
301.159;46.8293;7.92;
302.1691;53.3365;7.92;
303.6324;36.661;7.92;
304.5601;18.3282;7.92;
304.7782;26.1078;7.92;
305.7065;53.4175;7.92;
306.2132;51.2897;7.92;
307.1607;28.776;7.92;
308.844;-5.5285;7.92;
310.1518;31.358;7.92;
310.7467;-50.4788;7.92;
310.912;9.1144;7.92;
311.1108;31.6958;7.92;
311.8021;-57.9007;7.92;
312.0505;49.9955;7.92;
312.2388;61.1188;7.92;
312.2899;39.2901;7.92;
313.9031;38.9023;7.92;
315.6014;49.6329;7.92;
315.631;21.6809;7.92;
316.3479;-81.3968;7.92;
317.096;13.4233;7.92;
317.2635;26.9896;7.92;
318.073;-27.9045;7.92;
318.9275;68.3521;7.92;
318.9627;-35.5041;7.92;
321.7122;7.9205;7.92;
324.0841;-35.1794;7.92;
325.2063;55.3562;7.92;
326.7157;-8.4703;7.92;
326.7758;-62.2157;7.92;
327.6346;50.9985;7.92;
328.1735;-17.0667;7.92;
331.9628;-21.5931;7.92;
332.2675;9.4512;7.92;
333.15;-48.7631;7.92;
333.4728;53.268;7.92;
336.5405;-29.0822;7.92;
338.4026;-58.2141;7.92;
339.591;10.616;7.92;
340.8263;17.2513;7.92;
341.7094;-20.7906;7.92;
342.2198;61.1614;7.92;
342.4879;50.0167;7.92;
343.3478;-23.929;7.92;
343.8788;17.7967;7.92;
346.0667;-33.042;7.92;
346.2412;6.5174;7.92;
346.4853;-14.4447;7.92;
346.8;-45.8426;7.92;
347.8057;3.153;7.92;
348.3264;-28.4149;7.92;
348.6852;-25.5632;7.92;
350.4651;-12.4489;7.92;
350.9356;-19.1096;7.92;
352.2951;31.7049;7.92;
352.3375;25.8121;7.92;
354.7527;61.3016;7.92;
358.053;-52.3324;7.92;
359.3661;-58.9645;7.92;
359.7343;4.2735;7.92;
1.2167;30.0858;7.93;
1.4928;44.7394;7.93;
1.7113;31.1304;7.93;
2.4684;51.423;7.93;
2.4922;-65.3571;7.93;
2.7372;-2.0746;7.93;
4.3161;54.9807;7.93;
4.8193;0.5206;7.93;
5.1325;43.6943;7.93;
6.4083;-64.0095;7.93;
7.4757;8.8062;7.93;
9.2154;-11.1274;7.93;
9.435;42.5248;7.93;
12.1647;55.7987;7.93;
12.2;18.3141;7.93;
12.8809;-23.5794;7.93;
13.1624;-12.9368;7.93;
13.4926;5.8092;7.93;
16.2101;7.0459;7.93;
16.9293;-19.3124;7.93;
17.2724;-66.8803;7.93;
17.9156;49.6239;7.93;
19.0673;16.1665;7.93;
19.0698;55.2789;7.93;
19.1525;-87.3405;7.93;
19.5792;-23.4998;7.93;
22.2713;-67.4858;7.93;
22.464;31.0073;7.93;
22.9576;61.3772;7.93;
24.7507;-10.4986;7.93;
26.512;39.6113;7.93;
27.3981;-46.7687;7.93;
28.1087;55.3316;7.93;
28.9845;-36.2454;7.93;
30.665;78.9114;7.93;
30.6751;-65.8843;7.93;
31.5475;49.1563;7.93;
33.9366;-21.3187;7.93;
34.4663;55.8697;7.93;
35.9046;52.6817;7.93;
36.1747;11.3388;7.93;
37.8431;64.5309;7.93;
38.4217;-48.3898;7.93;
40.4616;68.4696;7.93;
41.8623;1.0594;7.93;
42.8223;-37.7138;7.93;
44.5101;-15.8382;7.93;
44.8465;60.5665;7.93;
45.9246;42.4164;7.93;
46.0343;-61.0463;7.93;
47.8933;4.7233;7.93;
55.2311;43.702;7.93;
55.3164;45.8958;7.93;
55.9231;23.6492;7.93;
57.0914;10.7931;7.93;
59.1196;-31.6954;7.93;
59.4096;-9.6999;7.93;
63.0224;-13.2231;7.93;
63.142;-36.1436;7.93;
64.9523;39.2979;7.93;
65.1574;28.892;7.93;
65.2798;55.5052;7.93;
69.2247;-14.9257;7.93;
69.913;69.0938;7.93;
73.2872;-63.6159;7.93;
75.0822;-6.1926;7.93;
75.8888;63.0859;7.93;
76.6601;-63.1486;7.93;
76.9125;-53.5573;7.93;
77.2304;44.1197;7.93;
77.7458;14.9218;7.93;
77.7932;-24.3493;7.93;
79.5035;-18.6126;7.93;
80.9099;17.3241;7.93;
84.1692;-74.716;7.93;
84.5675;4.934;7.93;
84.652;-41.2965;7.93;
85.2596;-2.7169;7.93;
85.7446;-84.901;7.93;
85.8644;-26.1443;7.93;
85.929;-45.6211;7.93;
86.1573;29.0166;7.93;
87.8699;-53.6557;7.93;
89.7334;-36.9941;7.93;
91.0142;34.3744;7.93;
91.2237;-14.1202;7.93;
91.2691;45.4879;7.93;
92.9202;-12.5987;7.93;
94.7129;-5.0637;7.93;
96.7505;23.7339;7.93;
97.6155;-68.9477;7.93;
98.2583;-73.7513;7.93;
98.9027;20.8888;7.93;
100.1689;31.1167;7.93;
100.7874;17.9632;7.93;
101.944;6.297;7.93;
102.8412;23.3638;7.93;
103.408;29.5179;7.93;
103.5762;5.1101;7.93;
103.8015;50.572;7.93;
103.8363;-10.1887;7.93;
104.224;44.6728;7.93;
105.523;21.7981;7.93;
105.5644;50.0769;7.93;
108.5575;7.2294;7.93;
108.9888;-12.5431;7.93;
109.2905;16.2917;7.93;
109.5539;-40.0837;7.93;
110.0109;3.7768;7.93;
110.0274;-54.2108;7.93;
110.2304;52.2679;7.93;
111.3182;-28.1869;7.93;
112.0669;46.2861;7.93;
112.7959;-56.6244;7.93;
114.5748;42.4598;7.93;
115.0574;-12.0804;7.93;
115.4159;-27.2331;7.93;
116.368;-40.7389;7.93;
116.6452;-11.688;7.93;
117.2232;-24.9734;7.93;
118.7317;17.9575;7.93;
121.3523;8.1996;7.93;
121.6096;-9.2373;7.93;
122.6135;-49.1641;7.93;
123.2167;-7.2046;7.93;
125.0031;23.8093;7.93;
125.701;27.5238;7.93;
126.3488;37.3885;7.93;
126.927;-33.383;7.93;
127.0992;-13.555;7.93;
127.357;77.0595;7.93;
127.5792;-2.3803;7.93;
128.3557;-0.3081;7.93;
128.6691;-44.5283;7.93;
129.2799;-43.5331;7.93;
129.4548;32.2886;7.93;
129.8052;7.5732;7.93;
130.3255;-33.2384;7.93;
130.3388;-35.9543;7.93;
134.8331;-8.9898;7.93;
135.2105;12.5733;7.93;
135.224;-50.4357;7.93;
135.4043;49.7368;7.93;
135.7113;22.2586;7.93;
137.4388;-60.4988;7.93;
139.1672;-54.6559;7.93;
140.8476;33.464;7.93;
140.9516;-23.6589;7.93;
141.278;-38.0798;7.93;
142.4308;-33.3104;7.93;
143.0847;10.7765;7.93;
144.9247;4.2846;7.93;
145.9724;-57.6367;7.93;
146.5556;-40.6356;7.93;
147.5347;-74.204;7.93;
148.1191;43.4663;7.93;
148.7524;-0.1823;7.93;
149.1244;-24.0994;7.93;
149.2359;-63.3865;7.93;
150.1412;-61.7584;7.93;
150.4655;-12.8988;7.93;
150.9439;12.1221;7.93;
152.3451;-1.6682;7.93;
152.95;-50.1567;7.93;
156.3391;5.177;7.93;
156.7435;20.4337;7.93;
157.3999;23.9707;7.93;
157.6843;-54.4813;7.93;
157.94;24.0822;7.93;
159.0275;68.9401;7.93;
159.7179;-53.6028;7.93;
161.2386;40.3817;7.93;
161.3262;65.0477;7.93;
166.431;-35.4721;7.93;
170.2386;-60.1615;7.93;
170.4556;18.19;7.93;
171.6133;20.5181;7.93;
172.4326;-21.3422;7.93;
173.1947;-52.1457;7.93;
176.8625;-19.1961;7.93;
177.1286;-9.376;7.93;
177.9856;8.8226;7.93;
178.8831;-23.4508;7.93;
180.5381;-64.798;7.93;
181.0455;-22.371;7.93;
181.1441;-50.0396;7.93;
182.1872;-68.6394;7.93;
182.3352;-42.8385;7.93;
190.9488;-71.0378;7.93;
192.0808;9.1116;7.93;
192.1346;-15.7195;7.93;
195.3974;-67.8565;7.93;
195.5871;30.3576;7.93;
196.6484;-54.2926;7.93;
196.9681;42.3739;7.93;
197.7801;13.91;7.93;
198.3004;-22.9332;7.93;
199.3941;19.2152;7.93;
201.6598;85.2707;7.93;
201.7287;63.0079;7.93;
202.0226;58.2093;7.93;
203.6849;4.9113;7.93;
205.1753;-44.2614;7.93;
206.027;65.0356;7.93;
207.2016;-52.8298;7.93;
208.3456;24.1599;7.93;
209.6489;53.5792;7.93;
210.4895;21.5561;7.93;
210.7225;-35.1832;7.93;
211.9861;-61.5089;7.93;
212.4117;10.2585;7.93;
212.4248;25.846;7.93;
212.9424;-12.6118;7.93;
213.9238;50.9912;7.93;
214.8475;-71.7438;7.93;
215.2672;-18.9922;7.93;
215.3671;11.6422;7.93;
216.032;46.7697;7.93;
218.9072;-36.5518;7.93;
221.2371;-50.5304;7.93;
226.1287;-17.9036;7.93;
227.9872;56.0252;7.93;
229.2081;-51.0476;7.93;
230.923;17.867;7.93;
231.5867;14.6934;7.93;
231.8253;9.7001;7.93;
231.919;50.3149;7.93;
232.5297;40.3854;7.93;
233.8615;-57.4173;7.93;
236.5938;13.7208;7.93;
238.0896;28.6074;7.93;
239.4636;24.385;7.93;
239.6483;-80.7557;7.93;
241.9399;-47.9666;7.93;
243.7948;-7.3616;7.93;
245.2854;51.4886;7.93;
247.3005;35.6338;7.93;
247.4302;-18.6808;7.93;
247.6716;18.6341;7.93;
247.7766;34.3203;7.93;
248.6258;77.6539;7.93;
250.0889;70.2376;7.93;
251.8959;39.4457;7.93;
253.7067;-27.7486;7.93;
254.1369;-66.109;7.93;
254.426;47.3621;7.93;
255.4031;35.5433;7.93;
255.7219;31.6902;7.93;
256.5922;-12.4111;7.93;
256.7631;38.4945;7.93;
256.9978;29.1542;7.93;
258.489;-32.2412;7.93;
258.6323;-56.0076;7.93;
258.6995;24.0792;7.93;
259.4601;52.4471;7.93;
259.6075;-52.997;7.93;
260.0006;-8.0232;7.93;
260.7176;-52.9782;7.93;
262.0675;-20.9637;7.93;
262.7094;1.5782;7.93;
262.8323;-39.1653;7.93;
264.0195;7.0148;7.93;
264.2693;67.1193;7.93;
264.305;-14.0011;7.93;
267.0317;40.5922;7.93;
267.0375;-69.5602;7.93;
267.1451;-55.3534;7.93;
268.2191;29.6805;7.93;
270.143;-3.9795;7.93;
270.1633;-36.9667;7.93;
271.3372;55.1054;7.93;
271.6428;-14.973;7.93;
271.7133;-21.5053;7.93;
274.6749;-25.9353;7.93;
274.857;0.8419;7.93;
274.9744;-46.2318;7.93;
276.3811;-37.1491;7.93;
277.8509;-19.1586;7.93;
278.637;-31.2623;7.93;
279.5886;14.381;7.93;
280.9804;-56.3766;7.93;
282.5653;18.4034;7.93;
282.9057;-35.3834;7.93;
283.2315;-15.3295;7.93;
283.3663;18.0209;7.93;
283.7888;36.7417;7.93;
284.3243;-55.8332;7.93;
284.636;80.4483;7.93;
285.0709;28.6761;7.93;
287.7382;39.8734;7.93;
288.4009;34.9145;7.93;
288.4969;38.9768;7.93;
288.9041;-38.8456;7.93;
289.034;24.7791;7.93;
290.0258;4.4804;7.93;
290.0485;14.1387;7.93;
292.6766;-70.0471;7.93;
292.7381;-13.3816;7.93;
293.7571;23.4743;7.93;
294.0133;-28.6684;7.93;
294.3982;12.6901;7.93;
299.3278;10.1323;7.93;
300.4658;-17.5501;7.93;
300.5548;-45.94;7.93;
301.2757;17.8787;7.93;
302.4284;-45.3671;7.93;
303.0467;2.3072;7.93;
303.2237;-22.9909;7.93;
304.8851;38.7317;7.93;
304.9149;1.9934;7.93;
306.8567;-78.7557;7.93;
307.0368;-23.0143;7.93;
307.0997;20.5125;7.93;
309.4631;47.945;7.93;
309.725;71.169;7.93;
309.9374;47.3453;7.93;
310.9005;-51.8011;7.93;
311.3825;62.3959;7.93;
311.6556;69.9357;7.93;
312.7035;-14.2004;7.93;
313.3863;30.9513;7.93;
315.0792;-27.3435;7.93;
315.085;-11.0084;7.93;
315.4114;47.5019;7.93;
316.0345;12.6786;7.93;
318.6479;-5.9633;7.93;
318.7994;18.6192;7.93;
319.9263;-2.8785;7.93;
320.2895;41.9803;7.93;
320.3667;-66.6668;7.93;
321.4616;-43.7781;7.93;
322.4451;45.8945;7.93;
323.1254;-6.3088;7.93;
324.0537;38.7749;7.93;
324.1819;-21.5028;7.93;
324.515;65.3743;7.93;
325.281;1.3085;7.93;
325.5019;-12.2496;7.93;
332.3678;46.9208;7.93;
333.6478;48.8206;7.93;
334.0953;51.0073;7.93;
334.1947;-30.4886;7.93;
334.2672;-34.2145;7.93;
334.3338;22.0111;7.93;
334.7307;-11.5572;7.93;
334.8393;-46.6858;7.93;
337.4688;-23.8556;7.93;
338.4766;-4.8851;7.93;
339.5113;-55.4716;7.93;
340.4088;44.4507;7.93;
340.6914;-37.3455;7.93;
341.168;-60.1169;7.93;
342.5407;53.9293;7.93;
344.9416;-31.1264;7.93;
345.7947;-31.1428;7.93;
347.9635;-44.7255;7.93;
348.4548;44.5979;7.93;
348.8372;-14.0153;7.93;
349.3037;31.7237;7.93;
350.5436;56.3482;7.93;
350.8735;-63.5356;7.93;
351.8557;25.4678;7.93;
354.805;-86.399;7.93;
356.326;5.1162;7.93;
356.3415;-13.682;7.93;
357.6287;43.4193;7.93;
0.6769;42.9206;7.94;
0.8631;55.5509;7.94;
2.3673;19.1158;7.94;
2.3768;-10.1875;7.94;
3.2515;55.859;7.94;
5.6931;-9.2309;7.94;
8.2159;35.858;7.94;
8.8972;83.6317;7.94;
9.1793;-27.4194;7.94;
9.1951;-24.5009;7.94;
12.5413;-83.7439;7.94;
13.6674;-65.4601;7.94;
14.2908;34.8641;7.94;
15.4295;-46.2156;7.94;
17.3114;12.0289;7.94;
18.7426;59.752;7.94;
23.0798;-26.5526;7.94;
23.7047;-65.299;7.94;
25.5482;-79.9128;7.94;
27.2991;-88.3574;7.94;
27.9094;16.3989;7.94;
28.5339;-69.5167;7.94;
28.6555;-6.2718;7.94;
31.2302;-28.3586;7.94;
33.9423;-18.2382;7.94;
34.4968;51.7819;7.94;
36.4157;19.5544;7.94;
36.4917;56.1028;7.94;
36.5073;5.7796;7.94;
38.5978;19.9848;7.94;
39.5401;75.5279;7.94;
41.125;28.015;7.94;
42.2996;18.7298;7.94;
43.0919;-67.3072;7.94;
46.1506;-77.166;7.94;
46.6389;5.625;7.94;
46.8394;37.8104;7.94;
47.5774;59.5246;7.94;
47.605;-67.5062;7.94;
49.8639;36.8762;7.94;
49.9017;-71.4418;7.94;
50.2477;33.2183;7.94;
52.7573;27.1134;7.94;
58.0962;18.5977;7.94;
58.4442;-12.7334;7.94;
61.0405;-1.1751;7.94;
61.3011;27.6097;7.94;
61.3326;22.0576;7.94;
61.4999;79.7868;7.94;
61.727;8.1918;7.94;
61.854;62.3907;7.94;
62.1746;0.783;7.94;
66.0832;-55.8339;7.94;
68.382;1.0225;7.94;
69.5404;-16.7274;7.94;
69.7355;-27.9116;7.94;
70.4987;-54.8003;7.94;
70.9024;-48.3043;7.94;
72.5395;10.6049;7.94;
73.2701;-1.2758;7.94;
74.649;-9.3343;7.94;
75.3378;-31.3935;7.94;
76.0919;21.6435;7.94;
77.353;-15.6636;7.94;
78.8484;32.6848;7.94;
81.4735;-65.7422;7.94;
83.059;29.1954;7.94;
84.6737;32.475;7.94;
84.9656;72.1771;7.94;
85.303;-58.4985;7.94;
85.6026;20.6126;7.94;
86.4943;23.7474;7.94;
89.5929;12.9885;7.94;
92.0798;49.4458;7.94;
92.2002;-59.4657;7.94;
92.386;28.6657;7.94;
93.8024;-77.0524;7.94;
94.3294;40.8877;7.94;
95.036;-8.8376;7.94;
98.5289;-21.5361;7.94;
100.6127;-42.5715;7.94;
101.0781;2.808;7.94;
101.7158;42.0383;7.94;
102.0003;0.3221;7.94;
103.8815;-8.4175;7.94;
104.9046;-8.3899;7.94;
105.0674;-30.6786;7.94;
105.6172;-38.0591;7.94;
107.6233;24.1081;7.94;
110.4643;-55.7711;7.94;
111.1185;6.1503;7.94;
111.362;4.8508;7.94;
111.7633;-43.1831;7.94;
112.11;-12.9561;7.94;
112.3589;47.2901;7.94;
113.9873;-14.7108;7.94;
114.3579;38.8682;7.94;
117.5903;10.5061;7.94;
118.9468;-27.1135;7.94;
119.0381;-71.9859;7.94;
120.0939;3.2489;7.94;
122.7214;-51.1906;7.94;
123.0564;2.2892;7.94;
126.9744;18.0688;7.94;
127.305;38.8739;7.94;
128.6968;-36.9824;7.94;
129.0479;7.7236;7.94;
130.1994;-56.1675;7.94;
130.8038;14.1076;7.94;
134.621;55.8616;7.94;
135.6753;31.3647;7.94;
136.3933;-3.5743;7.94;
136.4922;-49.2343;7.94;
137.5357;35.4128;7.94;
138.4479;-28.0901;7.94;
139.8955;-32.9324;7.94;
140.6183;-53.7368;7.94;
141.2557;-45.3764;7.94;
141.6481;6.5305;7.94;
143.713;0.6577;7.94;
147.7638;-64.2515;7.94;
147.9904;49.7622;7.94;
150.4092;55.5851;7.94;
150.6487;46.3618;7.94;
151.4024;34.6901;7.94;
151.6278;3.4747;7.94;
154.2552;-29.6699;7.94;
154.6046;-26.5003;7.94;
154.8723;-45.6469;7.94;
155.0244;-31.6158;7.94;
155.0985;-63.3367;7.94;
157.8129;-68.9689;7.94;
161.4296;-10.8664;7.94;
162.2089;-55.3594;7.94;
164.0667;-54.8955;7.94;
164.2898;21.8049;7.94;
164.4948;51.4579;7.94;
164.7516;55.0116;7.94;
165.5159;-9.8605;7.94;
166.1199;-53.1085;7.94;
166.6221;-53.2717;7.94;
168.817;-58.1813;7.94;
168.8988;-57.6509;7.94;
168.9836;59.121;7.94;
169.7862;58.8869;7.94;
173.2672;39.3217;7.94;
174.2008;-37.0391;7.94;
174.2846;51.1545;7.94;
176.0075;-36.3005;7.94;
176.8142;12.6645;7.94;
176.999;-40.2915;7.94;
179.2131;-38.8493;7.94;
180.9456;-57.7426;7.94;
181.3967;52.8755;7.94;
183.808;4.5257;7.94;
183.9386;-61.1299;7.94;
184.9885;-15.0627;7.94;
185.1636;-3.9952;7.94;
186.6393;7.8938;7.94;
188.327;-53.3507;7.94;
188.8651;-3.546;7.94;
190.9994;21.173;7.94;
193.8385;-53.5201;7.94;
193.8733;12.7022;7.94;
198.548;-63.3737;7.94;
198.9113;34.1825;7.94;
201.5287;30.7023;7.94;
202.2076;59.9283;7.94;
203.126;53.9619;7.94;
203.8265;36.3848;7.94;
204.0523;-55.2577;7.94;
204.0874;-63.1457;7.94;
204.6679;-61.7398;7.94;
205.0852;44.9873;7.94;
207.1301;-22.1557;7.94;
207.7074;-38.1368;7.94;
209.1183;-19.2326;7.94;
209.6862;49.246;7.94;
209.868;-43.703;7.94;
210.3205;-39.2533;7.94;
211.0504;-12.1298;7.94;
211.0869;-65.416;7.94;
213.1569;22.375;7.94;
214.1106;79.3368;7.94;
215.2078;-46.7843;7.94;
215.5067;19.8051;7.94;
217.1238;30.4317;7.94;
217.531;37.1443;7.94;
218.666;-61.7484;7.94;
219.6289;-3.1435;7.94;
220.6481;20.4916;7.94;
221.0323;-28.3529;7.94;
222.6945;51.5287;7.94;
222.99;-40.8058;7.94;
225.3789;-18.8032;7.94;
225.883;-31.3762;7.94;
226.5461;-30.4183;7.94;
226.5896;-26.1074;7.94;
227.2416;60.7963;7.94;
230.0391;-13.1917;7.94;
236.0155;-32.3198;7.94;
238.9813;-58.6837;7.94;
240.8161;53.217;7.94;
241.5932;-4.7542;7.94;
241.8222;-33.7089;7.94;
242.6521;-53.8692;7.94;
243.731;-0.2603;7.94;
245.2997;43.8198;7.94;
245.6596;21.7567;7.94;
246.5944;-53.4324;7.94;
248.5303;-10.6779;7.94;
249.247;69.8217;7.94;
249.6695;-1.1838;7.94;
250.1575;70.5708;7.94;
251.2077;-27.4561;7.94;
251.3148;-49.6159;7.94;
251.8386;80.1179;7.94;
252.5268;36.04;7.94;
256.8767;12.8794;7.94;
257.3907;3.9323;7.94;
258.146;-15.1636;7.94;
260.0484;9.461;7.94;
260.2277;-27.3445;7.94;
261.3378;-59.0582;7.94;
264.785;48.4411;7.94;
266.0631;-34.7713;7.94;
266.7997;63.1225;7.94;
267.4954;-41.3796;7.94;
268.3275;24.9914;7.94;
269.8271;12.0859;7.94;
271.1643;32.5782;7.94;
272.1871;-22.1607;7.94;
272.5999;0.5434;7.94;
273.6384;-28.8389;7.94;
274.9049;-10.9335;7.94;
276.2623;14.145;7.94;
276.6103;-18.0862;7.94;
277.258;-78.6088;7.94;
277.3978;26.0557;7.94;
278.558;14.4684;7.94;
278.7842;0.043;7.94;
278.9925;-60.3788;7.94;
279.8023;18.0731;7.94;
280.7061;57.8652;7.94;
281.7358;59.3311;7.94;
285.5429;37.812;7.94;
285.9374;5.0696;7.94;
286.9546;-32.58;7.94;
287.1651;-39.9601;7.94;
287.7116;-12.1432;7.94;
288.1147;16.8502;7.94;
290.4451;-1.8393;7.94;
290.6812;24.9262;7.94;
290.8818;-0.5406;7.94;
290.9894;38.1144;7.94;
293.1843;46.3106;7.94;
293.5144;-67.9424;7.94;
294.9144;7.844;7.94;
295.6427;40.0265;7.94;
296.0254;12.3725;7.94;
297.3206;15.2042;7.94;
297.6997;50.3555;7.94;
298.7951;-23.9076;7.94;
298.8082;-59.1957;7.94;
299.336;19.7976;7.94;
300.0081;25.1757;7.94;
301.4217;-37.7148;7.94;
302.2388;23.4149;7.94;
302.253;13.0159;7.94;
302.6234;-6.1635;7.94;
302.8209;-0.1398;7.94;
305.9516;-50.838;7.94;
306.2606;30.5682;7.94;
307.84;-44.3782;7.94;
307.9958;-50.185;7.94;
308.8062;-9.0037;7.94;
309.1791;50.8898;7.94;
310.0422;10.5724;7.94;
311.7798;60.1007;7.94;
312.2488;25.6724;7.94;
312.5154;26.0708;7.94;
312.5983;31.3531;7.94;
314.3043;58.8167;7.94;
315.4933;13.3245;7.94;
319.9304;30.0474;7.94;
319.9344;56.2002;7.94;
322.2407;58.7398;7.94;
323.6637;-7.3922;7.94;
323.7206;18.9171;7.94;
323.872;18.9672;7.94;
325.0845;-6.3689;7.94;
325.0917;-6.8132;7.94;
325.953;-53.9772;7.94;
327.5067;-62.8734;7.94;
328.4721;62.6002;7.94;
328.5925;-41.2661;7.94;
328.8235;43.1722;7.94;
329.2595;-59.4749;7.94;
329.7041;15.0538;7.94;
329.9123;-6.2737;7.94;
332.2069;-37.7794;7.94;
332.8116;17.7394;7.94;
333.6848;-15.7016;7.94;
334.9797;52.0071;7.94;
338.1493;34.2288;7.94;
338.3309;46.1153;7.94;
338.8089;-49.9914;7.94;
340.0863;-11.6052;7.94;
340.6107;58.5259;7.94;
341.2959;-63.4616;7.94;
341.8041;23.9852;7.94;
345.488;47.9986;7.94;
348.4238;-10.3188;7.94;
348.7312;-39.178;7.94;
351.0766;18.9824;7.94;
353.1378;-50.1155;7.94;
353.4028;22.329;7.94;
355.6498;-57.9617;7.94;
355.9807;66.552;7.94;
357.6038;57.1611;7.94;
359.9343;62.9917;7.94;
0.3716;30.7358;7.95;
1.327;-1.7941;7.95;
2.8435;30.4496;7.95;
3.0658;43.8182;7.95;
3.1622;-26.8531;7.95;
4.8703;-17.6788;7.95;
7.3481;40.8417;7.95;
9.3776;85.0927;7.95;
10.5399;24.1391;7.95;
12.2187;-60.3698;7.95;
12.2277;32.9246;7.95;
15.2948;26.473;7.95;
16.6609;23.2326;7.95;
23.1853;3.0324;7.95;
24.0349;36.5377;7.95;
25.6048;-2.1604;7.95;
27.622;53.7428;7.95;
28.1207;49.7994;7.95;
29.0935;8.5094;7.95;
29.3055;-26.6453;7.95;
36.3582;45.9289;7.95;
37.7838;34.9305;7.95;
38.3042;47.7413;7.95;
38.9551;39.5481;7.95;
39.6349;-61.3802;7.95;
39.6461;34.3658;7.95;
40.0035;-62.1525;7.95;
41.2683;-41.2948;7.95;
41.938;31.0529;7.95;
44.7478;43.9554;7.95;
45.0692;69.5021;7.95;
46.7387;58.6008;7.95;
49.6865;49.77;7.95;
50.1519;-36.7755;7.95;
50.8879;71.4185;7.95;
51.3084;21.2141;7.95;
51.802;-58.3237;7.95;
52.5257;75.2591;7.95;
53.0543;-32.308;7.95;
53.4202;-7.429;7.95;
55.6737;51.1732;7.95;
56.1776;-10.7766;7.95;
56.2195;-56.6581;7.95;
56.3108;48.1952;7.95;
57.7447;29.655;7.95;
58.6858;23.2016;7.95;
58.7065;-17.01;7.95;
60.6853;-86.2453;7.95;
61.97;-58.527;7.95;
62.1528;33.7291;7.95;
63.3462;-12.2956;7.95;
65.0693;7.8537;7.95;
65.4775;-41.2202;7.95;
65.9637;-14.0153;7.95;
66.0144;-75.6048;7.95;
66.1229;22.7415;7.95;
67.7587;-4.9609;7.95;
68.6599;70.3464;7.95;
69.0801;-17.4442;7.95;
69.1631;41.0768;7.95;
69.6926;6.8204;7.95;
72.0399;-7.0075;7.95;
73.1475;-43.0605;7.95;
73.639;45.6811;7.95;
75.6326;-50.4454;7.95;
76.6124;40.0375;7.95;
76.9683;54.9867;7.95;
77.4965;10.8925;7.95;
77.616;-32.0592;7.95;
78.8516;-19.0605;7.95;
80.4187;12.6683;7.95;
80.5161;75.1955;7.95;
80.7513;29.0909;7.95;
80.7703;-2.9331;7.95;
82.2847;-17.321;7.95;
82.3593;48.0008;7.95;
83.1478;44.3602;7.95;
83.1616;45.5369;7.95;
83.949;-19.9468;7.95;
84.1334;-72.9822;7.95;
84.2369;-47.9647;7.95;
84.2847;-50.4087;7.95;
84.5029;59.3644;7.95;
86.5622;80.3954;7.95;
88.5932;18.9004;7.95;
90.0648;8.9562;7.95;
90.6986;-29.9969;7.95;
93.2581;7.5343;7.95;
93.3649;55.585;7.95;
94.5599;68.3188;7.95;
94.7836;-3.439;7.95;
97.1395;77.9594;7.95;
97.3457;78.2854;7.95;
97.3657;-34.0941;7.95;
97.5749;-6.4301;7.95;
98.2329;-43.5765;7.95;
98.2346;79.4684;7.95;
98.9367;-1.0967;7.95;
99.0693;-26.1236;7.95;
99.8861;-11.6977;7.95;
100.7193;-58.4838;7.95;
101.1031;-2.4307;7.95;
101.6734;-36.5962;7.95;
101.8823;-25.6848;7.95;
102.4365;-16.3101;7.95;
102.5266;17.5897;7.95;
102.5892;39.725;7.95;
102.7963;58.4176;7.95;
102.9998;57.1491;7.95;
103.6957;29.8273;7.95;
103.9941;71.8828;7.95;
107.7346;59.3697;7.95;
108.0624;-38.1745;7.95;
108.1496;-0.5595;7.95;
109.2784;-12.8462;7.95;
109.7924;-1.6558;7.95;
110.0127;-33.5948;7.95;
110.3459;-48.5329;7.95;
110.7745;-65.4701;7.95;
111.4992;42.1665;7.95;
112.1948;7.9277;7.95;
112.6334;13.8444;7.95;
113.5404;42.0878;7.95;
113.7778;-26.1195;7.95;
114.5835;55.2055;7.95;
114.9696;-38.5483;7.95;
115.6916;4.0708;7.95;
116.5088;-57.2382;7.95;
117.1609;-63.6889;7.95;
118.5476;13.5824;7.95;
118.9107;40.3001;7.95;
119.6538;-34.9448;7.95;
120.5762;-26.065;7.95;
122.0357;-25.8153;7.95;
124.6559;-40.3289;7.95;
125.0489;-63.5038;7.95;
127.0966;-4.2858;7.95;
127.9404;-8.854;7.95;
128.2707;11.2682;7.95;
129.9341;-62.5275;7.95;
129.9618;41.366;7.95;
130.6381;-24.2118;7.95;
132.4471;44.7043;7.95;
132.6032;-21.1448;7.95;
133.1666;49.945;7.95;
133.2347;-59.8377;7.95;
134.7346;25.9258;7.95;
134.7817;31.9159;7.95;
135.4867;-1.1253;7.95;
136.2318;-4.6742;7.95;
136.3316;-17.3396;7.95;
137.4092;30.7128;7.95;
137.7293;-15.4594;7.95;
138.5636;-33.5158;7.95;
138.7432;-22.7992;7.95;
139.2605;-15.5075;7.95;
139.3479;-58.7299;7.95;
139.7684;-41.4683;7.95;
140.7958;-44.965;7.95;
141.4231;-34.3224;7.95;
142.4724;-44.9092;7.95;
142.8486;2.2787;7.95;
143.1602;48.1668;7.95;
143.1697;19.8557;7.95;
143.3777;-58.3863;7.95;
143.5137;-36.1413;7.95;
144.5191;17.3554;7.95;
144.7037;30.1531;7.95;
145.2452;58.5893;7.95;
146.2339;-23.4845;7.95;
147.5745;-59.4667;7.95;
148.1657;-55.4539;7.95;
150.4662;50.4808;7.95;
151.7521;38.0242;7.95;
152.3256;-50.6396;7.95;
152.6789;15.7044;7.95;
153.7397;9.2112;7.95;
153.9617;-52.2041;7.95;
154.6282;1.5703;7.95;
154.8115;-67.3462;7.95;
156.4476;-78.5979;7.95;
156.8696;15.7762;7.95;
157.5083;-2.2032;7.95;
158.7267;82.0253;7.95;
158.8137;4.8228;7.95;
159.0876;-72.5083;7.95;
159.6063;-69.2736;7.95;
160.0631;-9.044;7.95;
160.1922;41.5267;7.95;
161.4439;-73.0662;7.95;
161.6387;4.6456;7.95;
162.1014;41.1577;7.95;
162.3664;-41.8068;7.95;
162.6846;-34.4863;7.95;
162.9571;-52.3846;7.95;
164.1229;-48.332;7.95;
165.2399;27.1322;7.95;
170.1146;-26.1574;7.95;
170.1842;31.7346;7.95;
170.5229;35.3371;7.95;
171.4245;-27.5488;7.95;
172.6924;-61.0784;7.95;
173.2202;-43.6954;7.95;
173.53;48.5681;7.95;
175.4265;-71.5064;7.95;
175.8946;-55.1956;7.95;
177.1271;-25.0859;7.95;
177.4295;-32.4439;7.95;
178.1258;15.8457;7.95;
180.0969;-30.6005;7.95;
182.9239;50.8378;7.95;
184.4479;-45.3929;7.95;
184.492;-69.943;7.95;
184.7254;-40.1278;7.95;
186.8518;-76.7555;7.95;
188.0017;63.7581;7.95;
188.9911;31.7326;7.95;
191.5618;2.4643;7.95;
191.626;-15.4405;7.95;
193.0396;-51.9445;7.95;
193.0526;-6.0902;7.95;
193.8573;-73.9687;7.95;
194.3969;-17.3948;7.95;
195.815;47.9683;7.95;
196.3686;14.7254;7.95;
197.5471;-25.5375;7.95;
197.8114;33.4659;7.95;
199.02;-62.5837;7.95;
199.9605;-61.9691;7.95;
200.1117;-49.2237;7.95;
201.1764;-32.6693;7.95;
203.7101;65.255;7.95;
204.6022;-50.0553;7.95;
205.4656;47.414;7.95;
205.9101;35.7149;7.95;
207.1318;-55.6149;7.95;
211.1041;-58.2006;7.95;
211.7247;0.9529;7.95;
212.3605;10.2436;7.95;
212.6751;-39.7154;7.95;
212.7096;70.0638;7.95;
215.1;52.1727;7.95;
217.4265;-5.983;7.95;
218.0091;-20.9477;7.95;
218.7376;-66.0142;7.95;
218.9371;-45.6185;7.95;
221.1089;60.7722;7.95;
223.0878;-11.473;7.95;
223.9519;-44.6967;7.95;
224.1762;5.3989;7.95;
224.354;-22.1535;7.95;
224.6872;-65.0038;7.95;
226.3245;0.494;7.95;
228.2121;75.4712;7.95;
229.1635;-44.3585;7.95;
229.9718;67.0156;7.95;
229.9753;-60.5613;7.95;
232.765;-35.6398;7.95;
236.7152;-36.9368;7.95;
236.8338;-12.2213;7.95;
237.9073;-14.8658;7.95;
238.6873;-72.6291;7.95;
239.2811;-6.8282;7.95;
240.0074;49.9001;7.95;
240.155;-61.304;7.95;
240.7592;13.9914;7.95;
242.1617;30.3824;7.95;
243.4922;-28.2526;7.95;
244.2909;56.9184;7.95;
244.4198;-71.6728;7.95;
245.7331;-55.0378;7.95;
245.7739;13.8398;7.95;
247.8467;-55.9398;7.95;
247.9983;60.4803;7.95;
248.9581;40.8881;7.95;
249.0299;58.8585;7.95;
249.1989;-64.8075;7.95;
249.5115;-44.3005;7.95;
249.7576;21.6879;7.95;
249.8987;-52.4174;7.95;
250.4593;13.1488;7.95;
251.0879;-44.3787;7.95;
252.5215;-12.3875;7.95;
253.5749;35.1281;7.95;
254.5484;50.6955;7.95;
255.2737;2.5524;7.95;
256.5494;5.1684;7.95;
256.6218;-39.3051;7.95;
258.0471;-72.2741;7.95;
258.1568;18.3512;7.95;
259.7392;-4.3076;7.95;
260.0237;55.9354;7.95;
261.3339;22.4413;7.95;
262.5067;59.6885;7.95;
262.5609;29.5075;7.95;
263.0297;-31.5491;7.95;
263.0649;71.5858;7.95;
263.1362;52.0945;7.95;
263.7196;-1.6052;7.95;
264.0529;-47.3559;7.95;
265.6848;-51.8429;7.95;
268.0242;26.2905;7.95;
270.6762;-17.5224;7.95;
271.2062;-72.952;7.95;
271.5543;1.5827;7.95;
272.6524;18.2888;7.95;
272.9621;-15.6799;7.95;
274.6409;58.0082;7.95;
275.1118;-40.2727;7.95;
275.4574;-11.9227;7.95;Alasia
277.6344;-10.864;7.95;
278.0518;-26.4965;7.95;
278.7481;54.2091;7.95;
279.2609;-79.6291;7.95;
279.3976;47.9815;7.95;
279.463;-6.7968;7.95;
280.1304;2.6844;7.95;
280.5098;-34.4663;7.95;
280.9825;2.6213;7.95;
281.6531;25.539;7.95;
282.3652;57.8399;7.95;
282.6512;-53.9633;7.95;
283.8783;63.0927;7.95;
284.9929;-71.5348;7.95;
285.0186;-32.2559;7.95;
286.9996;58.1445;7.95;
287.0226;55.398;7.95;
287.684;31.0881;7.95;
287.7059;-64.9909;7.95;
287.791;-2.6384;7.95;
289.6642;15.6806;7.95;
291.4915;25.053;7.95;
291.827;-23.3472;7.95;
292.1754;32.0752;7.95;
292.2486;12.4707;7.95;
292.4853;72.2729;7.95;
295.3973;49.6954;7.95;
295.7472;-35.9819;7.95;
296.1992;16.8152;7.95;
296.4995;35.4521;7.95;
296.8182;11.4737;7.95;
297.6041;14.5139;7.95;
298.6882;17.3458;7.95;
299.7763;70.3722;7.95;
300.2289;-26.2237;7.95;
300.5551;64.6588;7.95;
302.0347;45.5431;7.95;
302.1791;-7.0205;7.95;
302.8227;21.352;7.95;
302.9613;-63.617;7.95;
304.2158;43.6833;7.95;
304.5585;-6.3123;7.95;
305.1636;16.0155;7.95;
305.6588;-44.5872;7.95;
306.1249;15.7272;7.95;
306.2045;-36.9963;7.95;
306.2569;61.2982;7.95;
307.1395;40.9019;7.95;
307.8015;56.8901;7.95;
307.9141;45.1713;7.95;
309.3146;-28.7132;7.95;
309.3871;59.0029;7.95;
309.761;-28.4254;7.95;
310.4743;20.6867;7.95;
311.8679;6.815;7.95;
312.4011;30.6504;7.95;
312.402;15.992;7.95;
313.1651;-64.5347;7.95;
313.2645;34.7521;7.95;
313.6084;48.9298;7.95;
313.9769;-31.5057;7.95;
314.2123;-48.6714;7.95;
314.3435;-59.076;7.95;
314.5017;56.1195;7.95;
315.3434;-2.514;7.95;
316.7816;38.3149;7.95;
317.1152;56.0453;7.95;
318.3071;-4.2667;7.95;
318.5975;-32.5389;7.95;
319.1804;-7.6548;7.95;
319.4713;14.5386;7.95;
321.2796;-1.9886;7.95;
321.3364;34.744;7.95;
321.6103;-10.9175;7.95;
323.4461;33.2145;7.95;
323.8291;-19.2447;7.95;
327.6262;37.59;7.95;
329.0409;-60.2294;7.95;
329.2748;42.6163;7.95;
329.5574;-40.1602;7.95;
329.6601;-32.3555;7.95;
330.4429;-1.1284;7.95;
331.0762;-61.8727;7.95;
332.6203;30.8105;7.95;
335.3523;-51.1013;7.95;
335.4928;43.7449;7.95;
335.7476;67.156;7.95;
336.4578;69.8952;7.95;
337.3859;29.9887;7.95;
337.8818;42.2216;7.95;
337.9105;51.2414;7.95;
337.9322;34.2277;7.95;
338.9846;-59.8645;7.95;
339.6309;-48.6806;7.95;
341.6874;25.8034;7.95;
341.8513;46.2077;7.95;
342.7034;44.9381;7.95;
343.3257;-57.8543;7.95;
344.3147;32.1993;7.95;
345.3669;46.8299;7.95;
345.6924;53.2464;7.95;
348.1252;-23.8195;7.95;
350.076;6.8724;7.95;
350.4204;54.816;7.95;
351.2608;42.2253;7.95;
353.0186;-43.59;7.95;
353.1484;10.9778;7.95;
354.2432;11.015;7.95;
355.8279;-0.7081;7.95;
356.5004;0.262;7.95;
356.8839;16.9375;7.95;
0.7947;-24.5883;7.96;
4.3189;-43.8527;7.96;
4.8512;-59.691;7.96;
6.7183;9.3198;7.96;
6.9311;4.6071;7.96;
9.0098;29.993;7.96;
9.5099;-50.734;7.96;
12.7658;6.8998;7.96;
13.7839;16.91;7.96;
13.7986;-44.3689;7.96;
15.802;-83.2545;7.96;
15.8583;3.2556;7.96;
16.3681;81.9615;7.96;
16.3804;-77.5847;7.96;
17.221;-4.7226;7.96;
17.8177;14.6917;7.96;
21.7564;-0.1576;7.96;
22.5578;-28.8654;7.96;
22.8203;-38.4296;7.96;
24.3369;-12.7385;7.96;
24.4839;21.2611;7.96;
26.6495;41.5519;7.96;
26.919;-43.9711;7.96;
27.5997;30.8035;7.96;
28.6648;53.8918;7.96;
32.6668;-38.3672;7.96;
33.804;64.0245;7.96;
36.0638;79.7707;7.96;
38.2585;-79.036;7.96;
38.5057;-14.1693;7.96;
41.7375;-37.3456;7.96;
43.0962;30.1816;7.96;
44.3142;46.0199;7.96;
44.5376;42.1112;7.96;
45.57;41.396;7.96;
45.7899;20.3362;7.96;
48.2719;49.0094;7.96;
48.711;47.155;7.96;
50.2555;19.4763;7.96;
50.8006;33.0784;7.96;
50.8313;61.2862;7.96;
51.2473;10.01;7.96;
51.3178;60.4837;7.96;
54.632;-56.143;7.96;
55.8016;-52.2475;7.96;
56.9329;-57.6302;7.96;
61.9387;80.9765;7.96;
62.3673;-17.4789;7.96;
69.7388;14.1056;7.96;
69.7741;-4.8068;7.96;
69.9051;-14.5956;7.96;
70.264;-39.583;7.96;
70.6543;58.9093;7.96;
72.3692;-8.1173;7.96;
74.1864;-4.7811;7.96;
75.7386;-41.6074;7.96;
76.8981;-13.9865;7.96;
77.2154;-22.6348;7.96;
78.5418;54.0246;7.96;
79.201;-48.6408;7.96;
79.5793;-21.8245;7.96;
80.2204;78.3747;7.96;
82.2872;-5.791;7.96;
83.4604;-29.9405;7.96;
84.4491;-41.163;7.96;
85.1931;9.2654;7.96;
85.5604;8.3735;7.96;
86.0643;-49.1735;7.96;
86.2311;67.9791;7.96;
86.4858;24.2249;7.96;
86.548;44.7832;7.96;
88.0659;29.518;7.96;
90.6488;7.6989;7.96;
90.8684;18.1833;7.96;
91.2954;-9.2919;7.96;
92.2424;-9.6479;7.96;
92.4672;37.5711;7.96;
93.229;9.0358;7.96;
93.5612;14.4486;7.96;
94.7014;6.7254;7.96;
94.8272;-48.4089;7.96;
95.8373;50.7416;7.96;
96.5396;-41.6369;7.96;
96.8291;21.2936;7.96;
97.91;5.0268;7.96;
98.5982;2.5341;7.96;
98.8916;-3.9829;7.96;
100.1762;9.6559;7.96;
100.358;-27.587;7.96;
100.5841;-41.7288;7.96;
101.9371;30.1159;7.96;
102.0923;-15.3298;7.96;
102.9724;26.4002;7.96;
103.7694;-6.6398;7.96;
104.0018;-3.1748;7.96;
104.1245;-40.9903;7.96;
106.9621;-29.4327;7.96;
107.081;20.8658;7.96;
107.1259;51.373;7.96;
107.2808;-60.5752;7.96;
107.3051;38.6119;7.96;
107.3926;-24.3078;7.96;
108.3103;18.9213;7.96;
114.7904;7.831;7.96;
115.3053;39.2117;7.96;
115.884;-27.1792;7.96;
118.4041;10.687;7.96;
118.9393;13.3319;7.96;
120.109;25.034;7.96;
126.2886;-9.7855;7.96;
129.0955;-13.1513;7.96;
130.0163;-23.2084;7.96;
132.3384;3.684;7.96;
133.5264;-31.244;7.96;
133.5277;-43.421;7.96;
134.0184;15.7238;7.96;
134.6924;14.2297;7.96;
136.4411;55.529;7.96;
138.9564;10.374;7.96;
139.1193;-54.7046;7.96;
139.7463;10.9499;7.96;
140.2252;-55.8121;7.96;
140.2367;11.9587;7.96;
142.5117;32.0412;7.96;
143.9472;-54.1688;7.96;
145.734;-54.766;7.96;
145.8273;-16.3282;7.96;
148.4131;55.7693;7.96;
150.0782;-59.0127;7.96;
150.1524;76.0472;7.96;
150.3424;-15.4541;7.96;
150.3516;-38.0981;7.96;
151.8116;29.2377;7.96;
152.2609;-13.1959;7.96;
153.0052;-6.2029;7.96;
153.9101;-11.1884;7.96;
159.6788;-49.7421;7.96;
162.3156;-50.271;7.96;
162.9428;-29.6524;7.96;
163.0455;-57.3809;7.96;
164.0139;-41.2001;7.96;
166.0891;-69.929;7.96;
167.0726;-15.9616;7.96;
167.6166;-9.0277;7.96;
167.854;-50.1691;7.96;
168.6887;43.3293;7.96;
169.858;-30.323;7.96;
170.5676;-36.4861;7.96;
170.9493;52.0403;7.96;
177.8586;-23.8467;7.96;
178.5981;-46.4917;7.96;
180.0753;-61.3679;7.96;
180.1979;-12.1576;7.96;
180.5886;0.5637;7.96;
180.9347;68.9349;7.96;
182.8657;53.4215;7.96;
183.6573;-8.9901;7.96;
184.442;-36.334;7.96;
186.1358;4.3312;7.96;
192.0167;3.4553;7.96;
192.582;-33.6101;7.96;
192.6067;-47.2223;7.96;
192.7848;69.2942;7.96;
193.2936;12.4659;7.96;
194.8607;-22.1282;7.96;
199.5197;50.4463;7.96;
199.9048;-12.4836;7.96;
200.0323;59.862;7.96;
200.297;-49.6996;7.96;
200.5322;-0.0678;7.96;
201.2011;-6.8403;7.96;
203.1291;36.0351;7.96;
204.4392;-38.0955;7.96;
204.8849;-72.5043;7.96;
205.5083;-74.7762;7.96;
206.3302;68.9995;7.96;
208.2992;-15.9983;7.96;
208.8813;-12.2231;7.96;
210.8155;24.5975;7.96;
214.0331;67.6893;7.96;
214.2945;43.5552;7.96;
215.6905;-12.056;7.96;
217.0749;-20.5646;7.96;
218.1285;49.1841;7.96;
221.3893;17.8848;7.96;
223.2997;28.5083;7.96;
226.0347;-52.2132;7.96;
226.4551;31.0647;7.96;
226.9253;42.3881;7.96;
227.5009;-22.7208;7.96;
232.4358;35.1752;7.96;
232.9114;7.8158;7.96;
233.0317;-28.1662;7.96;
233.1259;76.7736;7.96;
233.4732;-31.019;7.96;
235.1576;-25.5925;7.96;
235.2307;-8.9986;7.96;
237.2172;-29.4834;7.96;
238.6848;9.2501;7.96;
239.1097;21.2459;7.96;
239.6107;-73.148;7.96;
241.3321;-54.1796;7.96;
241.9124;-30.563;7.96;
245.2729;0.6278;7.96;
246.0681;-56.0547;7.96;
246.4381;-33.5671;7.96;
248.3924;-71.1375;7.96;
250.5037;57.1849;7.96;
251.2855;44.1133;7.96;
251.8537;28.3987;7.96;
252.0927;42.2338;7.96;
252.2492;-8.93;7.96;
252.2538;34.0718;7.96;
252.543;11.0754;7.96;
252.731;51.1284;7.96;
254.8731;9.7035;7.96;
256.3529;60.5845;7.96;
256.6707;-48.0122;7.96;
259.7436;68.8779;7.96;
260.1905;39.0976;7.96;
264.1154;63.3365;7.96;
264.7172;22.2747;7.96;
267.9023;-6.8633;7.96;
268.9721;-87.2403;7.96;
268.9841;-34.2866;7.96;
269.9274;14.4635;7.96;
270.0854;-14.208;7.96;
270.2405;-58.4589;7.96;
270.4017;3.5057;7.96;
270.5484;-52.9571;7.96;
271.1098;6.4364;7.96;
271.2915;27.5644;7.96;
274.2057;51.2291;7.96;
278.3705;-20.3683;7.96;
278.4157;-36.8056;7.96;
279.5465;15.1642;7.96;
280.9453;-40.7995;7.96;
281.6303;-64.0414;7.96;
281.838;24.6435;7.96;
283.1033;26.7456;7.96;
283.7228;51.3083;7.96;
285.3139;-50.1826;7.96;
288.5923;-17.9021;7.96;
289.3576;-51.4968;7.96;
289.7226;-3.7753;7.96;
291.1719;10.0864;7.96;
292.0939;53.9703;7.96;
294.6258;25.9787;7.96;
296.6321;-39.4255;7.96;
297.0304;19.9967;7.96;
300.8721;-22.9559;7.96;
301.3289;50.4486;7.96;
301.9914;32.5863;7.96;
305.6601;-54.2637;7.96;
306.8901;-74.2851;7.96;
306.8917;19.6182;7.96;
308.2807;6.8303;7.96;
308.4879;12.1017;7.96;
309.1174;-61.4111;7.96;
312.45;-36.8551;7.96;
312.5045;20.8801;7.96;
312.7198;35.9221;7.96;
313.1804;38.8058;7.96;
314.1109;-59.2737;7.96;
314.17;56.9267;7.96;
314.7191;17.8672;7.96;
316.3626;34.8121;7.96;
316.8334;32.5022;7.96;
316.9554;-34.1986;7.96;
317.7005;-11.7292;7.96;
317.9781;40.7743;7.96;
318.4738;39.3702;7.96;
319.2784;35.7695;7.96;
319.3149;-21.7415;7.96;
319.6253;-12.2652;7.96;
321.1593;-61.1873;7.96;
321.271;-76.5259;7.96;
322.9638;25.2182;7.96;
323.8232;-25.3181;7.96;
325.4963;42.5691;7.96;
325.6647;53.2503;7.96;
327.2308;25.7098;7.96;
327.5399;15.7505;7.96;
329.1213;-53.0483;7.96;
329.4711;0.6003;7.96;
330.5225;44.3432;7.96;
330.9482;4.792;7.96;
331.9947;56.5789;7.96;
338.1321;33.8142;7.96;
339.1667;0.364;7.96;
340.1882;78.0221;7.96;
344.2834;14.0142;7.96;
344.9219;-4.3644;7.96;
348.7903;-56.7292;7.96;
349.0168;28.2273;7.96;
349.9232;-23.2255;7.96;
350.2172;-40.9552;7.96;
353.0939;35.3305;7.96;
356.22;-38.3326;7.96;
358.2037;-85.8955;7.96;
0.5681;-27.1352;7.97;
1.5843;60.4571;7.97;
4.9539;-60.9122;7.97;
5.2292;46.486;7.97;
7.6162;-15.124;7.97;
9.1393;56.1422;7.97;
9.5296;9.829;7.97;
9.6892;21.7447;7.97;
10.4629;-8.0889;7.97;
12.6318;-5.3142;7.97;
16.102;49.2048;7.97;
16.6253;19.4064;7.97;
16.7245;8.6523;7.97;
16.9082;-27.7217;7.97;
18.5294;56.013;7.97;
18.6039;19.1268;7.97;
20.7711;-21.1272;7.97;
21.9656;-79.0406;7.97;
22.8908;-59.5925;7.97;
23.431;10.9041;7.97;
23.5479;36.1902;7.97;
23.6162;49.5641;7.97;
24.6614;44.1444;7.97;
24.9653;60.9023;7.97;
25.5228;-32.0908;7.97;
25.6076;-66.8427;7.97;
25.8679;-56.2345;7.97;
28.048;-32.5399;7.97;
29.6046;51.8937;7.97;
29.8261;-23.9799;7.97;
30.2828;5.3368;7.97;
33.0055;-32.2876;7.97;
34.692;7.7057;7.97;
34.918;-55.0173;7.97;
35.7524;3.7986;7.97;
35.846;44.3802;7.97;
36.4575;-10.6269;7.97;
38.012;18.3736;7.97;
38.2491;6.9563;7.97;
40.5547;42.6992;7.97;
42.1735;72.3441;7.97;
42.3191;40.48;7.97;
43.4849;31.6965;7.97;
43.6422;-37.8418;7.97;
45.0117;7.7498;7.97;
46.6961;2.7144;7.97;
46.9676;23.6879;7.97;
47.0664;44.2058;7.97;
48.9411;-16.8287;7.97;
55.7803;40.9938;7.97;
57.0441;21.3291;7.97;
58.5943;1.2616;7.97;
58.6436;-4.1579;7.97;
59.8881;4.6067;7.97;
60.7245;-20.5062;7.97;
61.1407;35.9206;7.97;
61.3805;-58.4783;7.97;
61.7864;10.7997;7.97;
64.1639;-64.3156;7.97;
64.8011;63.9579;7.97;
65.3194;38.2443;7.97;
69.6042;42.9688;7.97;
69.8541;35.9543;7.97;
70.5739;47.5867;7.97;
70.7291;4.7407;7.97;
71.4627;-11.9494;7.97;
71.5276;-12.9753;7.97;
73.94;-7.8938;7.97;
74.6636;34.3923;7.97;
75.5031;1.6115;7.97;
77.5548;-72.0769;7.97;
79.1192;-28.1388;7.97;
81.2552;61.8256;7.97;
81.4744;-56.6016;7.97;
82.8642;-3.6772;7.97;
83.0607;-38.1976;7.97;
83.2653;-1.241;7.97;
83.9644;5.0288;7.97;
84.6382;-28.8365;7.97;
85.1317;-22.1559;7.97;
86.855;70.8103;7.97;
87.66;1.6997;7.97;
88.0417;40.963;7.97;
88.4654;-42.2302;7.97;
89.3911;13.7079;7.97;
89.6002;29.627;7.97;
89.8937;69.4046;7.97;
91.0607;-41.1535;7.97;
92.2025;-52.1357;7.97;
92.8391;-69.7603;7.97;
93.459;-1.0613;7.97;
93.896;-19.4944;7.97;
94.7634;-23.5335;7.97;
95.2664;9.7619;7.97;
95.5987;-16.7305;7.97;
95.7308;42.9036;7.97;
96.7466;-44.1228;7.97;
97.214;-2.5095;7.97;
97.7665;65.1615;7.97;
98.3184;19.8436;7.97;
99.7308;-40.5857;7.97;
99.7572;-35.1365;7.97;
102.6103;-14.1134;7.97;
102.7665;64.3398;7.97;
103.39;-54.8829;7.97;
105.2386;-72.5606;7.97;
105.3728;-6.9389;7.97;
105.9476;-25.6534;7.97;
107.1168;-75.3022;7.97;
107.8141;24.6638;7.97;
109.08;-16.7167;7.97;
109.5111;-30.9378;7.97;
110.1791;-8.421;7.97;
110.7021;9.8458;7.97;
110.7912;5.3793;7.97;
112.3977;-9.2593;7.97;
112.7745;66.8192;7.97;
113.7562;23.9315;7.97;
114.0514;-21.9167;7.97;
114.2425;57.5496;7.97;
114.3931;-57.2167;7.97;
114.7954;-29.4752;7.97;
116.1588;31.1139;7.97;
116.4485;2.5598;7.97;
116.7517;55.5414;7.97;
118.2725;15.3774;7.97;
118.4222;-63.6473;7.97;
120.0766;-26.5917;7.97;
120.6395;21.872;7.97;
121.5845;-54.0461;7.97;
123.1381;-45.0591;7.97;
123.5716;33.554;7.97;
125.9647;65.5003;7.97;
126.9677;36.1253;7.97;
127.1733;-54.499;7.97;
127.843;-48.7492;7.97;
128.0076;-47.3277;7.97;
128.1163;3.6735;7.97;
129.8509;-4.8604;7.97;
131.305;-41.879;7.97;
131.5823;-40.3966;7.97;
131.6114;-26.6277;7.97;
132.0633;-7.9725;7.97;
132.4359;44.9778;7.97;
133.6691;-39.4827;7.97;
133.8402;-31.02;7.97;
134.034;60.3364;7.97;
134.3004;41.3408;7.97;
134.691;-31.2442;7.97;
135.7755;2.0569;7.97;
137.2743;-16.7587;7.97;
138.9709;-28.2026;7.97;
139.4225;39.1974;7.97;
141.5109;-35.9686;7.97;
141.6578;16.6983;7.97;
142.7178;-21.718;7.97;
143.0167;26.8279;7.97;
143.2159;-54.5961;7.97;
143.2317;-22.5219;7.97;
143.2575;43.3106;7.97;
144.3267;-14.8511;7.97;
144.9637;-32.9211;7.97;
145.4416;15.7552;7.97;
145.9324;7.953;7.97;
146.4487;-18.7;7.97;
146.83;-41.4512;7.97;
147.2773;-19.6466;7.97;
147.8533;-16.5583;7.97;
148.31;-23.6832;7.97;
149.5626;-42.1955;7.97;
150.0628;-68.15;7.97;
150.4635;-38.9207;7.97;
150.6986;-22.1003;7.97;
151.153;22.5696;7.97;
152.1773;-56.4208;7.97;
152.8583;-65.0041;7.97;
153.201;-56.1508;7.97;
154.3023;-80.9232;7.97;
155.3726;28.5365;7.97;
157.1866;26.9232;7.97;
157.5285;-68.552;7.97;
160.146;42.1532;7.97;
161.4908;-16.7362;7.97;
162.1509;57.3123;7.97;
162.3654;-44.2849;7.97;
163.747;-41.88;7.97;
164.7225;-4.678;7.97;
165.0925;-40.2521;7.97;
168.0998;-74.2094;7.97;
170.8219;62.717;7.97;
172.7529;9.6201;7.97;
172.853;-44.628;7.97;
175.4989;-45.6491;7.97;
176.1638;-29.8849;7.97;
176.8811;-5.2636;7.97;
178.5294;12.0567;7.97;
178.5948;10.0491;7.97;
179.222;10.5258;7.97;
181.4995;16.7726;7.97;
182.8735;-33.62;7.97;
184.6435;-3.0223;7.97;
185.5489;73.2485;7.97;
186.1641;5.0349;7.97;
186.6696;-54.8232;7.97;
187.9019;-11.0723;7.97;
188.1718;-17.2207;7.97;
188.5258;-53.7736;7.97;
189.1458;76.6378;7.97;
189.4502;4.9854;7.97;
189.6866;34.576;7.97;
192.2574;-23.2385;7.97;
192.855;-13.4912;7.97;
193.6071;-12.9374;7.97;
194.6704;27.4746;7.97;
194.7459;34.5457;7.97;
194.9731;-54.379;7.97;
195.4726;-19.7747;7.97;
196.2149;69.6571;7.97;
196.9456;51.7909;7.97;
197.3626;-17.2328;7.97;
197.9387;-68.9169;7.97;
197.9751;-24.5691;7.97;
198.6664;-46.8575;7.97;
199.5497;31.6303;7.97;
203.8792;-16.924;7.97;
204.2285;-56.1568;7.97;
204.893;1.0884;7.97;
204.8939;-10.1139;7.97;
205.1915;14.1355;7.97;
206.4675;27.2264;7.97;
207.1026;23.4493;7.97;
207.3737;30.7208;7.97;
207.9183;-57.4357;7.97;
208.3841;64.2453;7.97;
208.9399;63.1499;7.97;
209.2178;53.8941;7.97;
209.5842;10.1346;7.97;
211.6119;38.4176;7.97;
211.9162;-0.19;7.97;
212.6075;39.5263;7.97;
212.8301;-10.479;7.97;
213.5507;18.0852;7.97;
214.8899;-59.7526;7.97;
215.3266;10.8375;7.97;
215.6277;-31.7139;7.97;
216.4329;-53.4542;7.97;
216.8274;53.3111;7.97;
217.8323;-15.6388;7.97;
218.6813;65.9711;7.97;
218.969;24.9389;7.97;
219.857;-52.7507;7.97;
221.9337;-52.5979;7.97;
222.0893;63.7251;7.97;
223.4554;45.6827;7.97;
223.6708;67.963;7.97;
224.4618;-71.393;7.97;
226.7135;-26.8253;7.97;
227.0471;21.0855;7.97;
227.286;-50.8601;7.97;
227.9095;10.1249;7.97;
229.3948;-49.3933;7.97;
230.6529;-10.6611;7.97;
232.7319;42.9111;7.97;
233.2763;-8.0816;7.97;
233.989;-49.508;7.97;
234.6874;15.4143;7.97;
238.0129;-70.8211;7.97;
238.1461;-1.0313;7.97;
240.2368;28.9485;7.97;
240.6883;-42.5073;7.97;
240.6895;-23.1811;7.97;
242.6556;72.3932;7.97;
243.5212;4.0275;7.97;
243.5669;-3.4736;7.97;
244.8692;34.2629;7.97;
247.8538;25.8415;7.97;
248.4195;-31.2891;7.97;
248.5342;35.5;7.97;
248.7187;-47.9898;7.97;
251.6479;41.7923;7.97;
252.048;32.4179;7.97;
253.3598;-7.4561;7.97;
253.5747;-6.7118;7.97;
253.7382;-24.5083;7.97;
254.0722;-60.1604;7.97;
255.2975;-17.3453;7.97;
255.4325;54.5959;7.97;
255.5768;-84.3037;7.97;
260.4953;-51.8504;7.97;
262.3246;-42.3343;7.97;
263.1421;34.7466;7.97;
264.229;10.0398;7.97;
264.5048;-9.0301;7.97;
264.8134;47.2448;7.97;
266.6688;45.878;7.97;
267.5229;-26.8108;7.97;
268.4871;7.9233;7.97;
269.9355;46.8214;7.97;
270.655;48.299;7.97;
270.6977;-1.3364;7.97;
271.8908;-9.1779;7.97;
272.2106;47.1197;7.97;
272.9807;-58.1905;7.97;
273.7046;58.0026;7.97;
275.0804;65.3219;7.97;
276.8039;-51.8843;7.97;
277.7594;-54.646;7.97;
279.1404;48.8553;7.97;
279.4313;-34.5451;7.97;
280.7084;36.9586;7.97;
281.1474;39.0709;7.97;
282.1218;10.7455;7.97;
283.8122;-15.7488;7.97;
283.8348;27.0027;7.97;
284.9001;-21.8283;7.97;
287.2629;34.5998;7.97;
288.4213;53.2125;7.97;
288.5061;59.5518;7.97;
289.9788;-30.6954;7.97;
290.936;40.7872;7.97;
290.9785;72.5833;7.97;
291.8917;24.5509;7.97;
292.481;-50.27;7.97;
292.836;64.287;7.97;
294.2869;40.2138;7.97;
294.2891;-46.3327;7.97;
294.2997;-39.7436;7.97;
294.7925;43.8395;7.97;
295.4485;-4.2893;7.97;
297.8899;50.7734;7.97;
298.4988;20.0096;7.97;
298.7279;-57.567;7.97;
299.2086;-63.4736;7.97;
301.74;36.3966;7.97;
303.2371;40.7212;7.97;
303.4725;-45.164;7.97;
304.9103;13.0048;7.97;
305.8538;23.6697;7.97;
307.2564;28.4622;7.97;
307.5923;-11.7992;7.97;
308.6378;41.9966;7.97;
309.5247;46.8858;7.97;
310.4665;-59.4452;7.97;
312.0704;-22.8455;7.97;
312.3865;8.6967;7.97;
316.2831;7.9454;7.97;
318.2598;46.9462;7.97;
318.4137;5.9722;7.97;
319.4282;20.5053;7.97;
320.059;54.1839;7.97;
320.1319;1.2348;7.97;
320.4339;-18.7355;7.97;
321.6127;-15.2452;7.97;
321.6182;49.2802;7.97;
322.9474;-61.1347;7.97;
323.5676;-51.9844;7.97;
323.8069;65.5877;7.97;
325.6097;66.3622;7.97;
327.189;-80.3848;7.97;
327.6509;28.7672;7.97;
329.1037;-9.5859;7.97;
329.9566;23.9409;7.97;
331.5099;-3.1062;7.97;
331.7542;-41.1332;7.97;
332.0885;49.221;7.97;
332.1311;39.3717;7.97;
333.4954;9.4802;7.97;
334.8479;14.0701;7.97;
335.2573;41.5981;7.97;
335.8309;-45.3156;7.97;
336.6859;22.8121;7.97;
338.3926;31.2838;7.97;
339.5219;32.2438;7.97;
340.0572;37.5279;7.97;
343.9585;-48.708;7.97;
344.2906;-19.5536;7.97;
344.356;57.0129;7.97;
345.1825;51.0144;7.97;
348.2659;-24.1057;7.97;
348.4566;-47.1944;7.97;
348.8386;23.8682;7.97;
348.9576;-58.0827;7.97;
349.6124;-74.5162;7.97;
350.512;64.5196;7.97;
352.403;48.3809;7.97;
353.2334;-9.1595;7.97;
354.4241;-9.9749;7.97;
354.67;39.0456;7.97;
355.5412;-56.3799;7.97;
356.5978;23.45;7.97;
356.6219;81.3781;7.97;
359.6755;-38.2258;7.97;
0.5191;59.9401;7.98;
3.3236;-23.7325;7.98;
3.404;47.1933;7.98;
4.6041;22.8801;7.98;
8.4998;-57.0851;7.98;
9.3475;-75.6068;7.98;
10.0962;23.7702;7.98;
12.6013;-64.0678;7.98;
13.9543;-18.5319;7.98;
13.9606;46.8758;7.98;
17.649;-65.9217;7.98;
19.6432;-19.3653;7.98;
22.0025;15.9883;7.98;
22.3652;30.8945;7.98;
25.7058;-54.6971;7.98;
27.8305;60.3536;7.98;
28.1546;12.4429;7.98;
28.1982;4.663;7.98;
29.4412;-16.1322;7.98;
30.556;33.4088;7.98;
31.5684;57.3071;7.98;
33.8667;-15.9761;7.98;
33.897;16.195;7.98;
34.0078;42.6969;7.98;
34.1424;-21.119;7.98;
35.071;-14.6248;7.98;
37.2796;-19.2886;7.98;
37.2999;-42.0754;7.98;
38.8232;-60.837;7.98;
39.4569;14.1515;7.98;
39.849;-14.2893;7.98;
40.0033;-16.0972;7.98;
40.5847;16.9591;7.98;
43.417;-51.5075;7.98;
43.8026;59.8293;7.98;
44.1412;-39.4463;7.98;
46.3336;29.5404;7.98;
48.2814;38.9726;7.98;
48.9225;38.5174;7.98;
50.8422;-58.8332;7.98;
51.3127;-15.0392;7.98;
52.9724;56.4404;7.98;
53.6389;-64.7094;7.98;
54.0618;-47.2008;7.98;
56.7337;9.5304;7.98;
57.0013;16.9625;7.98;
57.0789;26.5892;7.98;
59.4154;62.7775;7.98;
59.5644;-48.1704;7.98;
60.8705;57.7136;7.98;
62.6534;38.487;7.98;
65.1082;-21.3361;7.98;
66.0147;-47.1567;7.98;
67.1961;14.8195;7.98;
67.3233;-57.1878;7.98;
67.6035;39.8735;7.98;
70.0191;52.4862;7.98;
70.3952;-0.744;7.98;
72.2371;-7.1101;7.98;
72.5354;-30.2603;7.98;
73.7785;-62.7954;7.98;
73.9236;20.0022;7.98;
74.1814;-46.5349;7.98;
74.2196;58.0994;7.98;
74.974;53.4521;7.98;
75.0065;10.3908;7.98;
76.8996;4.5418;7.98;
77.1761;15.1038;7.98;
82.3641;-0.0423;7.98;
82.7709;3.3533;7.98;
84.2296;61.2325;7.98;
84.6609;32.6757;7.98;
84.6927;-17.0708;7.98;
85.8076;-46.4538;7.98;
86.1061;-5.4648;7.98;
86.6027;47.903;7.98;
86.7761;-10.6302;7.98;
87.1614;51.1653;7.98;
89.3092;-69.4779;7.98;
89.6714;-52.7924;7.98;
89.8189;4.4658;7.98;
90.4231;-56.9853;7.98;
91.2343;-5.3431;7.98;
91.864;8.2705;7.98;
92.4077;-59.5221;7.98;
94.7143;-73.3609;7.98;
96.1022;-27.3145;7.98;
97.0449;-4.899;7.98;
98.8139;3.9689;7.98;
98.87;5.5126;7.98;
100.0417;67.3235;7.98;
101.3699;-36.8494;7.98;
101.9414;31.7027;7.98;
102.1561;76.99;7.98;
102.6895;-29.4476;7.98;
103.4339;65.0024;7.98;
104.3447;-16.3857;7.98;
104.6638;64.5925;7.98;
105.4108;48.3787;7.98;
106.3198;-12.3262;7.98;
107.3928;69.3595;7.98;
107.6624;-1.8429;7.98;
108.3295;-83.9238;7.98;
109.2761;-4.3811;7.98;
109.7287;25.9414;7.98;
110.2711;-41.1973;7.98;
111.1304;-43.4644;7.98;
112.0782;-48.8129;7.98;
113.6626;-52.81;7.98;
114.1495;-67.6133;7.98;
114.5058;-43.6414;7.98;
114.6958;-44.83;7.98;
114.7525;0.9613;7.98;
115.2166;-7.2919;7.98;
115.5309;-46.6579;7.98;
116.6425;-6.3401;7.98;
117.1202;59.0849;7.98;
117.3851;-21.285;7.98;
117.6599;15.9683;7.98;
119.8448;15.3655;7.98;
119.9725;9.8987;7.98;
120.0964;-42.275;7.98;
120.3848;-45.2314;7.98;
121.2464;-58.359;7.98;
127.0374;47.3022;7.98;
127.8502;53.1222;7.98;
127.9191;-55.8006;7.98;
128.0473;-56.6339;7.98;
130.1701;60.6231;7.98;
131.3497;46.1711;7.98;
132.2525;41.1081;7.98;
134.3809;-7.4106;7.98;
137.9705;-45.2348;7.98;
138.6189;-33.4236;7.98;
140.6968;-30.5254;7.98;
141.3277;-0.8372;7.98;
142.3913;-41.9101;7.98;
142.8612;-18.417;7.98;
145.0086;-30.4998;7.98;
147.5175;-29.9054;7.98;
149.3476;19.2894;7.98;
151.2644;15.1345;7.98;
151.553;-36.3861;7.98;
153.2082;-7.8705;7.98;
153.917;-51.2567;7.98;
155.0103;33.5548;7.98;
156.2082;-24.972;7.98;
158.9623;-51.4285;7.98;
159.5297;-60.549;7.98;
161.2268;48.546;7.98;
161.372;1.0108;7.98;
161.7291;-44.278;7.98;
161.9725;-20.3396;7.98;
163.2046;-3.9172;7.98;
167.9251;26.832;7.98;
171.2679;-53.0221;7.98;
171.3809;-41.3979;7.98;
173.9278;-70.2072;7.98;
175.3356;44.0076;7.98;
179.1938;32.203;7.98;
180.0571;-52.854;7.98;
180.1386;-56.3758;7.98;
182.3835;-21.0531;7.98;
185.2048;-64.9604;7.98;
185.458;40.7093;7.98;
186.9433;-2.3853;7.98;
188.5233;-32.489;7.98;
189.3914;-58.0887;7.98;
190.0995;59.5257;7.98;
192.1359;-52.6243;7.98;
192.3059;-60.662;7.98;
194.0177;-20.2144;7.98;
194.4028;-32.3004;7.98;
195.7165;-18.4383;7.98;
198.3684;56.6809;7.98;
198.8098;-18.9199;7.98;
203.2147;49.1401;7.98;
203.385;8.5868;7.98;
203.51;76.2959;7.98;
203.9449;-65.3245;7.98;
205.438;4.7708;7.98;
206.1052;69.2199;7.98;
207.2559;-22.7238;7.98;
208.4708;-30.0108;7.98;
209.0853;5.2897;7.98;
211.0122;-37.7724;7.98;
211.9078;-48.186;7.98;
212.3546;40.0393;7.98;
213.4141;24.7782;7.98;
213.9593;-16.0814;7.98;
215.7342;-10.7507;7.98;
216.0484;25.7037;7.98;
217.0058;66.3405;7.98;
220.1183;30.5205;7.98;
221.5128;27.5123;7.98;
222.4961;-13.5086;7.98;
223.5081;-31.6289;7.98;
226.9938;-14.5924;7.98;
227.0004;-0.0557;7.98;
227.4172;-61.4871;7.98;
227.5826;-48.9959;7.98;
228.5693;20.5749;7.98;
235.1192;-63.8381;7.98;
236.1617;77.1505;7.98;
242.5105;82.079;7.98;
243.2108;-28.132;7.98;
243.4644;40.3488;7.98;
243.7779;65.0723;7.98;
245.9639;-30.1814;7.98;
246.2644;-36.1442;7.98;
246.3621;17.3029;7.98;
247.7321;38.0646;7.98;
249.0102;-62.5402;7.98;
250.631;-55.844;7.98;
252.7928;-19.1867;7.98;
255.0069;-7.5317;7.98;
255.8182;-68.8439;7.98;
256.3478;-58.0766;7.98;
257.9823;63.1267;7.98;
258.9584;6.8435;7.98;
260.0001;-0.3257;7.98;
263.2874;23.9207;7.98;
263.6189;68.1194;7.98;
264.0647;-63.1935;7.98;
265.5724;-49.2709;7.98;
265.7644;37.5697;7.98;
268.375;-36.5086;7.98;
271.6077;62.9523;7.98;
273.3283;9.097;7.98;
273.6716;-53.0783;7.98;
273.8397;-31.7396;7.98;
274.3584;-14.849;7.98;
274.4123;20.443;7.98;
275.6968;-42.6013;7.98;
277.1379;-46.7489;7.98;
277.7615;-63.041;7.98;
277.8752;45.0098;7.98;
279.3252;12.2684;7.98;
279.4276;-7.3367;7.98;
281.5818;5.1531;7.98;
282.2792;-86.1954;7.98;
283.1524;26.6889;7.98;
283.8284;-37.4984;7.98;
286.312;-16.8668;7.98;
286.7851;-44.2258;7.98;
287.2344;-28.741;7.98;
289.6967;-5.7724;7.98;
290.0559;-36.2277;7.98;
293.4464;43.5173;7.98;
293.5479;28.4157;7.98;
296.4812;-57.5473;7.98;
297.3619;28.6102;7.98;
297.9936;-38.4023;7.98;
298.2213;-76.1794;7.98;
298.5719;9.1855;7.98;
299.4972;27.2334;7.98;
300.431;33.0669;7.98;
302.1629;31.5436;7.98;
303.0709;57.3872;7.98;
303.7911;-3.506;7.98;
305.1628;35.2523;7.98;
305.9689;-60.6096;7.98;
306.5422;38.8614;7.98;
307.001;59.7345;7.98;
310.4233;38.2394;7.98;
311.6283;12.6221;7.98;
312.0581;-78.9511;7.98;
312.3126;62.5297;7.98;
312.8574;27.4287;7.98;
314.1822;12.9927;7.98;
314.6309;40.6988;7.98;
314.8654;-16.8796;7.98;
315.4312;29.6301;7.98;
315.5616;30.5219;7.98;
316.2977;-32.3446;7.98;
317.2945;30.3765;7.98;
318.489;-20.0879;7.98;
319.0735;21.9136;7.98;
320.021;-69.0108;7.98;
322.8772;48.2782;7.98;
323.2602;17.7229;7.98;
324.1349;-43.8475;7.98;
327.2779;42.3582;7.98;
327.5388;60.18;7.98;
327.8817;-27.3991;7.98;
329.2217;17.4398;7.98;
329.6524;6.0139;7.98;
332.5843;66.3042;7.98;
332.7575;-39.5476;7.98;
333.5374;46.7034;7.98;
334.8546;12.4598;7.98;
335.0174;-33.6878;7.98;
335.6413;9.9402;7.98;
336.3484;74.8282;7.98;
336.5282;-44.9981;7.98;
336.7709;65.4662;7.98;
337.0468;-27.2077;7.98;
337.1811;26.7257;7.98;
343.3001;45.6931;7.98;
343.63;77.8426;7.98;
343.9461;43.5593;7.98;
344.2973;17.5282;7.98;
346.1048;56.4568;7.98;
348.9742;34.6879;7.98;
349.1172;-10.2116;7.98;
350.4107;-71.5746;7.98;
351.6541;56.8865;7.98;
351.7505;42.2053;7.98;
352.0029;21.3621;7.98;
352.4829;1.1638;7.98;
354.2868;14.78;7.98;
354.4978;52.8219;7.98;
356.5513;50.7866;7.98;
356.9085;27.1797;7.98;
359.6303;-24.1694;7.98;
1.8103;20.5557;7.99;
3.5692;-8.8325;7.99;
3.7883;34.8682;7.99;
5.8174;-76.7243;7.99;
7.9573;4.8462;7.99;
10.208;4.4783;7.99;
10.3007;39.6038;7.99;
11.7421;-11.1629;7.99;
13.1737;31.3946;7.99;
13.2425;63.9245;7.99;
14.4259;2.0938;7.99;
15.8157;-26.1801;7.99;
18.3183;-70.8811;7.99;
23.9124;-39.8384;7.99;
24.3587;-15.9977;7.99;
24.4883;59.299;7.99;
25.9449;-50.6413;7.99;
26.4395;46.7011;7.99;
29.6349;45.1228;7.99;
30.0222;-13.5461;7.99;
31.183;-82.2994;7.99;
32.0;-21.3475;7.99;
33.2781;58.7994;7.99;
34.1156;12.3798;7.99;
34.2961;-19.9969;7.99;
36.854;40.9396;7.99;
36.8697;41.0483;7.99;
37.3844;5.7672;7.99;
37.7474;-45.6684;7.99;
37.981;46.1948;7.99;
39.6059;57.0462;7.99;
39.9627;32.8147;7.99;
40.0376;16.7269;7.99;
41.5941;50.6168;7.99;
42.1391;25.2961;7.99;
42.4336;35.1786;7.99;
43.5815;-42.5684;7.99;
44.7851;-4.7833;7.99;
45.3668;25.1265;7.99;
46.1039;50.0324;7.99;
47.4014;5.2029;7.99;
47.7899;6.8671;7.99;
47.82;-75.8119;7.99;
49.2764;67.0908;7.99;
49.5269;4.9694;7.99;
50.7272;-27.3018;7.99;
52.5542;68.4335;7.99;
53.452;18.2278;7.99;
53.7644;11.0458;7.99;
54.5433;-7.4833;7.99;
55.1215;28.6375;7.99;
55.5077;-59.996;7.99;
56.2862;48.4873;7.99;
56.7818;-11.4894;7.99;
56.9826;-15.1048;7.99;
57.9275;-22.9316;7.99;
58.4082;81.5485;7.99;
59.2598;-18.5539;7.99;
59.8651;36.3185;7.99;
61.1634;56.7421;7.99;
61.6726;25.7221;7.99;
62.1567;-34.1193;7.99;
62.2552;-17.6133;7.99;
62.6713;70.3288;7.99;
63.7452;-0.9975;7.99;
64.7612;-7.4231;7.99;
64.7982;-58.7466;7.99;
64.9104;2.9922;7.99;
64.9498;-18.5196;7.99;
65.4246;41.4074;7.99;
69.3141;-79.4592;7.99;
71.4844;4.36;7.99;
71.9224;-0.0888;7.99;
72.8979;-14.5887;7.99;
73.4705;77.5659;7.99;
74.7198;24.4957;7.99;
75.0323;-41.0479;7.99;
75.4343;20.8298;7.99;
76.5225;48.6597;7.99;
78.0483;24.2792;7.99;
79.8932;-9.7008;7.99;
80.1562;-5.8226;7.99;
80.7923;1.1396;7.99;
81.7985;-19.0957;7.99;
83.0753;17.7436;7.99;
84.1042;32.0035;7.99;
84.8546;-11.2102;7.99;
86.4005;54.0881;7.99;
86.6287;-12.7288;7.99;
87.6559;-53.4173;7.99;
87.6625;-65.2601;7.99;
88.8381;64.322;7.99;
88.9219;52.9778;7.99;
89.7941;-33.8186;7.99;
90.0011;-21.4144;7.99;
91.734;16.1771;7.99;
91.8333;18.7937;7.99;
93.1737;51.6863;7.99;
93.3074;-30.0862;7.99;
95.096;-1.2954;7.99;
97.0726;-13.0531;7.99;
97.3288;-61.0059;7.99;
98.3664;-29.2099;7.99;
98.8373;-37.4492;7.99;
98.8965;57.9862;7.99;
99.4239;-77.5386;7.99;
100.2687;-71.1258;7.99;
101.2157;49.3436;7.99;
101.6939;-44.9741;7.99;
102.0001;11.4829;7.99;
102.2836;8.3492;7.99;
102.5494;39.9531;7.99;
102.7095;19.9906;7.99;
103.0402;-30.4269;7.99;
104.2203;-5.4791;7.99;
104.2433;-34.3931;7.99;
106.7978;-40.5378;7.99;
107.954;19.8856;7.99;
109.2378;-30.9075;7.99;
109.6588;11.0703;7.99;
110.3128;-35.4961;7.99;
110.4996;39.96;7.99;
110.8944;-31.2999;7.99;
110.9209;57.5772;7.99;
111.1052;34.2362;7.99;
111.3658;46.8103;7.99;
112.6884;-6.7179;7.99;
113.207;-7.2849;7.99;
113.8366;8.5161;7.99;
114.3298;64.6433;7.99;
114.6451;-54.6366;7.99;
116.3274;-0.4382;7.99;
116.4224;34.5554;7.99;
116.9417;-19.9847;7.99;
117.6427;-1.6098;7.99;
117.8508;14.1705;7.99;
118.0943;3.8431;7.99;
118.9304;-38.3368;7.99;
119.0905;-7.9912;7.99;
121.7012;9.7673;7.99;
121.9518;36.2438;7.99;
122.1319;71.2697;7.99;
122.9889;-51.9626;7.99;
123.7529;-30.4193;7.99;
124.1078;35.5507;7.99;
124.2771;-10.864;7.99;
124.412;0.4794;7.99;
125.5355;-43.6628;7.99;
125.6082;49.4787;7.99;
125.8806;23.5345;7.99;
126.1661;-32.924;7.99;
127.7814;9.1984;7.99;
130.1521;14.379;7.99;
131.2696;-15.4248;7.99;
131.5048;57.4351;7.99;
131.5479;14.0621;7.99;
132.6387;17.032;7.99;
132.7521;40.941;7.99;
132.7676;0.4697;7.99;
133.0986;-53.3258;7.99;
134.7472;3.6561;7.99;
136.2032;-25.6625;7.99;
136.9142;28.0059;7.99;
136.9736;22.4565;7.99;
137.0548;-57.5556;7.99;
138.3287;-53.9837;7.99;
139.9601;-71.0093;7.99;
140.1145;-43.034;7.99;
141.6058;-46.1255;7.99;
141.732;49.6925;7.99;
141.9577;45.7532;7.99;
142.4079;-54.7226;7.99;
142.7552;10.1554;7.99;
142.8963;-51.2519;7.99;
143.0493;-3.515;7.99;
143.4108;18.7366;7.99;
143.7051;-50.5625;7.99;
144.1411;54.1222;7.99;
144.7009;-36.5293;7.99;
145.1908;32.9993;7.99;
147.523;51.4109;7.99;
149.8169;-46.2942;7.99;
150.1662;28.1736;7.99;
150.6232;14.557;7.99;
150.824;8.2278;7.99;
151.2692;-55.7675;7.99;
152.0265;69.9337;7.99;
152.2501;-49.7833;7.99;
154.5268;-40.2394;7.99;
155.0291;-4.3434;7.99;
156.8971;-3.5187;7.99;
156.9087;-53.9039;7.99;
158.0704;12.9192;7.99;
158.6376;56.164;7.99;
160.1967;-26.7854;7.99;
160.6666;-17.7294;7.99;
160.7901;4.6677;7.99;
161.5888;55.1725;7.99;
162.4938;-7.4824;7.99;
162.5551;60.6091;7.99;
163.2718;-40.4173;7.99;
163.69;-8.3789;7.99;
164.4473;-71.1074;7.99;
165.0735;-11.7849;7.99;
165.6943;-75.5942;7.99;
170.4938;-13.2108;7.99;
170.8463;-12.0994;7.99;
173.0537;38.9258;7.99;
174.1607;12.1773;7.99;
175.4092;4.5905;7.99;
175.8465;-54.3058;7.99;
176.3832;-71.2449;7.99;
177.2137;18.8231;7.99;
178.8403;-63.7036;7.99;
179.6959;-14.8658;7.99;
181.503;-13.3168;7.99;
183.5169;12.1474;7.99;
184.008;-65.1926;7.99;
184.2359;27.7397;7.99;
184.6775;-71.8831;7.99;
185.5715;3.2977;7.99;
185.9747;40.7195;7.99;
188.9319;-12.025;7.99;
189.0223;-42.3096;7.99;
189.7044;-66.6966;7.99;
189.9425;-49.1988;7.99;
189.9732;-3.0663;7.99;
190.0711;21.5199;7.99;
190.1799;-19.7279;7.99;
191.4728;-22.6304;7.99;
191.861;-21.4641;7.99;
192.0266;-0.3593;7.99;
192.4774;-49.869;7.99;
193.1956;-39.3122;7.99;
194.1777;-24.4507;7.99;
196.0249;21.895;7.99;
197.2511;-34.348;7.99;
198.6093;-54.9621;7.99;
200.8068;-62.8714;7.99;
201.7456;11.9086;7.99;
206.9936;-16.065;7.99;
207.0511;-42.1847;7.99;
208.5216;32.8264;7.99;
208.9517;1.5197;7.99;
209.214;-49.1125;7.99;
211.2722;-28.5165;7.99;
212.725;-72.2173;7.99;
213.4423;37.5733;7.99;
213.4485;41.1876;7.99;
213.846;-12.2425;7.99;
215.4551;-10.6668;7.99;
220.3039;40.5637;7.99;
221.1308;-51.1907;7.99;
221.3344;-6.7345;7.99;
222.0645;52.6258;7.99;
223.8575;-44.334;7.99;
224.8447;-69.7072;7.99;
226.3338;-23.7764;7.99;
227.1979;-20.6945;7.99;
228.5875;0.3696;7.99;
228.6429;-45.895;7.99;
229.2946;-34.5771;7.99;
229.605;-65.6041;7.99;
229.7461;25.6917;7.99;
230.3321;13.5169;7.99;
230.8865;-34.7456;7.99;
233.8977;-58.8661;7.99;
235.183;-21.6046;7.99;
235.591;-1.4094;7.99;
236.2865;41.2116;7.99;
236.843;-10.2956;7.99;
239.0148;27.0515;7.99;
239.2887;-5.3983;7.99;
239.313;17.1859;7.99;
240.356;55.5213;7.99;
241.936;-21.4121;7.99;
243.3068;27.0722;7.99;
245.6192;-75.6793;7.99;
246.0471;7.4592;7.99;
246.8569;21.2242;7.99;
250.5509;-67.4853;7.99;
251.0017;9.0216;7.99;
251.1407;-46.786;7.99;
251.1758;-14.0802;7.99;
252.0841;2.7379;7.99;
252.5004;-49.9482;7.99;
252.506;-41.6212;7.99;
252.5368;-67.0263;7.99;
253.5227;27.5911;7.99;
254.6349;43.9959;7.99;
255.4806;7.6586;7.99;
255.5883;40.073;7.99;
255.807;40.9538;7.99;
256.9444;27.1379;7.99;
258.5968;-4.162;7.99;
262.8568;36.5644;7.99;
262.9555;11.9318;7.99;
264.2632;11.6553;7.99;
265.817;17.6897;7.99;
266.4056;-28.4075;7.99;
266.7881;15.0372;7.99;
267.1094;-30.2995;7.99;
267.4639;-53.3261;7.99;
267.6306;57.4435;7.99;
268.5054;73.1213;7.99;
269.8174;-25.8188;7.99;
270.8742;10.2966;7.99;
271.513;41.3984;7.99;
271.5863;-34.3151;7.99;
271.7535;65.888;7.99;
272.2463;-31.16;7.99;
273.6527;-27.9804;7.99;
275.7298;19.1492;7.99;
276.6446;24.3702;7.99;
277.6382;-20.2875;7.99;
278.2869;-1.4623;7.99;
279.2432;-19.1399;7.99;
279.8872;37.5171;7.99;
280.0168;1.2911;7.99;
280.7931;69.3497;7.99;
281.8786;-15.9838;7.99;
282.7414;-30.9614;7.99;
283.168;4.0533;7.99;
283.2465;37.3176;7.99;
283.3664;0.8703;7.99;
283.7453;-53.4371;7.99;
283.9773;46.5133;7.99;
284.6351;14.3638;7.99;
284.6369;26.0617;7.99;
285.7354;56.6149;7.99;
286.3012;-73.7791;7.99;
286.7376;-1.7341;7.99;
287.8572;7.9781;7.99;
287.8701;22.3831;7.99;
288.3036;-63.877;7.99;
289.208;-48.6336;7.99;
290.3713;13.2577;7.99;
291.223;1.8348;7.99;
291.5905;-65.1963;7.99;
291.7405;-0.9119;7.99;
292.6677;-59.2216;7.99;
293.5759;-56.4179;7.99;
293.7863;51.344;7.99;
295.5052;31.4954;7.99;
296.0183;3.5077;7.99;
297.019;81.5862;7.99;
299.5384;-83.782;7.99;
300.2484;37.6989;7.99;
300.3325;-14.7432;7.99;
301.6153;70.6598;7.99;
301.6358;-21.6768;7.99;
302.3689;51.6744;7.99;
303.11;53.9051;7.99;
304.2501;37.4233;7.99;
304.5464;49.0433;7.99;
305.5331;28.8414;7.99;
305.7066;-50.4929;7.99;
305.9759;-66.1789;7.99;
306.1083;38.965;7.99;
308.039;-45.3554;7.99;
310.355;54.2094;7.99;
310.8546;23.6447;7.99;
310.9141;-23.4702;7.99;
311.808;51.7948;7.99;
312.2901;-48.7694;7.99;
313.3919;-14.4204;7.99;
314.1419;-1.0635;7.99;
314.9467;77.4559;7.99;
315.4804;-42.0797;7.99;
315.4936;36.7011;7.99;
315.8001;31.9979;7.99;
315.9044;-12.8497;7.99;
316.1372;50.7842;7.99;
318.0111;-24.1215;7.99;
318.5481;26.2604;7.99;
318.5642;-56.2515;7.99;
319.2774;22.5312;7.99;
321.632;33.586;7.99;
321.9376;-8.3598;7.99;
322.0509;-21.7263;7.99;
322.7582;11.3738;7.99;
323.5845;45.9954;7.99;
324.1409;32.1028;7.99;
324.3556;75.2221;7.99;
324.7673;20.6016;7.99;
325.2539;-70.8071;7.99;
325.6387;-15.7616;7.99;
328.2667;17.9039;7.99;
328.9994;-30.9234;7.99;
329.0878;-36.8139;7.99;
331.3955;36.3849;7.99;
333.2225;44.771;7.99;
334.6931;19.2859;7.99;
337.1438;58.54;7.99;
337.5605;22.4667;7.99;
337.9328;34.6648;7.99;
339.4279;-29.0445;7.99;
340.562;-34.2774;7.99;
340.9186;30.0925;7.99;
341.3311;57.1404;7.99;
341.8404;17.8128;7.99;
341.9828;66.9285;7.99;
342.5593;-7.4598;7.99;
347.2231;71.3103;7.99;
350.8042;-24.6162;7.99;
352.1391;48.6444;7.99;
352.9376;-14.8067;7.99;
354.944;70.7837;7.99;
355.5045;-67.7706;7.99;
355.5528;-53.4233;7.99;
355.9159;-63.961;7.99;
356.1195;-14.42;7.99;
356.5111;-15.1342;7.99;
357.3929;4.8937;7.99;
358.579;25.1334;7.99;
358.8479;-4.9015;7.99;
359.104;55.9904;7.99;
2.0923;3.4406;8;
6.4184;22.9452;8;
6.9278;22.0957;8;
7.2805;-27.0103;8;
8.8532;25.1038;8;
8.8544;-24.8642;8;
10.2344;-7.1134;8;
10.6117;58.5701;8;
12.5044;38.739;8;
12.7836;63.1017;8;
14.5784;4.2966;8;
14.7796;39.6188;8;
16.8555;33.996;8;
18.7132;9.7411;8;
19.1244;-4.8621;8;
19.6712;-0.8676;8;
21.8747;30.5117;8;
23.1919;13.1613;8;
28.5829;52.6549;8;
34.1351;48.8783;8;
35.598;37.6988;8;
35.7296;-31.4008;8;
36.54;34.4695;8;
36.7445;22.8787;8;
37.5209;56.6735;8;
37.5587;48.5015;8;
38.3866;57.5374;8;
38.4759;31.5806;8;
41.9904;-24.7997;8;
42.1274;50.8974;8;
48.4233;-45.5949;8;
48.828;14.3031;8;
49.644;-51.297;8;
49.897;67.2375;8;
50.8017;-26.1163;8;
51.7475;24.8237;8;
52.0543;7.3022;8;
52.806;19.7835;8;
58.1139;76.6092;8;
58.2473;26.6785;8;
60.4931;62.5141;8;
61.0086;3.8406;8;
61.1243;-6.1728;8;
61.1271;41.1006;8;
61.2407;37.0875;8;
62.43;35.9774;8;
63.0467;-13.6372;8;
63.0652;36.813;8;
64.7099;65.2518;8;
66.2194;-77.685;8;
67.146;-29.7568;8;
70.8976;27.6874;8;
75.3288;-17.5578;8;
76.6322;74.0921;8;
76.7593;51.7062;8;
78.6435;-13.9244;8;
79.0526;42.7563;8;
80.4934;-38.4886;8;
82.0053;-60.6797;8;
82.3552;-66.439;8;
83.1842;45.4913;8;
83.3069;51.4704;8;
83.8352;13.2844;8;
84.9385;4.4346;8;
88.0661;72.4779;8;
88.656;15.5077;8;
89.2808;22.8389;8;
89.8346;46.9184;8;
91.3299;-46.9494;8;
92.241;-38.0648;8;
92.6531;3.8717;8;
94.4201;-40.6585;8;
95.333;-75.128;8;
95.8528;15.1018;8;
96.0152;-39.7028;8;
96.5751;-10.0413;8;
96.6699;3.4249;8;
98.1801;-7.509;8;
99.4244;2.1008;8;
100.4517;-14.4744;8;
100.5667;12.0079;8;
100.7599;-37.3699;8;
101.2464;10.7526;8;
101.814;-23.0535;8;
101.9133;-24.9434;8;
103.323;-11.2257;8;
104.1421;-3.7845;8;
104.4211;1.4913;8;
105.442;20.0548;8;
106.8484;-14.0519;8;
106.9457;-67.9369;8;
107.2707;15.4216;8;
110.6479;13.9388;8;
111.4124;7.5608;8;
114.0585;32.8361;8;
114.1965;-14.5616;8;
114.8136;0.1104;8;
115.0399;57.2621;8;
115.2916;-17.145;8;
115.8988;-21.2816;8;
116.1923;76.0759;8;
116.7084;-29.9484;8;
118.783;6.996;8;
119.3025;-14.5911;8;
119.5505;-39.6131;8;
121.0972;-54.9954;8;
122.5134;-41.1563;8;
123.3314;-18.1395;8;
123.9406;-30.579;8;
124.2553;-45.752;8;
125.0797;57.3048;8;
125.5671;56.8365;8;
125.6452;45.3511;8;
127.1547;-68.6168;8;
127.2399;-30.8494;8;
127.9843;-26.7037;8;
128.119;-55.4093;8;
128.1593;15.7395;8;
128.6107;-34.1937;8;
129.3601;20.4871;8;
129.4503;-12.5367;8;
129.621;14.8582;8;
130.1757;55.6677;8;
131.4739;-56.1121;8;
132.6963;-54.113;8;
132.8591;57.5273;8;
133.3454;-22.993;8;
133.6615;-74.0435;8;
134.3013;-61.5631;8;
136.2479;-3.9875;8;
137.6505;1.0867;8;
137.7005;-17.8057;8;
137.8241;-14.9474;8;
137.8411;25.4199;8;
139.5319;8.2391;8;
139.8528;-77.6434;8;
140.2099;-24.0979;8;
140.6693;25.7582;8;
143.7352;-64.9995;8;
147.1495;-0.8104;8;
147.2356;-47.9125;8;
147.2876;36.5298;8;
148.2143;22.6202;8;
148.5281;-25.4696;8;
148.8927;18.8212;8;
148.8965;-1.1263;8;
151.653;65.3298;8;
154.5236;-40.5712;8;
155.2652;27.7302;8;
155.321;-44.5397;8;
155.3312;33.4723;8;
156.8881;33.0415;8;
158.2104;-33.3696;8;
159.0379;47.7536;8;
160.9739;-6.0783;8;
162.7331;-77.1246;8;
163.3112;-30.0964;8;
164.8376;15.5404;8;
166.1569;-22.7827;8;
166.914;13.4989;8;
167.517;-60.9792;8;
167.8349;-54.557;8;
168.3342;-22.037;8;
169.7219;-11.7684;8;
170.0793;-23.7253;8;
170.148;62.3642;8;
170.2157;-23.2173;8;
171.2411;-35.921;8;
171.2422;-71.8105;8;
172.7179;-37.644;8;
173.3003;33.1328;8;
174.0937;-55.739;8;
174.8273;-26.8445;8;
179.4424;-8.2753;8;
186.904;61.1527;8;
187.8027;-61.9087;8;
188.5868;6.3788;8;
189.8691;-19.239;8;
190.1463;7.6998;8;
190.7695;24.2999;8;
194.615;-1.0518;8;
195.0191;0.3075;8;
196.0124;72.4025;8;
196.31;-69.5964;8;
197.7156;-39.4927;8;
197.8874;7.4047;8;
200.7075;-21.4141;8;
205.1963;-28.2418;8;
206.5843;27.1928;8;
208.092;-62.775;8;
210.7976;-39.7028;8;
210.8178;-7.1398;8;
215.593;66.5463;8;
218.8478;-67.4308;8;
219.0499;40.2523;8;
220.8398;-41.0242;8;
221.5826;-79.1199;8;
221.7733;-11.3692;8;
222.8778;-47.0834;8;
223.4444;-0.4247;8;
223.944;39.6485;8;
224.0106;-15.6565;8;
226.0836;13.6473;8;
227.0524;-7.9132;8;
227.3468;-57.0672;8;
228.9839;-56.2847;8;
231.1309;-43.9274;8;
232.8122;-65.541;8;
234.4398;-3.6052;8;
234.8793;-1.0652;8;
235.7566;80.1229;8;
236.8802;-21.2337;8;
237.6427;-44.5651;8;
238.2232;-76.1492;8;
239.7172;-38.9976;8;
240.0111;-7.1227;8;
241.3704;-26.9594;8;
241.5052;13.3292;8;
244.4533;10.2848;8;
245.4297;-79.832;8;
245.9493;42.1113;8;
248.362;-37.2447;8;
249.1625;69.7931;8;
249.6316;46.3939;8;
249.7887;-75.4887;8;
250.461;-54.7497;8;
251.2883;-65.0706;8;
251.5992;47.5433;8;
252.953;59.3104;8;
254.5996;-67.5206;8;
254.6953;27.645;8;
255.2261;39.544;8;
255.8302;-19.4925;8;
255.9038;46.0239;8;
256.0049;-2.5839;8;
259.6658;16.2834;8;
260.6747;-20.2261;8;
262.012;27.6693;8;
262.3033;22.1324;8;
262.7117;34.2681;8;
262.798;28.1364;8;
263.6226;-1.7606;8;
264.0898;-58.3671;8;
266.9396;34.9232;8;
267.4645;2.9633;8;
267.7181;-33.7057;8;
268.4187;56.392;8;
270.8472;-62.1337;8;
272.1915;-70.0797;8;
275.8506;62.7801;8;
276.4331;-23.0809;8;
276.6632;35.7135;8;
276.7575;7.7327;8;
276.7646;-69.3811;8;
277.8848;-67.955;8;
278.4379;-25.4489;8;
278.7136;14.7328;8;
278.8353;-22.0909;8;
279.5688;22.5379;8;
280.3406;7.9037;8;
280.7017;20.6777;8;
280.928;-22.6705;8;
283.2311;21.4566;8;
284.2623;25.9995;8;
284.5853;8.5391;8;
285.1437;18.4635;8;
286.4133;27.2852;8;
287.2784;32.2687;8;
288.1049;-33.0621;8;
288.691;4.6201;8;
289.1009;67.1352;8;
289.888;-42.0652;8;
290.1419;-6.7477;8;
291.5229;42.3262;8;
292.1602;59.764;8;
293.2471;6.073;8;
294.1437;31.236;8;
296.6433;10.4602;8;
296.7607;4.5285;8;
297.6652;-25.3053;8;
297.6705;34.9501;8;
297.6995;57.7461;8;
299.309;-30.1998;8;
299.537;19.6684;8;
300.2566;48.2577;8;
301.4282;3.6726;8;
302.4967;-41.8463;8;
302.9495;-52.2463;8;
304.5576;24.5014;8;
304.7288;60.6179;8;
305.0568;0.7408;8;
305.5533;-15.6257;8;
305.7142;27.1318;8;
305.7611;42.994;8;
306.7854;-11.5474;8;
306.89;-39.5322;8;
307.5373;37.167;8;
308.1003;5.2745;8;
308.2884;22.1493;8;
310.9249;-40.0603;8;
312.2008;-72.2121;8;
313.9306;32.1694;8;
314.8086;37.9301;8;
314.8465;36.4288;8;
316.3751;29.0962;8;
316.4106;-14.9049;8;
316.5081;-57.5925;8;
317.1115;56.1045;8;
320.3173;-8.2669;8;
320.4443;-43.4003;8;
321.8161;-34.9029;8;
323.4718;10.6824;8;
324.1527;-9.0468;8;
326.4693;70.3481;8;
328.1809;-36.0001;8;
330.2122;7.8524;8;
330.4755;4.7705;8;
330.776;-50.3166;8;
331.2968;-41.5629;8;
331.6935;-6.7294;8;
332.9943;37.6512;8;
336.0274;-26.3733;8;
337.3231;65.1133;8;
339.9867;-47.7444;8;
343.2773;-25.1481;8;
345.1031;35.7719;8;
345.541;-14.9762;8;
347.5693;-35.3988;8;
351.7093;67.8668;8;
352.7738;-74.1345;8;
353.227;3.3817;8;
353.3563;74.2258;8;
354.7513;17.0142;8;
356.0759;0.7123;8;
356.898;46.0181;8;
357.8624;-41.7726;8;
358.8839;48.9347;8;
